id,cache_key,repeat_idx,query_id,route_id,prompt_version,model_version,prediction,reference,exact_match,lenient_em,token_f1,judge_score,judge_model,tokens_in,tokens_out,gpu_seconds,concurrency,cloud_spend_usd,amortized_usd,latency_ms_total,latency_ms_retrieval,latency_ms_llm,latency_ms_verify,git_sha,config_hash,created_at,generator_mode,retrieval_mode,temperature,seed
1,c36454d4132a3038240bed3dcbc394ce1d8a71f2625acedbcaed6687d38bd6c2,0,hotpotqa:0000,L0,v1,Qwen/Qwen2.5-1.5B-Instruct,The Industrial Revolution directly followed the Renaissance.,Industrial Revolution,0,0,0.5714285714285715,,judge-stub/unwired,15,8,0.3740757430005033,1,0.0,3.636847501393781e-05,380.8096770026168,6.7339340021135285,374.0757430005033,0.0,19e1267e270fb26a4e6da10a2e33f407c4cde82d,7fdc85f695827cd40610ae43ca440f13cb399989fda72657811baf795f8607dc,2026-09-19T13:50:55.501327+00:00,measured,measured,0.0,0
2,1352954969dfcb38ec1be721f16a73777f7120ea42afd5b17c5cd1511fe49055,1,hotpotqa:0000,L0,v1,Qwen/Qwen2.5-1.5B-Instruct,The Industrial Revolution directly followed the Renaissance.,Industrial Revolution,0,0,0.5714285714285715,,judge-stub/unwired,15,8,0.3751401910003551,1,0.0,3.647196301392341e-05,379.4071550028093,4.266964002454188,375.1401910003551,0.0,19e1267e270fb26a4e6da10a2e33f407c4cde82d,7fdc85f695827cd40610ae43ca440f13cb399989fda72657811baf795f8607dc,2026-09-19T13:50:56.131649+00:00,measured,measured,0.0,0
3,1b2fde0136c9e90a7cc84fc49544b4de4a14ae52bb0c22c62bae6643f0714a93,2,hotpotqa:0000,L0,v1,Qwen/Qwen2.5-1.5B-Instruct,The Industrial Revolution was a result of advancements during the Renaissance.,Industrial Revolution,0,0,0.4,,judge-stub/unwired,15,12,0.5348690529999658,1,0.0,5.200115793055222e-05,541.287024999292,6.417971999326255,534.8690529999658,0.0,19e1267e270fb26a4e6da10a2e33f407c4cde82d,7fdc85f695827cd40610ae43ca440f13cb399989fda72657811baf795f8607dc,2026-09-19T13:50:56.934348+00:00,measured,measured,0.0,0
4,92ffd23a930745b461f95fe5a1193801126c04a562ec5cdd32ed57f613b0dc1e,0,hotpotqa:0001,L0,v1,Qwen/Qwen2.5-1.5B-Instruct,"The Great Wall of China is older than DNA. It was built over thousands of years, while DNA is a molecular structure that has existed for billions of years.",DNA,0,0,0.07142857142857142,,judge-stub/unwired,20,32,1.3007661370002097,1,0.0,0.00012646337443057593,1305.24820699884,4.4820699986303225,1300.7661370002097,0.0,19e1267e270fb26a4e6da10a2e33f407c4cde82d,7fdc85f695827cd40610ae43ca440f13cb399989fda72657811baf795f8607dc,2026-09-19T13:50:58.513117+00:00,measured,measured,0.0,0
5,01902ed7154fa2f471ffa89468f4b0f672c5c12d2fe4b4719ff3803bdb761bb7,1,hotpotqa:0001,L0,v1,Qwen/Qwen2.5-1.5B-Instruct,"The Great Wall of China is older than DNA. It was built around 221 BC, while DNA was discovered in 1869.",DNA,0,0,0.09523809523809523,,judge-stub/unwired,20,31,1.250757853000323,1,0.0,0.00012160145793058694,1255.3661739966628,4.608320996339899,1250.757853000323,0.0,19e1267e270fb26a4e6da10a2e33f407c4cde82d,7fdc85f695827cd40610ae43ca440f13cb399989fda72657811baf795f8607dc,2026-09-19T13:51:00.017723+00:00,measured,measured,0.0,0
6,ab4e3f0d91f775b16f4fc71d746d463cd45ae0d4431304865478e9c62a24b3ff,2,hotpotqa:0001,L0,v1,Qwen/Qwen2.5-1.5B-Instruct,"The Great Wall of China came first, as it is a physical structure built over thousands of years, while DNA is an abstract molecule found within living organisms.",DNA,0,0,0.07692307692307693,,judge-stub/unwired,20,31,1.280337535000399,1,0.0,0.000124477260347261,1288.2461310027793,7.908596002380364,1280.337535000399,0.0,19e1267e270fb26a4e6da10a2e33f407c4cde82d,7fdc85f695827cd40610ae43ca440f13cb399989fda72657811baf795f8607dc,2026-09-19T13:51:01.568472+00:00,measured,measured,0.0,0
7,93c4b75001a9f98bca98f1fed6950d39d929089e4808ce2ad65cfb727bf864d3,0,hotpotqa:0002,L0,v1,Qwen/Qwen2.5-1.5B-Instruct,"The connection between neural networks and Mount Everest is not directly historical but relates to a scientific metaphor. Neural networks are computational models inspired by the human brain, often used in artificial intelligence applications. This concept has been applied metaphorically to describe the complex processes involved in reaching the top of Mount Everest, such as overcoming challenges, pushing limits, and achieving success through perseverance and innovation, much like how neurons transmit information across vast distances within the brain. Thus, while there isn't a direct historical link, this metaphor highlights the parallels between cognitive functions in the brain and the achievement of high-altitude goals.",neural networks,0,0,0.041237113402061855,,judge-stub/unwired,16,118,5.515163460999247,1,0.0,0.000536196447597149,5526.7257430004975,11.562282001250423,5515.163460999247,0.0,19e1267e270fb26a4e6da10a2e33f407c4cde82d,7fdc85f695827cd40610ae43ca440f13cb399989fda72657811baf795f8607dc,2026-09-19T13:51:07.347058+00:00,measured,measured,0.0,0
8,b83f6989e989908dea355998db9334f51a31ea56a0298547c5b9de701c12381d,1,hotpotqa:0002,L0,v1,Qwen/Qwen2.5-1.5B-Instruct,Mountaineering expeditions.,neural networks,0,0,0.0,,judge-stub/unwired,16,6,0.2869543289998546,1,0.0,2.789833754165253e-05,292.1746560023166,5.220327002462,286.9543289998546,0.0,19e1267e270fb26a4e6da10a2e33f407c4cde82d,7fdc85f695827cd40610ae43ca440f13cb399989fda72657811baf795f8607dc,2026-09-19T13:51:07.887508+00:00,measured,measured,0.0,0
9,2ccaa494543fd5028d8a9bbbba2fa762a4677fc592464cc4988d5b2667add77a,2,hotpotqa:0002,L0,v1,Qwen/Qwen2.5-1.5B-Instruct,Mountaineering expeditions.,neural networks,0,0,0.0,,judge-stub/unwired,16,6,0.2867531689998941,1,0.0,2.787878031943415e-05,294.7778259995175,8.024656999623403,286.7531689998941,0.0,19e1267e270fb26a4e6da10a2e33f407c4cde82d,7fdc85f695827cd40610ae43ca440f13cb399989fda72657811baf795f8607dc,2026-09-19T13:51:08.431900+00:00,measured,measured,0.0,0
10,53ce3e39cc76fe3d8086c3fbe2197323847720cda9793e45bb2390572bbd2bdc,0,hotpotqa:0003,L0,v1,Qwen/Qwen2.5-1.5B-Instruct,"DNA came before World War II. The genetic code was discovered in 1953, long before the conflict began in 1939.",World War II,0,0,0.2857142857142857,,judge-stub/unwired,19,31,1.284139057000175,1,0.0,0.0001248468527639059,1288.6754900000597,4.53643299988471,1284.139057000175,0.0,19e1267e270fb26a4e6da10a2e33f407c4cde82d,7fdc85f695827cd40610ae43ca440f13cb399989fda72657811baf795f8607dc,2026-09-19T13:51:09.991603+00:00,measured,measured,0.0,0
11,a7b8bcbd725b5888b9a2b42212065971cc47c2e258aae01a7242bd27d97591f4,1,hotpotqa:0003,L0,v1,Qwen/Qwen2.5-1.5B-Instruct,"DNA came before World War II. It was discovered in 1869 by Frederick Gowland Hopkins, while WWII began in 1939.",World War II,0,0,0.2608695652173913,,judge-stub/unwired,19,32,1.3463537759998871,1,0.0,0.00013089550599998902,1355.0290080056584,8.67523200577125,1346.3537759998871,0.0,19e1267e270fb26a4e6da10a2e33f407c4cde82d,7fdc85f695827cd40610ae43ca440f13cb399989fda72657811baf795f8607dc,2026-09-19T13:51:11.608849+00:00,measured,measured,0.0,0
12,172b1c68504025b99f72de85f698a9763264b8185f1921e808a546ed1d3af082,2,hotpotqa:0003,L0,v1,Qwen/Qwen2.5-1.5B-Instruct,"DNA came before World War II. DNA was discovered in 1953, while World War II ended in 1945.",World War II,0,0,0.2857142857142857,,judge-stub/unwired,19,29,1.210180207999656,1,0.0,0.00011765640911107767,1214.9433820013655,4.763174001709558,1210.180207999656,0.0,19e1267e270fb26a4e6da10a2e33f407c4cde82d,7fdc85f695827cd40610ae43ca440f13cb399989fda72657811baf795f8607dc,2026-09-19T13:51:13.061244+00:00,measured,measured,0.0,0
13,5cd1aca8643d1253fa5490c8439f35501d04d0326dfeef48193a85de4da0edf6,0,hotpotqa:0004,L0,v1,Qwen/Qwen2.5-1.5B-Instruct,"The Great Wall of China was built much earlier, predating World War II by several centuries.",Great Wall of China,0,0,0.4210526315789474,,judge-stub/unwired,22,19,0.8025235219993192,1,0.0,7.802312019437825e-05,807.4305009959062,4.906978996586986,802.5235219993192,0.0,19e1267e270fb26a4e6da10a2e33f407c4cde82d,7fdc85f695827cd40610ae43ca440f13cb399989fda72657811baf795f8607dc,2026-09-19T13:51:14.133427+00:00,measured,measured,0.0,0
14,5759a711b1ca7f790bd2c2c4b4e8143d26cc16f92f4d64124343267dd2c4ce35,1,hotpotqa:0004,L0,v1,Qwen/Qwen2.5-1.5B-Instruct,"The Great Wall of China predates World War II. It was built over several centuries starting in the 7th century BC, while WWII began in 1939.",Great Wall of China,0,0,0.2857142857142857,,judge-stub/unwired,22,36,1.5208147159992222,1,0.0,0.00014785698627770214,1526.3597670036688,5.545051004446577,1520.8147159992222,0.0,19e1267e270fb26a4e6da10a2e33f407c4cde82d,7fdc85f695827cd40610ae43ca440f13cb399989fda72657811baf795f8607dc,2026-09-19T13:51:15.916423+00:00,measured,measured,0.0,0
15,f795eb3d92ee233753412e6189b6d0af2c64cffaa288dd86c9db3f5d87a666a4,2,hotpotqa:0004,L0,v1,Qwen/Qwen2.5-1.5B-Instruct,"The Great Wall of China was built much earlier than World War II, predating it by several centuries.",Great Wall of China,0,0,0.38095238095238093,,judge-stub/unwired,22,21,1.1357953510005245,1,0.0,0.00011042454801393988,1141.4488729997174,5.65352199919289,1135.7953510005245,0.0,19e1267e270fb26a4e6da10a2e33f407c4cde82d,7fdc85f695827cd40610ae43ca440f13cb399989fda72657811baf795f8607dc,2026-09-19T13:51:17.299487+00:00,measured,measured,0.0,0
16,269ff30aee44ab35eab613af3865d17e3c3faa9466fe84b719db44dbe95ab081,0,hotpotqa:0005,L0,v1,Qwen/Qwen2.5-1.5B-Instruct,"The connection between the Industrial Revolution and quantum mechanics is not directly historical, but both were developed in parallel during the 19th century. Quantum mechanics emerged as a theory of atomic and subatomic phenomena, while the Industrial Revolution was marked by technological advancements that laid foundational technologies for modern industry. Both periods saw significant developments in physics and engineering.",Industrial Revolution,0,0,0.07142857142857142,,judge-stub/unwired,16,68,3.017235371999959,1,0.0,0.0002933423278333293,3026.070973001879,8.835601001919713,3017.235371999959,0.0,19e1267e270fb26a4e6da10a2e33f407c4cde82d,7fdc85f695827cd40610ae43ca440f13cb399989fda72657811baf795f8607dc,2026-09-19T13:51:20.564645+00:00,measured,measured,0.0,0
17,f87dbc2021f68e3b368992da88f86b4a0fb06c1e6ca485eff1ee600372b83673,1,hotpotqa:0005,L0,v1,Qwen/Qwen2.5-1.5B-Instruct,Electricity.,Industrial Revolution,0,0,0.0,,judge-stub/unwired,16,2,0.13004821999948035,1,0.0,1.2643576944393923e-05,134.26170699403883,4.21348699455848,130.04821999948035,0.0,19e1267e270fb26a4e6da10a2e33f407c4cde82d,7fdc85f695827cd40610ae43ca440f13cb399989fda72657811baf795f8607dc,2026-09-19T13:51:20.951779+00:00,measured,measured,0.0,0
18,e600ea008b7a8a8c18226b720b277a7945674ab8339e94fcf2b33825012725c9,2,hotpotqa:0005,L0,v1,Qwen/Qwen2.5-1.5B-Instruct,The Industrial Revolution connected to quantum mechanics through advancements in technology that led to new scientific theories.,Industrial Revolution,0,0,0.2222222222222222,,judge-stub/unwired,16,18,0.7761363070003426,1,0.0,7.54576965139222e-05,780.5443349989218,4.4080279985792,776.1363070003426,0.0,19e1267e270fb26a4e6da10a2e33f407c4cde82d,7fdc85f695827cd40610ae43ca440f13cb399989fda72657811baf795f8607dc,2026-09-19T13:51:21.979929+00:00,measured,measured,0.0,0
19,2e196bdebf94048376f1b8c9bb16d3b97443e6d6e52e2457c255f9aa9aa17e97,0,hotpotqa:0006,L0,v1,Qwen/Qwen2.5-1.5B-Instruct,"The Mona Lisa and the Great Wall of China are connected through their historical significance in art history. Both were significant works created during periods of artistic innovation and exploration, reflecting cultural achievements of different eras.",Mona Lisa,0,0,0.1111111111111111,,judge-stub/unwired,18,40,1.6722471010007212,1,0.0,0.000162579579263959,1683.2231899979888,10.976088997267652,1672.2471010007212,0.0,19e1267e270fb26a4e6da10a2e33f407c4cde82d,7fdc85f695827cd40610ae43ca440f13cb399989fda72657811baf795f8607dc,2026-09-19T13:51:23.924620+00:00,measured,measured,0.0,0
20,092e4b1ce6cad5ec71fdae088ea34c1376b1301a1387d6e9ba99da09bb2432d7,1,hotpotqa:0006,L0,v1,Qwen/Qwen2.5-1.5B-Instruct,"The Mona Lisa is a famous painting by Leonardo da Vinci, while the Great Wall of China is an ancient military engineering project. Historically, these two are not connected.",Mona Lisa,0,0,0.14814814814814814,,judge-stub/unwired,18,34,1.3715764429998671,1,0.0,0.00013334770973609818,1376.1428310008341,4.566388000966981,1371.5764429998671,0.0,19e1267e270fb26a4e6da10a2e33f407c4cde82d,7fdc85f695827cd40610ae43ca440f13cb399989fda72657811baf795f8607dc,2026-09-19T13:51:25.540840+00:00,measured,measured,0.0,0
21,a428609df855cbf3d294e5acef456150e37c2377f79d6b64c3d72256d105b4e8,2,hotpotqa:0006,L0,v1,Qwen/Qwen2.5-1.5B-Instruct,"The Mona Lisa, painted by Leonardo da Vinci in the 16th century, has connections to the Great Wall of China through their respective periods in history.",Mona Lisa,0,0,0.16,,judge-stub/unwired,18,32,1.289777456999218,1,0.0,0.00012539503054159062,1294.3668880016048,4.589431002386846,1289.777456999218,0.0,19e1267e270fb26a4e6da10a2e33f407c4cde82d,7fdc85f695827cd40610ae43ca440f13cb399989fda72657811baf795f8607dc,2026-09-19T13:51:27.108874+00:00,measured,measured,0.0,0
22,ef491f9d1612dfcc6b24adf30651e517557b26bf371bcc4cb8790d77bbfabf2c,0,hotpotqa:0007,L0,v1,Qwen/Qwen2.5-1.5B-Instruct,"France and Nepal. The Eiffel Tower and Mount Everest are both associated with historical connections to France and Nepal, respectively.",Eiffel Tower,0,0,0.1904761904761905,,judge-stub/unwired,16,25,1.0887965980000445,1,0.0,0.00010585522480555986,1096.6214290019707,7.8248310019262135,1088.7965980000445,0.0,19e1267e270fb26a4e6da10a2e33f407c4cde82d,7fdc85f695827cd40610ae43ca440f13cb399989fda72657811baf795f8607dc,2026-09-19T13:51:28.459792+00:00,measured,measured,0.0,0
23,745fd8be64570b9630a64a4703e60b6c10b7c878e24992c8f3ed5af0addd4a45,1,hotpotqa:0007,L0,v1,Qwen/Qwen2.5-1.5B-Instruct,"The Eiffel Tower and Mount Everest are connected by human history, as both structures have been designed by Gustave Eiffel.",Eiffel Tower,0,0,0.1904761904761905,,judge-stub/unwired,16,27,1.4955458080003154,1,0.0,0.00014540028688891953,1503.531877999194,7.98606999887852,1495.5458080003154,0.0,19e1267e270fb26a4e6da10a2e33f407c4cde82d,7fdc85f695827cd40610ae43ca440f13cb399989fda72657811baf795f8607dc,2026-09-19T13:51:30.237277+00:00,measured,measured,0.0,0
24,f7214056661bbf0aa8066d5710a699b789232742ae123b061d752cb377149803,2,hotpotqa:0007,L0,v1,Qwen/Qwen2.5-1.5B-Instruct,"France and Nepal. The Eiffel Tower in Paris was designed by Gustave Eiffel, who also worked on the construction of Mount Everest's South Col route for expeditions.",Eiffel Tower,0,0,0.14285714285714288,,judge-stub/unwired,16,37,1.6662621679997756,1,0.0,0.00016199771077775592,1674.8220240033334,8.559856003557798,1666.2621679997756,0.0,19e1267e270fb26a4e6da10a2e33f407c4cde82d,7fdc85f695827cd40610ae43ca440f13cb399989fda72657811baf795f8607dc,2026-09-19T13:51:32.151899+00:00,measured,measured,0.0,0
25,c38e52e8dc1fe78bb61b8e425fb51f5315b81e5370f73c53476216abe9511f2b,0,hotpotqa:0008,L0,v1,Qwen/Qwen2.5-1.5B-Instruct,"The Mona Lisa was created before black holes, as it predates astrophysical objects.",Mona Lisa,0,0,0.2857142857142857,,judge-stub/unwired,19,18,0.7770545789999233,1,0.0,7.554697295832586e-05,784.9908579983094,7.936278998386115,777.0545789999233,0.0,19e1267e270fb26a4e6da10a2e33f407c4cde82d,7fdc85f695827cd40610ae43ca440f13cb399989fda72657811baf795f8607dc,2026-09-19T13:51:33.187803+00:00,measured,measured,0.0,0
26,aeb147da6b495154a96ee9e609b8aa60e8d55fd820327964040fefc0782b631a,1,hotpotqa:0008,L0,v1,Qwen/Qwen2.5-1.5B-Instruct,"The Mona Lisa is an artwork by Leonardo da Vinci, while a black hole is a theoretical astronomical object. The Mona Lisa was created in the 16th century, whereas black holes were not discovered until much later.",Mona Lisa,0,0,0.12121212121212122,,judge-stub/unwired,19,44,1.8046881000000212,1,0.0,0.00017545578750000204,1813.1402280005204,8.452128000499215,1804.6881000000212,0.0,19e1267e270fb26a4e6da10a2e33f407c4cde82d,7fdc85f695827cd40610ae43ca440f13cb399989fda72657811baf795f8607dc,2026-09-19T13:51:35.249792+00:00,measured,measured,0.0,0
27,b97fc690441f610b21e9ddb433843db4323a2f28cfbb221b4ceee97f5e07df09,2,hotpotqa:0008,L0,v1,Qwen/Qwen2.5-1.5B-Instruct,"The Mona Lisa was created before black holes. It was painted by Leonardo da Vinci in the 16th century, while black holes were not discovered until much later.",Mona Lisa,0,0,0.14285714285714288,,judge-stub/unwired,19,34,1.3795967160003784,1,0.0,0.00013412745850003676,1387.5043639964133,7.907647996034939,1379.5967160003784,0.0,19e1267e270fb26a4e6da10a2e33f407c4cde82d,7fdc85f695827cd40610ae43ca440f13cb399989fda72657811baf795f8607dc,2026-09-19T13:51:36.898743+00:00,measured,measured,0.0,0
28,ba05e071c912b8c44c22f5067900fd603ace0a23c0ef7816bc372df104a28661,0,hotpotqa:0009,L0,v1,Qwen/Qwen2.5-1.5B-Instruct,"Marie Curie was a pioneering physicist and chemist who made significant contributions to the field of radioactivity during the early 20th century. She conducted research on radium and polonium, which were among the first elements discovered through artificial nuclear fission. Her work laid foundational knowledge for modern atomic theory and radiation studies, influencing scientific understanding significantly throughout the industrial revolution era.",Marie Curie,0,0,0.0689655172413793,,judge-stub/unwired,16,75,2.988817471999937,1,0.0,0.0002905794764444383,2993.0853770019894,4.26790500205243,2988.817471999937,0.0,19e1267e270fb26a4e6da10a2e33f407c4cde82d,7fdc85f695827cd40610ae43ca440f13cb399989fda72657811baf795f8607dc,2026-09-19T13:51:40.130192+00:00,measured,measured,0.0,0
29,a4aa315dd9db92653d9d3b8c1d69c4b9b4f54da37fb8be924813abfe218c6a81,1,hotpotqa:0009,L0,v1,Qwen/Qwen2.5-1.5B-Instruct,"Marie Curie was a pioneering physicist and chemist who made significant contributions to nuclear physics, particularly in radioactivity research during the late 19th and early 20th centuries. She played a crucial role in the development of X-rays and radium, which were important for understanding industrial processes and materials at that time. Her work laid foundational knowledge used by many industries during the Industrial Revolution and beyond.",Marie Curie,0,0,0.0625,,judge-stub/unwired,16,82,3.999748133999674,1,0.0,0.0003888644019166349,4005.071683004644,5.323549004970118,3999.748133999674,0.0,19e1267e270fb26a4e6da10a2e33f407c4cde82d,7fdc85f695827cd40610ae43ca440f13cb399989fda72657811baf795f8607dc,2026-09-19T13:51:44.419108+00:00,measured,measured,0.0,0
30,1305f85c9377d2fd2291f46a2cd75dba51ec032b892b678de98e2839f75a6c2e,2,hotpotqa:0009,L0,v1,Qwen/Qwen2.5-1.5B-Instruct,"Marie Curie was a pioneering physicist who made significant contributions to the field of radioactivity during the late 19th and early 20th centuries, which occurred during the Industrial Revolution.",Marie Curie,0,0,0.14814814814814814,,judge-stub/unwired,16,39,1.5920547040004749,1,0.0,0.00015478309622226838,1600.6756669958122,8.620962995337322,1592.0547040004749,0.0,19e1267e270fb26a4e6da10a2e33f407c4cde82d,7fdc85f695827cd40610ae43ca440f13cb399989fda72657811baf795f8607dc,2026-09-19T13:51:46.263646+00:00,measured,measured,0.0,0
31,264204709b15cfa734017e4eac7939d78b42d846be776ffcf707b35ed467308c,0,hotpotqa:0010,L0,v1,Qwen/Qwen2.5-1.5B-Instruct,"Quantum mechanics came first, as it was developed in the early 20th century to explain atomic behavior, while the Great Wall of China dates back over 2000 years.",quantum mechanics,0,0,0.14285714285714288,,judge-stub/unwired,21,38,1.567190589999882,1,0.0,0.00015236575180554407,1577.205314000821,10.014724000939168,1567.190589999882,0.0,19e1267e270fb26a4e6da10a2e33f407c4cde82d,7fdc85f695827cd40610ae43ca440f13cb399989fda72657811baf795f8607dc,2026-09-19T13:51:48.100332+00:00,measured,measured,0.0,0
32,b8f58a9429f1a24c462aa669eaa5aca67bd75d227eed0a45a71bdb8aa8da374e,1,hotpotqa:0010,L0,v1,Qwen/Qwen2.5-1.5B-Instruct,Quantum mechanics came before the construction of the Great Wall of China.,quantum mechanics,0,0,0.33333333333333337,,judge-stub/unwired,21,13,0.5842205970002396,1,0.0,5.679922470835663e-05,594.1655470051046,9.94495000486495,584.2205970002396,0.0,19e1267e270fb26a4e6da10a2e33f407c4cde82d,7fdc85f695827cd40610ae43ca440f13cb399989fda72657811baf795f8607dc,2026-09-19T13:51:48.940947+00:00,measured,measured,0.0,0
33,426fbadadf8d5f390102504d1b7f92000b0f0cea97223d00bbc6b54b9d3a36a2,2,hotpotqa:0010,L0,v1,Qwen/Qwen2.5-1.5B-Instruct,"Quantum mechanics came first. It was developed in the early 20th century, predating the construction of the Great Wall of China, which began around the 5th century BC.",quantum mechanics,0,0,0.15384615384615385,,judge-stub/unwired,21,38,1.586714344000029,1,0.0,0.00015426389455555837,1591.524546997789,4.810202997759916,1586.714344000029,0.0,19e1267e270fb26a4e6da10a2e33f407c4cde82d,7fdc85f695827cd40610ae43ca440f13cb399989fda72657811baf795f8607dc,2026-09-19T13:51:50.779897+00:00,measured,measured,0.0,0
34,73a281b80f8ccf576462dce2adb6077454a8f9a813feadf9bb3151c06b0b1158,0,hotpotqa:0011,L0,v1,Qwen/Qwen2.5-1.5B-Instruct,"The Mona Lisa is a painting by Leonardo da Vinci that was completed in the early 16th century. It predates the Renaissance period, which began around 1400. Therefore, the Mona Lisa comes before the Renaissance.",Mona Lisa,0,0,0.12903225806451613,,judge-stub/unwired,18,48,1.948793146000753,1,0.0,0.00018946600030562874,1956.0586960051296,7.265550004376564,1948.793146000753,0.0,19e1267e270fb26a4e6da10a2e33f407c4cde82d,7fdc85f695827cd40610ae43ca440f13cb399989fda72657811baf795f8607dc,2026-09-19T13:51:52.978577+00:00,measured,measured,0.0,0
35,2435e7c3db2dee726c7875adcb5f4d8a9872c0d53b9e9eaea58d1f077abfce7b,1,hotpotqa:0011,L0,v1,Qwen/Qwen2.5-1.5B-Instruct,"The Mona Lisa, painted by Leonardo da Vinci in the 16th century, was created much earlier than the Renaissance period. The Renaissance began in Italy around the late 14th or early 15th century. Therefore, the Mona Lisa predates the Renaissance by several centuries.",Mona Lisa,0,0,0.10526315789473684,,judge-stub/unwired,18,59,3.1043223549995673,1,0.0,0.00030180911784718014,3109.995798003183,5.67344300361583,3104.3223549995673,0.0,19e1267e270fb26a4e6da10a2e33f407c4cde82d,7fdc85f695827cd40610ae43ca440f13cb399989fda72657811baf795f8607dc,2026-09-19T13:51:56.351234+00:00,measured,measured,0.0,0
36,9089f56317880a79c7b2f00c744be871fe31133856456e2c4c9bf6d1490a1cbb,2,hotpotqa:0011,L0,v1,Qwen/Qwen2.5-1.5B-Instruct,"The Mona Lisa, painted by Leonardo da Vinci in the 16th century, is considered one of the most famous paintings in history. It was created during the Renaissance period, which began in the early 15th century. Therefore, the Mona Lisa predates the Renaissance.",Mona Lisa,0,0,0.10526315789473684,,judge-stub/unwired,18,57,2.2805509919999167,1,0.0,0.00022172023533332524,2290.049833994999,9.49884199508233,2280.5509919999167,0.0,19e1267e270fb26a4e6da10a2e33f407c4cde82d,7fdc85f695827cd40610ae43ca440f13cb399989fda72657811baf795f8607dc,2026-09-19T13:51:58.927040+00:00,measured,measured,0.0,0
37,bb8461a7f7dcbaa925252a2ecdffb445e0d4893d18e09adc45ec8ccd2f67936c,0,hotpotqa:0012,L0,v1,Qwen/Qwen2.5-1.5B-Instruct,"The Roman Empire preceded the Pacific Ocean. It existed from 27 BC to 476 AD, while the Pacific Ocean is a continuous ocean body that has been part of Earth's surface since its formation about 50 million years ago.",Roman Empire,0,0,0.10526315789473684,,judge-stub/unwired,19,50,1.98900354899979,1,0.0,0.0001933753450416462,1996.749909002574,7.7463600027840585,1989.00354899979,0.0,19e1267e270fb26a4e6da10a2e33f407c4cde82d,7fdc85f695827cd40610ae43ca440f13cb399989fda72657811baf795f8607dc,2026-09-19T13:52:01.182335+00:00,measured,measured,0.0,0
38,c8e27998dd36f44816bbac7afe52b559c0dce42b284e1dc6f79d74fabd990de7,1,hotpotqa:0012,L0,v1,Qwen/Qwen2.5-1.5B-Instruct,"The Roman Empire preceded the Pacific Ocean. It existed from 27 BC to 476 AD, while the Pacific Ocean was formed much later through geological processes over millions of years.",Roman Empire,0,0,0.13793103448275862,,judge-stub/unwired,19,38,1.5326501499994265,1,0.0,0.00014900765347216645,1542.2538779939714,9.603727994544897,1532.6501499994265,0.0,19e1267e270fb26a4e6da10a2e33f407c4cde82d,7fdc85f695827cd40610ae43ca440f13cb399989fda72657811baf795f8607dc,2026-09-19T13:52:02.967734+00:00,measured,measured,0.0,0
39,6d6932da3eccfd637b87565b084316873ee18a46263626ff826eaa58a2effe9f,2,hotpotqa:0012,L0,v1,Qwen/Qwen2.5-1.5B-Instruct,"The Roman Empire preceded the Pacific Ocean. It existed from 27 BC to 476 AD, while the Pacific Ocean was formed much later during the breakup of Pangea around 150 million years ago.",Roman Empire,0,0,0.12903225806451613,,judge-stub/unwired,19,46,1.9243165529996986,1,0.0,0.00018708633154163737,1935.8138429970495,11.49728999735089,1924.3165529996986,0.0,19e1267e270fb26a4e6da10a2e33f407c4cde82d,7fdc85f695827cd40610ae43ca440f13cb399989fda72657811baf795f8607dc,2026-09-19T13:52:05.156265+00:00,measured,measured,0.0,0
40,1a6a17dfe20f773d76c3b0f3a9aa77b4c6acab77ffa0ce6e67ca0bc2f46912ab,0,hotpotqa:0013,L0,v1,Qwen/Qwen2.5-1.5B-Instruct,Via trade routes.,Roman Empire,0,0,0.0,,judge-stub/unwired,15,4,0.2126366180000332,1,0.0,2.0673004527781006e-05,218.707356003506,6.070738003472798,212.6366180000332,0.0,19e1267e270fb26a4e6da10a2e33f407c4cde82d,7fdc85f695827cd40610ae43ca440f13cb399989fda72657811baf795f8607dc,2026-09-19T13:52:05.630320+00:00,measured,measured,0.0,0
41,a4ea33ce623e76dd3e1cadd82a2f0b3cad178b04483601189ec3bfec66968841,1,hotpotqa:0013,L0,v1,Qwen/Qwen2.5-1.5B-Instruct,Via the Silk Road.,Roman Empire,0,0,0.0,,judge-stub/unwired,15,5,0.24147005100076058,1,0.0,2.347625495840728e-05,246.13977499666362,4.669723995903041,241.47005100076058,0.0,19e1267e270fb26a4e6da10a2e33f407c4cde82d,7fdc85f695827cd40610ae43ca440f13cb399989fda72657811baf795f8607dc,2026-09-19T13:52:06.124082+00:00,measured,measured,0.0,0
42,0057958e1f74b028bfe752b4a06acdcb1b258e75b89c94441b4046a52444c451,2,hotpotqa:0013,L0,v1,Qwen/Qwen2.5-1.5B-Instruct,Via Christianity.,Roman Empire,0,0,0.0,,judge-stub/unwired,15,3,0.2584280740002214,1,0.0,2.5124951638910413e-05,263.63293300073565,5.204859000514261,258.4280740002214,0.0,19e1267e270fb26a4e6da10a2e33f407c4cde82d,7fdc85f695827cd40610ae43ca440f13cb399989fda72657811baf795f8607dc,2026-09-19T13:52:06.642439+00:00,measured,measured,0.0,0
43,3acb3a7fa226dbce2a9fb44cbb830ff8275d63c51e7845cba928139d94219900,0,hotpotqa:0014,L0,v1,Qwen/Qwen2.5-1.5B-Instruct,"Neural networks came before the Amazon River. Neural networks are a form of artificial intelligence that evolved in the 20th century, predating the formation of the Amazon River by millions of years.",neural networks,0,0,0.13793103448275862,,judge-stub/unwired,19,39,2.1416486759999316,1,0.0,0.00020821584349999333,2151.3262110029245,9.677535002992954,2141.6486759999316,0.0,19e1267e270fb26a4e6da10a2e33f407c4cde82d,7fdc85f695827cd40610ae43ca440f13cb399989fda72657811baf795f8607dc,2026-09-19T13:52:09.057576+00:00,measured,measured,0.0,0
44,227fb0a1bb0576b397ee0597e54be578d26b5dad79632fcf76ceaf3b601c16ad,1,hotpotqa:0014,L0,v1,Qwen/Qwen2.5-1.5B-Instruct,"Neural networks predate Amazon River. They were developed in the 1950s, long before the river was formed by geological processes over millions of years.",neural networks,0,0,0.16666666666666669,,judge-stub/unwired,19,33,1.3471335389995147,1,0.0,0.00013097131629161949,1352.1211810011664,4.987642001651693,1347.1335389995147,0.0,19e1267e270fb26a4e6da10a2e33f407c4cde82d,7fdc85f695827cd40610ae43ca440f13cb399989fda72657811baf795f8607dc,2026-09-19T13:52:10.661207+00:00,measured,measured,0.0,0
45,b0851e91aa936bef1a9f49f387e210425cd7ea643e9436e9f4cdfe07fb960331,2,hotpotqa:0014,L0,v1,Qwen/Qwen2.5-1.5B-Instruct,"Neural networks predate Amazon, as they were developed in the 1950s. Their concept predates the internet by several decades, whereas Amazon was founded much later. Therefore, Amazon comes after neural networks in technological history.",neural networks,0,0,0.11764705882352941,,judge-stub/unwired,19,47,1.9117587480004659,1,0.0,0.0001858654338333786,1924.2458020025879,12.487054002122022,1911.7587480004659,0.0,19e1267e270fb26a4e6da10a2e33f407c4cde82d,7fdc85f695827cd40610ae43ca440f13cb399989fda72657811baf795f8607dc,2026-09-19T13:52:12.856281+00:00,measured,measured,0.0,0
46,dfac6b819c26e53dd80a69fba7f788862aec0dd4e062f6d53dda9d5b3f8a2818,0,hotpotqa:0015,L0,v1,Qwen/Qwen2.5-1.5B-Instruct,The Mona Lisa painting.,Industrial Revolution,0,0,0.0,,judge-stub/unwired,16,5,0.24430196899993462,1,0.0,2.3751580319438086e-05,251.91890800124384,7.61693900130922,244.30196899993462,0.0,19e1267e270fb26a4e6da10a2e33f407c4cde82d,7fdc85f695827cd40610ae43ca440f13cb399989fda72657811baf795f8607dc,2026-09-19T13:52:13.401902+00:00,measured,measured,0.0,0
47,c20a226bf180837ec7258ba0f2bb9797120201978713249bed2da994359747bb,1,hotpotqa:0015,L0,v1,Qwen/Qwen2.5-1.5B-Instruct,The Mona Lisa painting.,Industrial Revolution,0,0,0.0,,judge-stub/unwired,16,5,0.24423917799958872,1,0.0,2.37454756388489e-05,250.34055799278576,6.1013799931970425,244.23917799958872,0.0,19e1267e270fb26a4e6da10a2e33f407c4cde82d,7fdc85f695827cd40610ae43ca440f13cb399989fda72657811baf795f8607dc,2026-09-19T13:52:13.910096+00:00,measured,measured,0.0,0
48,cd8a0be1e0a5dacbc846e1039a780d43310a39456d0b6f25532a2cb61037f500,2,hotpotqa:0015,L0,v1,Qwen/Qwen2.5-1.5B-Instruct,"The Industrial Revolution directly influenced Leonardo da Vinci's painting of the Mona Lisa, as it coincided with his lifetime.",Industrial Revolution,0,0,0.19999999999999998,,judge-stub/unwired,16,23,0.9580130189997362,1,0.0,9.314015462497434e-05,963.4330620019682,5.420043002231978,958.0130189997362,0.0,19e1267e270fb26a4e6da10a2e33f407c4cde82d,7fdc85f695827cd40610ae43ca440f13cb399989fda72657811baf795f8607dc,2026-09-19T13:52:15.159304+00:00,measured,measured,0.0,0
49,49e3a5261df1abbfc197a0099396f2ec2c16d0cf6eb9d8fb933d1483a6ec71e2,0,hotpotqa:0016,L0,v1,Qwen/Qwen2.5-1.5B-Instruct,"Neural networks came first; they were developed in the 1940s, predating Shakespeare's writing.",neural networks,0,0,0.2666666666666667,,judge-stub/unwired,18,23,0.9665715490000366,1,0.0,9.397223393055912e-05,972.0912899965697,5.5197409965330735,966.5715490000366,0.0,19e1267e270fb26a4e6da10a2e33f407c4cde82d,7fdc85f695827cd40610ae43ca440f13cb399989fda72657811baf795f8607dc,2026-09-19T13:52:16.393581+00:00,measured,measured,0.0,0
50,9d65d4cfbb83cdb0f12a9d03b90bbad67f6a943b63c368042213aeaae77b4e31,1,hotpotqa:0016,L0,v1,Qwen/Qwen2.5-1.5B-Instruct,"Neural networks predate Shakespeare by thousands of years. They were developed in the mid-20th century, while Shakespeare lived from 1564 to 1616.",neural networks,0,0,0.16666666666666669,,judge-stub/unwired,18,38,1.5393124090005585,1,0.0,0.00014965537309727652,1549.0341980002995,9.721788999740966,1539.3124090005585,0.0,19e1267e270fb26a4e6da10a2e33f407c4cde82d,7fdc85f695827cd40610ae43ca440f13cb399989fda72657811baf795f8607dc,2026-09-19T13:52:18.196736+00:00,measured,measured,0.0,0
51,b8311f0b5385b851fb726289ced508f5b97fcc6b0b978abeff7b0bf57a074b74,2,hotpotqa:0016,L0,v1,Qwen/Qwen2.5-1.5B-Instruct,"Neural networks predate Shakespeare; they were invented in 1943, while his works date back to the late 16th century.",neural networks,0,0,0.19999999999999998,,judge-stub/unwired,18,30,1.48037743399982,1,0.0,0.0001439255838610936,1485.5588039972645,5.181369997444563,1480.37743399982,0.0,19e1267e270fb26a4e6da10a2e33f407c4cde82d,7fdc85f695827cd40610ae43ca440f13cb399989fda72657811baf795f8607dc,2026-09-19T13:52:19.930681+00:00,measured,measured,0.0,0
52,f1abdeddb0b45428540dfe5ad71fa2143995b8c762c0b50ddcd1662684b765cd,0,hotpotqa:0017,L0,v1,Qwen/Qwen2.5-1.5B-Instruct,The V-2 missile.,World War II,0,0,0.0,,judge-stub/unwired,16,6,0.37180467899997893,1,0.0,3.614767712499795e-05,376.4583349966415,4.653655996662565,371.80467899997893,0.0,19e1267e270fb26a4e6da10a2e33f407c4cde82d,7fdc85f695827cd40610ae43ca440f13cb399989fda72657811baf795f8607dc,2026-09-19T13:52:20.552605+00:00,measured,measured,0.0,0
53,e01ff723d8f25c0782ce3e33f4246b01bc613a0900b64e974d5fc0d0423ef759,1,hotpotqa:0017,L0,v1,Qwen/Qwen2.5-1.5B-Instruct,The V-2 missile.,World War II,0,0,0.0,,judge-stub/unwired,16,6,0.37120693899942125,1,0.0,3.608956351383262e-05,376.36566299352125,5.158723994100001,371.20693899942125,0.0,19e1267e270fb26a4e6da10a2e33f407c4cde82d,7fdc85f695827cd40610ae43ca440f13cb399989fda72657811baf795f8607dc,2026-09-19T13:52:21.211048+00:00,measured,measured,0.0,0
54,d0f3ec50754448ed37d309883849787adf998ff5466e952860bd1a03aa5aa421,2,hotpotqa:0017,L0,v1,Qwen/Qwen2.5-1.5B-Instruct,"The V-2 rocket, developed during World War II by Nazi Germany, used a modified version of the von Braun-designed Jupiter-C engine that was later adapted for use in civilian space programs. This connection highlights how technological advancements from wartime efforts have had lasting impacts on modern society, including medical applications related to mitochondrial research.",World War II,0,0,0.10526315789473684,,judge-stub/unwired,16,63,2.57813604400053,1,0.0,0.0002506521153889404,2582.906691000062,4.770646999531891,2578.13604400053,0.0,19e1267e270fb26a4e6da10a2e33f407c4cde82d,7fdc85f695827cd40610ae43ca440f13cb399989fda72657811baf795f8607dc,2026-09-19T13:52:24.090205+00:00,measured,measured,0.0,0
55,cd90aada4cda640ec69abac18644a483904208afec0d658f995851f3facde9c6,0,hotpotqa:0018,L0,v1,Qwen/Qwen2.5-1.5B-Instruct,"The Sahara Desert came first. It is a large desert located in North Africa, while Mount Everest is the highest mountain on Earth. The Sahara formed over millions of years due to climate change, whereas Mount Everest was created by tectonic activity and geological processes within the past few million years.",Sahara Desert,0,0,0.08333333333333333,,judge-stub/unwired,19,58,2.317526804999943,1,0.0,0.00022531510604166115,2322.5383190037974,5.011514003854245,2317.526804999943,0.0,19e1267e270fb26a4e6da10a2e33f407c4cde82d,7fdc85f695827cd40610ae43ca440f13cb399989fda72657811baf795f8607dc,2026-09-19T13:52:26.690068+00:00,measured,measured,0.0,0
56,d5962d39f29ee1c0dccb2a39936ec94e3bc2596d6ceae120399ec50e1afd0e6c,1,hotpotqa:0018,L0,v1,Qwen/Qwen2.5-1.5B-Instruct,"The Sahara Desert came first, as it is a vast desert region covering much of North Africa. Mount Everest was created by tectonic activity, rising from the Earth's crust over millions of years.",Sahara Desert,0,0,0.12121212121212122,,judge-stub/unwired,19,40,1.6384450510004172,1,0.0,0.00015929326884726278,1644.3764990026466,5.931448002229445,1638.4450510004172,0.0,19e1267e270fb26a4e6da10a2e33f407c4cde82d,7fdc85f695827cd40610ae43ca440f13cb399989fda72657811baf795f8607dc,2026-09-19T13:52:28.589990+00:00,measured,measured,0.0,0
57,143348d67916c49eb04ed5915bda29d4f0a109d633c0efbaa8957f305d83d73d,2,hotpotqa:0018,L0,v1,Qwen/Qwen2.5-1.5B-Instruct,"The Sahara Desert came before Mount Everest. It is much older, having formed around 20 million years ago during the Pliocene epoch, while Mount Everest began its formation about 60 million years ago as a part of the Himalayan mountain range.",Sahara Desert,0,0,0.10256410256410257,,judge-stub/unwired,19,52,2.138225811999291,1,0.0,0.00020788306505548662,2142.7490950009087,4.5232830016175285,2138.225811999291,0.0,19e1267e270fb26a4e6da10a2e33f407c4cde82d,7fdc85f695827cd40610ae43ca440f13cb399989fda72657811baf795f8607dc,2026-09-19T13:52:30.988683+00:00,measured,measured,0.0,0
58,5e0a79aaad4a96db3570af409212895d3d36f0ad6473931bdd44e36e5eb6c641,0,hotpotqa:0019,L0,v1,Qwen/Qwen2.5-1.5B-Instruct,"The Industrial Revolution preceded the formation of the Pacific Ocean. The Industrial Revolution began in the late 18th century, while the Pacific Ocean was formed around 50 million years ago during the Mesozoic era.",Industrial Revolution,0,0,0.13793103448275862,,judge-stub/unwired,19,44,2.3531922219999615,1,0.0,0.00022878257713888515,2359.25114499787,6.058922997908667,2353.1922219999615,0.0,19e1267e270fb26a4e6da10a2e33f407c4cde82d,7fdc85f695827cd40610ae43ca440f13cb399989fda72657811baf795f8607dc,2026-09-19T13:52:33.648317+00:00,measured,measured,0.0,0
59,42262ef52cad9cc1f2edf3124371332393521c8ce7526dc2498dc62faf1c0c7d,1,hotpotqa:0019,L0,v1,Qwen/Qwen2.5-1.5B-Instruct,"The Industrial Revolution preceded the discovery of the Pacific Ocean. The Industrial Revolution began in the late 18th century, while exploration of the Pacific Ocean started much earlier, with voyages like those of Ferdinand Magellan around the world beginning in the early 16th century.",Industrial Revolution,0,0,0.10526315789473684,,judge-stub/unwired,19,56,2.3569767159997355,1,0.0,0.00022915051405552982,2361.8656519965953,4.8889359968598,2356.9767159997355,0.0,19e1267e270fb26a4e6da10a2e33f407c4cde82d,7fdc85f695827cd40610ae43ca440f13cb399989fda72657811baf795f8607dc,2026-09-19T13:52:36.270209+00:00,measured,measured,0.0,0
60,df70428e45d4c610c679620dfcebd8094835628862536229d7acc63a01929064,2,hotpotqa:0019,L0,v1,Qwen/Qwen2.5-1.5B-Instruct,"The Industrial Revolution came before the Pacific Ocean. The Industrial Revolution began in the late 18th century, while the Pacific Ocean was formed about 60 million years ago during the Cretaceous period.",Industrial Revolution,0,0,0.14285714285714288,,judge-stub/unwired,19,42,1.671450527000161,1,0.0,0.00016250213456946006,1677.676436004731,6.225909004569985,1671.450527000161,0.0,19e1267e270fb26a4e6da10a2e33f407c4cde82d,7fdc85f695827cd40610ae43ca440f13cb399989fda72657811baf795f8607dc,2026-09-19T13:52:38.207752+00:00,measured,measured,0.0,0
61,41d815415cc29555b8ae4e2f79054ffc8d6aed6266e7a9d5a92b99e679d58e80,0,hotpotqa:0020,L0,v1,Qwen/Qwen2.5-1.5B-Instruct,"Quantum mechanics and the Sahara Desert are connected through the concept of quantum tunneling, which has been observed in sand dunes moving across the desert.",quantum mechanics,0,0,0.16666666666666669,,judge-stub/unwired,16,29,1.1855006830001003,1,0.0,0.00011525701084723196,1194.8668320028446,9.36614900274435,1185.5006830001003,0.0,19e1267e270fb26a4e6da10a2e33f407c4cde82d,7fdc85f695827cd40610ae43ca440f13cb399989fda72657811baf795f8607dc,2026-09-19T13:52:39.954909+00:00,measured,measured,0.0,0
62,a6de67da1494f746d9b4db260616fb1bd53dd01f05048f0d9db6874018b5928e,1,hotpotqa:0020,L0,v1,Qwen/Qwen2.5-1.5B-Instruct,Quantum computing has been connected to the Sahara Desert historically through its potential for processing information at speeds far exceeding classical computers.,quantum mechanics,0,0,0.08695652173913042,,judge-stub/unwired,16,23,0.9660311059997184,1,0.0,9.391969086108373e-05,970.5082770014997,4.477171001781244,966.0311059997184,0.0,19e1267e270fb26a4e6da10a2e33f407c4cde82d,7fdc85f695827cd40610ae43ca440f13cb399989fda72657811baf795f8607dc,2026-09-19T13:52:41.198174+00:00,measured,measured,0.0,0
63,ff05dc39d8c6fd60c7d48747d367bdafb4c988e5a7bcf5b56a966456b1837eea,2,hotpotqa:0020,L0,v1,Qwen/Qwen2.5-1.5B-Instruct,"The connection between quantum mechanics and the Sahara Desert historically lies in the ancient use of shadows to measure time, which is a precursor to atomic clocks.",quantum mechanics,0,0,0.16,,judge-stub/unwired,16,29,1.2036237700003767,1,0.0,0.00011701897763892551,1210.1348190035424,6.511049003165681,1203.6237700003767,0.0,19e1267e270fb26a4e6da10a2e33f407c4cde82d,7fdc85f695827cd40610ae43ca440f13cb399989fda72657811baf795f8607dc,2026-09-19T13:52:42.692669+00:00,measured,measured,0.0,0
64,bffa08a6d81949490e7be4b9f3963a3bac5188ffbc295803c8e09edceea71ec5,0,hotpotqa:0021,L0,v1,Qwen/Qwen2.5-1.5B-Instruct,"The Eiffel Tower is a historical structure, while mitochondria are organelles in cells.",mitochondria,0,0,0.16666666666666669,,judge-stub/unwired,15,20,0.8393217160000859,1,0.0,8.160072238889723e-05,845.3368159998718,6.015099999785889,839.3217160000859,0.0,19e1267e270fb26a4e6da10a2e33f407c4cde82d,7fdc85f695827cd40610ae43ca440f13cb399989fda72657811baf795f8607dc,2026-09-19T13:52:43.860454+00:00,measured,measured,0.0,0
65,890aadc0d3768f35ba1ede347af0e4eb6b9edf85b172c7d52840101761893bb1,1,hotpotqa:0021,L0,v1,Qwen/Qwen2.5-1.5B-Instruct,"The Eiffel Tower is a historical monument in Paris, France.",mitochondria,0,0,0.0,,judge-stub/unwired,15,14,0.8304320150000422,1,0.0,8.073644590278188e-05,836.1680949983565,5.736079998314381,830.4320150000422,0.0,19e1267e270fb26a4e6da10a2e33f407c4cde82d,7fdc85f695827cd40610ae43ca440f13cb399989fda72657811baf795f8607dc,2026-09-19T13:52:45.014595+00:00,measured,measured,0.0,0
66,b2310cabdb0ebce0e7a905a82bda7238e74ce32d286764bba0c2b8ec8774ddcf,2,hotpotqa:0021,L0,v1,Qwen/Qwen2.5-1.5B-Instruct,No direct historical connection.,mitochondria,0,0,0.0,,judge-stub/unwired,15,5,0.34234537900010764,1,0.0,3.328357851389935e-05,359.2294799946103,16.88410099450266,342.34537900010764,0.0,19e1267e270fb26a4e6da10a2e33f407c4cde82d,7fdc85f695827cd40610ae43ca440f13cb399989fda72657811baf795f8607dc,2026-09-19T13:52:45.884346+00:00,measured,measured,0.0,0
67,b64340ed29457677b111731bcfc527262253c82afdfb30433b53fd81436189e0,0,hotpotqa:0022,L0,v1,Qwen/Qwen2.5-1.5B-Instruct,"Historically, both black holes in astrophysics and neural networks in computer science have been linked through the concept of information entropy.",black holes,0,0,0.18181818181818182,,judge-stub/unwired,16,26,1.2149198460001571,1,0.0,0.00011811720725001527,1221.2343629989846,6.314516998827457,1214.9198460001571,0.0,19e1267e270fb26a4e6da10a2e33f407c4cde82d,7fdc85f695827cd40610ae43ca440f13cb399989fda72657811baf795f8607dc,2026-09-19T13:52:47.365592+00:00,measured,measured,0.0,0
68,711e8f2e069b9766190c317c2582585403c0ca96c63f06d39f8c2f21d4f7d7e0,1,hotpotqa:0022,L0,v1,Qwen/Qwen2.5-1.5B-Instruct,Einstein's theory of general relativity.,black holes,0,0,0.0,,judge-stub/unwired,16,8,0.3766371279998566,1,0.0,3.661749855554161e-05,383.8766580010997,7.239530001243111,376.6371279998566,0.0,19e1267e270fb26a4e6da10a2e33f407c4cde82d,7fdc85f695827cd40610ae43ca440f13cb399989fda72657811baf795f8607dc,2026-09-19T13:52:48.027392+00:00,measured,measured,0.0,0
69,0fb93e3aa31c5edf32dea7372093244a878718e5446ee3b04b2e0cf921673898,2,hotpotqa:0022,L0,v1,Qwen/Qwen2.5-1.5B-Instruct,Quantum mechanics.,black holes,0,0,0.0,,judge-stub/unwired,16,3,0.17136730200036254,1,0.0,1.666070991670191e-05,181.6819939940615,10.314691993698943,171.36730200036254,0.0,19e1267e270fb26a4e6da10a2e33f407c4cde82d,7fdc85f695827cd40610ae43ca440f13cb399989fda72657811baf795f8607dc,2026-09-19T13:52:48.528744+00:00,measured,measured,0.0,0
70,fe2bb6babf7ef941d0067fe1f4f54d14d8cc14ae6587317565cf43f6a749f647,0,hotpotqa:0023,L0,v1,Qwen/Qwen2.5-1.5B-Instruct,Marie Curie's laboratory.,Eiffel Tower,0,0,0.0,,judge-stub/unwired,16,6,0.285683729000084,1,0.0,2.7774806986119274e-05,290.2465999995911,4.56287099950714,285.683729000084,0.0,19e1267e270fb26a4e6da10a2e33f407c4cde82d,7fdc85f695827cd40610ae43ca440f13cb399989fda72657811baf795f8607dc,2026-09-19T13:52:49.143030+00:00,measured,measured,0.0,0
71,7e25d47b20f61f77034812cde97fae63fabcc339b7cdf30d16fa9e4181f930b3,1,hotpotqa:0023,L0,v1,Qwen/Qwen2.5-1.5B-Instruct,The Eiffel Tower and Marie Curie are connected through their contributions to science.,Eiffel Tower,0,0,0.2857142857142857,,judge-stub/unwired,16,17,0.7339455690007526,1,0.0,7.13558192084065e-05,739.1867800024556,5.24121100170305,733.9455690007526,0.0,19e1267e270fb26a4e6da10a2e33f407c4cde82d,7fdc85f695827cd40610ae43ca440f13cb399989fda72657811baf795f8607dc,2026-09-19T13:52:50.173500+00:00,measured,measured,0.0,0
72,df3460804a9dcb96c1db163a8c7ae2eede5dc85f959fbee843901dbe78599e6b,2,hotpotqa:0023,L0,v1,Qwen/Qwen2.5-1.5B-Instruct,Marie Curie's laboratory connected to the Eiffel Tower.,Eiffel Tower,0,0,0.4,,judge-stub/unwired,16,13,0.5916123050001261,1,0.0,5.751786298612336e-05,597.3304190001727,5.718114000046626,591.6123050001261,0.0,19e1267e270fb26a4e6da10a2e33f407c4cde82d,7fdc85f695827cd40610ae43ca440f13cb399989fda72657811baf795f8607dc,2026-09-19T13:52:51.097853+00:00,measured,measured,0.0,0
73,efae70d954593508cd4dd5776989b7c85c18ac1a510dcbdc24ca4eea7fa614f5,0,hotpotqa:0024,L0,v1,Qwen/Qwen2.5-1.5B-Instruct,"World War II came first. The war began in 1939, while Mount Everest was first climbed by Sir Edmund Hillary and Tenzing Norgay on May 29, 1953.",World War II,0,0,0.20689655172413793,,judge-stub/unwired,20,45,1.8266305630004354,1,0.0,0.0001775890825139312,1835.8951690006506,9.26460600021528,1826.6305630004354,0.0,19e1267e270fb26a4e6da10a2e33f407c4cde82d,7fdc85f695827cd40610ae43ca440f13cb399989fda72657811baf795f8607dc,2026-09-19T13:52:53.322916+00:00,measured,measured,0.0,0
74,4efe564fa38d8e8af0940cbf484ce041175a6a13d2dd7efcf95b26145a830dee,1,hotpotqa:0024,L0,v1,Qwen/Qwen2.5-1.5B-Instruct,"Mount Everest came first, as it is a natural geographical feature. World War II was a human-made conflict that occurred much later in history.",World War II,0,0,0.23076923076923078,,judge-stub/unwired,20,28,1.1976673650005978,1,0.0,0.00011643988270839145,1202.3238220008352,4.656457000237424,1197.6673650005978,0.0,19e1267e270fb26a4e6da10a2e33f407c4cde82d,7fdc85f695827cd40610ae43ca440f13cb399989fda72657811baf795f8607dc,2026-09-19T13:52:54.829913+00:00,measured,measured,0.0,0
75,02fd95cb7dc48abf8c0f7caf31133536b30b19123829d98f09e9f5137d94d0c3,2,hotpotqa:0024,L0,v1,Qwen/Qwen2.5-1.5B-Instruct,"Mount Everest was discovered before World War II. It was first climbed by Sir Edmund Hillary and Tenzing Norgay in 1953, while World War II ended in 1945.",World War II,0,0,0.19354838709677416,,judge-stub/unwired,20,43,1.8997784200000751,1,0.0,0.0001847006797222295,1906.1116530028812,6.333233002806082,1899.7784200000751,0.0,19e1267e270fb26a4e6da10a2e33f407c4cde82d,7fdc85f695827cd40610ae43ca440f13cb399989fda72657811baf795f8607dc,2026-09-19T13:52:57.065750+00:00,measured,measured,0.0,0
76,5895e2838c813b98c46c6aef4baa1a53ef498882fdacc09561b6952a3183c27b,0,hotpotqa:0025,L0,v1,Qwen/Qwen2.5-1.5B-Instruct,"The genetic code, discovered in 1961 by Francis Crick, Watson, and others, is a direct connection between DNA (deoxyribonucleic acid) and modern understanding of neural networks through genetics and genomics. This foundational work laid the groundwork for linking biological inheritance to computational models that underpin artificial intelligence today.",DNA,0,0,0.04347826086956522,,judge-stub/unwired,15,68,3.1678207570002996,1,0.0,0.00030798257359725134,3176.8399759966996,9.019218996400014,3167.8207570002996,0.0,19e1267e270fb26a4e6da10a2e33f407c4cde82d,7fdc85f695827cd40610ae43ca440f13cb399989fda72657811baf795f8607dc,2026-09-19T13:53:00.633818+00:00,measured,measured,0.0,0
77,a80a933e2714ee3130ecc50869f428c257bf5025544515c983a93b026d1e2de8,1,hotpotqa:0025,L0,v1,Qwen/Qwen2.5-1.5B-Instruct,"The connection between DNA and neural networks historically is through genetic algorithms, which use principles of natural selection to evolve solutions.",DNA,0,0,0.09523809523809523,,judge-stub/unwired,15,23,0.9684883449999688,1,0.0,9.415858909721918e-05,977.8527930002383,9.364448000269476,968.4883449999688,0.0,19e1267e270fb26a4e6da10a2e33f407c4cde82d,7fdc85f695827cd40610ae43ca440f13cb399989fda72657811baf795f8607dc,2026-09-19T13:53:01.973420+00:00,measured,measured,0.0,0
78,04e5b30de71156a1b7e261ae17c7a9f77d79c46e437de527502eab09508f3ddf,2,hotpotqa:0025,L0,v1,Qwen/Qwen2.5-1.5B-Instruct,"The connection between DNA and neural networks historically is through the concept of genetic algorithms, which use principles inspired by natural selection to evolve solutions.",DNA,0,0,0.08333333333333333,,judge-stub/unwired,15,27,1.1058731390003231,1,0.0,0.00010751544406947586,1113.907664999715,8.034525999391917,1105.8731390003231,0.0,19e1267e270fb26a4e6da10a2e33f407c4cde82d,7fdc85f695827cd40610ae43ca440f13cb399989fda72657811baf795f8607dc,2026-09-19T13:53:03.377319+00:00,measured,measured,0.0,0
79,8e13e87143e6a2b3a00c0c07531caf0ae831fc5768d8fcdd424ea139be600436,0,hotpotqa:0026,L0,v1,Qwen/Qwen2.5-1.5B-Instruct,"The Mona Lisa, painted by Leonardo da Vinci in 1503-1506, came before World War II (which began in 1939).",Mona Lisa,0,0,0.1904761904761905,,judge-stub/unwired,20,36,1.4676875450004445,1,0.0,0.00014269184465282099,1472.2709219986427,4.583376998198219,1467.6875450004445,0.0,19e1267e270fb26a4e6da10a2e33f407c4cde82d,7fdc85f695827cd40610ae43ca440f13cb399989fda72657811baf795f8607dc,2026-09-19T13:53:05.125192+00:00,measured,measured,0.0,0
80,d24a4a53960a09d58ee94321c8b37fb84d02505c4832c2a68fc6ea0222485819,1,hotpotqa:0026,L0,v1,Qwen/Qwen2.5-1.5B-Instruct,"The Mona Lisa was created before World War II. It is an 16th-century portrait painting by Leonardo da Vinci, while WWII occurred in the mid-20th century.",Mona Lisa,0,0,0.14814814814814814,,judge-stub/unwired,20,37,1.5246234770002047,1,0.0,0.000148227282486131,1529.8007919973315,5.177314997126814,1524.6234770002047,0.0,19e1267e270fb26a4e6da10a2e33f407c4cde82d,7fdc85f695827cd40610ae43ca440f13cb399989fda72657811baf795f8607dc,2026-09-19T13:53:06.971229+00:00,measured,measured,0.0,0
81,eba21ae193c99548b79c530c024b6bdd5c9dd8586578f346634bc42e470d4e9c,2,hotpotqa:0026,L0,v1,Qwen/Qwen2.5-1.5B-Instruct,"The Mona Lisa was created before World War II. It was painted by Leonardo da Vinci in the 16th century, while WWII occurred from 1939 to 1945.",Mona Lisa,0,0,0.14814814814814814,,judge-stub/unwired,20,41,1.6549309310003082,1,0.0,0.00016089606273614107,1663.2581849999042,8.327253999595996,1654.9309310003082,0.0,19e1267e270fb26a4e6da10a2e33f407c4cde82d,7fdc85f695827cd40610ae43ca440f13cb399989fda72657811baf795f8607dc,2026-09-19T13:53:09.054655+00:00,measured,measured,0.0,0
82,ef75134a115d6bb131b9acda441b9ef22e187c830ee32961a3f03e0522f5bdc9,0,hotpotqa:0027,L0,v1,Qwen/Qwen2.5-1.5B-Instruct,"Marie Curie's pioneering work on radioactivity led to her discovery of polonium and radium, laying foundational groundwork for quantum mechanics. Her research contributed significantly to our understanding of atomic structure and behavior in the early 20th century.",Marie Curie,0,0,0.10256410256410257,,judge-stub/unwired,16,48,2.4820307190002495,1,0.0,0.00024130854212502424,2488.652848003767,6.62212900351733,2482.0307190002495,0.0,19e1267e270fb26a4e6da10a2e33f407c4cde82d,7fdc85f695827cd40610ae43ca440f13cb399989fda72657811baf795f8607dc,2026-09-19T13:53:12.067760+00:00,measured,measured,0.0,0
83,6e5e134af4da8a25daf0c2a4e418eccd537a055cdd690c753b90d50911edf33e,1,hotpotqa:0027,L0,v1,Qwen/Qwen2.5-1.5B-Instruct,"Marie Curie connected to quantum mechanics through her work on radioactivity, which laid foundational principles for understanding atomic behavior.",Marie Curie,0,0,0.1904761904761905,,judge-stub/unwired,16,23,0.9696625729993684,1,0.0,9.427275015271636e-05,980.7198620037525,11.057289004384074,969.6625729993684,0.0,19e1267e270fb26a4e6da10a2e33f407c4cde82d,7fdc85f695827cd40610ae43ca440f13cb399989fda72657811baf795f8607dc,2026-09-19T13:53:13.331936+00:00,measured,measured,0.0,0
84,7ae0d68e03e18e9bc78c66a72ef8371afc923e43d794ea8e975f59d8bfd85478,2,hotpotqa:0027,L0,v1,Qwen/Qwen2.5-1.5B-Instruct,"Marie Curie's work on radioactivity led to her discovery of polonium and radium, which laid foundational knowledge for understanding atomic structure. Her research in this area was crucial for developing theories that later incorporated principles from quantum mechanics.",Marie Curie,0,0,0.09756097560975609,,judge-stub/unwired,16,46,1.9069124640000155,1,0.0,0.00018539426733333482,1912.3584580001989,5.445994000183418,1906.9124640000155,0.0,19e1267e270fb26a4e6da10a2e33f407c4cde82d,7fdc85f695827cd40610ae43ca440f13cb399989fda72657811baf795f8607dc,2026-09-19T13:53:15.530000+00:00,measured,measured,0.0,0
85,f7fb5b846f698666423820d75c4e50e7c479e2580e2e8e89f5afd63113fe579c,0,hotpotqa:0028,L0,v1,Qwen/Qwen2.5-1.5B-Instruct,"The Amazon River came first because it is a river, while the Sahara Desert is an arid desert. Rivers flow due to precipitation, whereas deserts receive very little rainfall.",Amazon River,0,0,0.14814814814814814,,judge-stub/unwired,19,35,1.4389363459995366,1,0.0,0.00013989658919439938,1443.2962969949585,4.359950995421968,1438.9363459995366,0.0,19e1267e270fb26a4e6da10a2e33f407c4cde82d,7fdc85f695827cd40610ae43ca440f13cb399989fda72657811baf795f8607dc,2026-09-19T13:53:17.236102+00:00,measured,measured,0.0,0
86,12900add3ae52693ca96703c3704b246a197526bdfdaaeef8015f44ccbfaa287,1,hotpotqa:0028,L0,v1,Qwen/Qwen2.5-1.5B-Instruct,"The Amazon River likely formed before the Sahara Desert due to its tropical climate, which supports extensive river systems. The Sahara's arid conditions prevent significant water accumulation over long periods, making it less likely for a major river to form there compared to the Amazon.",Amazon River,0,0,0.09302325581395349,,judge-stub/unwired,19,51,2.0687273029998323,1,0.0,0.00020112626556942814,2074.7981969998364,6.070894000004046,2068.7273029998323,0.0,19e1267e270fb26a4e6da10a2e33f407c4cde82d,7fdc85f695827cd40610ae43ca440f13cb399989fda72657811baf795f8607dc,2026-09-19T13:53:19.610816+00:00,measured,measured,0.0,0
87,9daaa80ed9e90670f682094426c9bc1439a5f7d2745fa32599cbc6cb6815ae3d,2,hotpotqa:0028,L0,v1,Qwen/Qwen2.5-1.5B-Instruct,"The Amazon River was formed earlier due to its location in a tectonically active region, while the Sahara Desert is an arid desert that developed over millions of years.",Amazon River,0,0,0.14814814814814814,,judge-stub/unwired,19,35,1.443953727999542,1,0.0,0.0001403843902221777,1449.5597039949644,5.605975995422341,1443.953727999542,0.0,19e1267e270fb26a4e6da10a2e33f407c4cde82d,7fdc85f695827cd40610ae43ca440f13cb399989fda72657811baf795f8607dc,2026-09-19T13:53:21.580814+00:00,measured,measured,0.0,0
88,a08dee5feb27d2b4822318fc43ac2e47adfa61f040cd3686732f91e40cac9fe2,0,hotpotqa:0029,L0,v1,Qwen/Qwen2.5-1.5B-Instruct,The Amazon River historically connected to the Gulf of Guiana.,photosynthesis,0,0,0.0,,judge-stub/unwired,15,12,0.7013229859994681,1,0.0,6.818417919439273e-05,706.2659289995281,4.9429430000600405,701.3229859994681,0.0,19e1267e270fb26a4e6da10a2e33f407c4cde82d,7fdc85f695827cd40610ae43ca440f13cb399989fda72657811baf795f8607dc,2026-09-19T13:53:23.165149+00:00,measured,measured,0.0,0
89,46f3867f0aa9233dc73ca65d2fbe48f1ae25d83eafcfc5d316cea94223964035,1,hotpotqa:0029,L0,v1,Qwen/Qwen2.5-1.5B-Instruct,The Amazon River historically connected to a prehistoric lake that was part of the Earth's surface during the Pleistocene epoch.,photosynthesis,0,0,0.0,,judge-stub/unwired,15,25,1.2428844080004637,1,0.0,0.00012083598411115619,1248.6741539996729,5.789745999209117,1242.8844080004637,0.0,19e1267e270fb26a4e6da10a2e33f407c4cde82d,7fdc85f695827cd40610ae43ca440f13cb399989fda72657811baf795f8607dc,2026-09-19T13:53:24.704389+00:00,measured,measured,0.0,0
90,7421f0399b126203dcc978178bb94dc5b0059bd4d734c2a2a081645c80c06c83,2,hotpotqa:0029,L0,v1,Qwen/Qwen2.5-1.5B-Instruct,The Amazon River historically connected to the Pacific Ocean.,photosynthesis,0,0,0.0,,judge-stub/unwired,15,10,0.4490951590005352,1,0.0,4.3662029347274254e-05,460.97939500305074,11.884236002515536,449.0951590005352,0.0,19e1267e270fb26a4e6da10a2e33f407c4cde82d,7fdc85f695827cd40610ae43ca440f13cb399989fda72657811baf795f8607dc,2026-09-19T13:53:25.520300+00:00,measured,measured,0.0,0
91,4f1dc2134729b33166ff9cc53f7bc2af10e050a1b914eca0ae3791475e46100d,0,hotpotqa:0030,L0,v1,Qwen/Qwen2.5-1.5B-Instruct,"The Eiffel Tower was originally built for the 1889 Paris Exposition. During World War II, it became a symbol of resistance against Nazi rule in France.",World War II,0,0,0.23076923076923078,,judge-stub/unwired,17,36,1.4900981010005125,1,0.0,0.00014487064870838314,1495.1124739973238,5.014372996811289,1490.0981010005125,0.0,19e1267e270fb26a4e6da10a2e33f407c4cde82d,7fdc85f695827cd40610ae43ca440f13cb399989fda72657811baf795f8607dc,2026-09-19T13:53:27.308690+00:00,measured,measured,0.0,0
92,4dd724d9bc8c70f4fdaad9f0f2d915501271cd3dcd52b01ab2d02e08b7bac713,1,hotpotqa:0030,L0,v1,Qwen/Qwen2.5-1.5B-Instruct,The Eiffel Tower was originally constructed for the 1889 World's Fair.,World War II,0,0,0.15384615384615383,,judge-stub/unwired,17,19,0.8046045649998632,1,0.0,7.822544381943113e-05,809.6583729957274,5.05380799586419,804.6045649998632,0.0,19e1267e270fb26a4e6da10a2e33f407c4cde82d,7fdc85f695827cd40610ae43ca440f13cb399989fda72657811baf795f8607dc,2026-09-19T13:53:28.383548+00:00,measured,measured,0.0,0
93,87ff5ca09f19afa6b87e3d3a0663d3af49af4dd4e4a43d1375337bdcb134e043,2,hotpotqa:0030,L0,v1,Qwen/Qwen2.5-1.5B-Instruct,"The Eiffel Tower was built for the 1889 World's Fair. During World War II, it served as a radio relay station to communicate with Allied forces.",World War II,0,0,0.2222222222222222,,judge-stub/unwired,17,36,1.4787521469997955,1,0.0,0.00014376756984720235,1483.825379998052,5.073232998256572,1478.7521469997955,0.0,19e1267e270fb26a4e6da10a2e33f407c4cde82d,7fdc85f695827cd40610ae43ca440f13cb399989fda72657811baf795f8607dc,2026-09-19T13:53:30.150911+00:00,measured,measured,0.0,0
94,f7e1aa05ae0aaa41629481704ea0bba36856ec9bb7c801dc1cb05e6f684c2477,0,hotpotqa:0031,L0,v1,Qwen/Qwen2.5-1.5B-Instruct,"The Mona Lisa is a painting, while the Sahara Desert is a geographical feature. It was created in 1503, whereas the Sahara's formation began about 2 million years ago during the Pleistocene epoch.",Sahara Desert,0,0,0.13333333333333333,,judge-stub/unwired,19,45,1.8377160050004022,1,0.0,0.00017866683381948352,1849.5398180020857,11.823813001683448,1837.7160050004022,0.0,19e1267e270fb26a4e6da10a2e33f407c4cde82d,7fdc85f695827cd40610ae43ca440f13cb399989fda72657811baf795f8607dc,2026-09-19T13:53:32.274381+00:00,measured,measured,0.0,0
95,a8c8c0d63f6a4052aa26f20dbac7f9de288f17d8c1a064a47d2d96e6eb0ea324,1,hotpotqa:0031,L0,v1,Qwen/Qwen2.5-1.5B-Instruct,"The Mona Lisa is a painting, while the Sahara Desert is a geographical feature. Therefore, the Mona Lisa came first.",Sahara Desert,0,0,0.23529411764705882,,judge-stub/unwired,19,24,1.000911121000172,1,0.0,9.731080343057228e-05,1005.8201269985148,4.909005998342764,1000.911121000172,0.0,19e1267e270fb26a4e6da10a2e33f407c4cde82d,7fdc85f695827cd40610ae43ca440f13cb399989fda72657811baf795f8607dc,2026-09-19T13:53:33.557569+00:00,measured,measured,0.0,0
96,b869b1d8b282ae2e0fe7d7cad72f8c714216e511494fa654558d89a0e10d4e0f,2,hotpotqa:0031,L0,v1,Qwen/Qwen2.5-1.5B-Instruct,"The Mona Lisa was created by Leonardo da Vinci in 1503, long before the Sahara became a desert.",Sahara Desert,0,0,0.23529411764705882,,judge-stub/unwired,19,24,1.2783359330005624,1,0.0,0.00012428266015283244,1283.9616059955006,5.625672994938213,1278.3359330005624,0.0,19e1267e270fb26a4e6da10a2e33f407c4cde82d,7fdc85f695827cd40610ae43ca440f13cb399989fda72657811baf795f8607dc,2026-09-19T13:53:35.106376+00:00,measured,measured,0.0,0
97,f6ede5255313e2f792536e5eacec764fcc6dfb4f523d8ca5d5923281bd822aac,0,hotpotqa:0032,L0,v1,Qwen/Qwen2.5-1.5B-Instruct,"Marie Curie came first. Marie Curie was born in 1867, while the Pacific Ocean is an ocean that existed long before her birth in 1859.",Pacific Ocean,0,0,0.16,,judge-stub/unwired,19,38,1.8456457150005008,1,0.0,0.0001794377778472709,1854.8903109967796,9.244595996278804,1845.6457150005008,0.0,19e1267e270fb26a4e6da10a2e33f407c4cde82d,7fdc85f695827cd40610ae43ca440f13cb399989fda72657811baf795f8607dc,2026-09-19T13:53:37.254809+00:00,measured,measured,0.0,0
98,ca6340bf89e404a50821c8af6ca876ab6459d6a2ad76cc29e056647b0ba78cbd,1,hotpotqa:0032,L0,v1,Qwen/Qwen2.5-1.5B-Instruct,"The Pacific Ocean came first, as it is a body of water covering most of Earth's surface. Marie Curie was a scientist who lived in the late 19th and early 20th centuries.",Pacific Ocean,0,0,0.12903225806451613,,judge-stub/unwired,19,43,1.7310877300005814,1,0.0,0.00016830019597227874,1735.6985350015748,4.610805000993423,1731.0877300005814,0.0,19e1267e270fb26a4e6da10a2e33f407c4cde82d,7fdc85f695827cd40610ae43ca440f13cb399989fda72657811baf795f8607dc,2026-09-19T13:53:39.250910+00:00,measured,measured,0.0,0
99,0ed706b79c85b419a6f3bc0fcf92d47f667c96e98b665dedfa5d205a2e9259be,2,hotpotqa:0032,L0,v1,Qwen/Qwen2.5-1.5B-Instruct,"Marie Curie came first. She was born in 1867, while the Pacific Ocean is an ongoing body of water.",Pacific Ocean,0,0,0.21052631578947367,,judge-stub/unwired,19,27,1.1250984009993772,1,0.0,0.00010938456676382833,1133.407445998273,8.309044998895843,1125.0984009993772,0.0,19e1267e270fb26a4e6da10a2e33f407c4cde82d,7fdc85f695827cd40610ae43ca440f13cb399989fda72657811baf795f8607dc,2026-09-19T13:53:40.650882+00:00,measured,measured,0.0,0
100,f4cc2d4f78dbc71e56abfd3a741000647be5781b21ddf416ee69503087d6a789,0,hotpotqa:0033,L0,v1,Qwen/Qwen2.5-1.5B-Instruct,"The Pacific Ocean came first. Black holes are astronomical objects, while oceans are geological features of Earth.",black holes,0,0,0.2222222222222222,,judge-stub/unwired,19,20,0.8464216960001067,1,0.0,8.229099822223259e-05,851.1722569983249,4.750560998218134,846.4216960001067,0.0,19e1267e270fb26a4e6da10a2e33f407c4cde82d,7fdc85f695827cd40610ae43ca440f13cb399989fda72657811baf795f8607dc,2026-09-19T13:53:41.793512+00:00,measured,measured,0.0,0
101,dbc5e69c894bd826730696cd23c0ebb700c6166da03d125572c64eeebc3b31d7,1,hotpotqa:0033,L0,v1,Qwen/Qwen2.5-1.5B-Instruct,"The Pacific Ocean predated any black hole. Black holes are astronomical objects, while the ocean is a geological feature of Earth.",black holes,0,0,0.19999999999999998,,judge-stub/unwired,19,25,1.066494179000074,1,0.0,0.00010368693406945162,1076.8967320018419,10.402553001767956,1066.494179000074,0.0,19e1267e270fb26a4e6da10a2e33f407c4cde82d,7fdc85f695827cd40610ae43ca440f13cb399989fda72657811baf795f8607dc,2026-09-19T13:53:43.160160+00:00,measured,measured,0.0,0
102,6139892cfd42fd2c70bddd533f39a3c140dc7e4f198cbe67d5f5ecf42ca51df4,2,hotpotqa:0033,L0,v1,Qwen/Qwen2.5-1.5B-Instruct,"The Pacific Ocean predates any black hole. Black holes are astronomical objects, while the Pacific is a body of water on Earth.",black holes,0,0,0.1904761904761905,,judge-stub/unwired,19,26,1.0796585090001827,1,0.0,0.00010496679948612887,1084.203706000153,4.545196999970358,1079.6585090001827,0.0,19e1267e270fb26a4e6da10a2e33f407c4cde82d,7fdc85f695827cd40610ae43ca440f13cb399989fda72657811baf795f8607dc,2026-09-19T13:53:44.516244+00:00,measured,measured,0.0,0
103,62078754b7731fd700f2ef39e1ddea3d868f8a467a6962348d59939b4167202f,0,hotpotqa:0034,L0,v1,Qwen/Qwen2.5-1.5B-Instruct,"Photosynthesis came before black holes because it evolved naturally, while black hole formation is a theoretical concept in physics.",black holes,0,0,0.19999999999999998,,judge-stub/unwired,18,22,0.9127387739999904,1,0.0,8.873849191666573e-05,922.1359860011944,9.397212001204025,912.7387739999904,0.0,19e1267e270fb26a4e6da10a2e33f407c4cde82d,7fdc85f695827cd40610ae43ca440f13cb399989fda72657811baf795f8607dc,2026-09-19T13:53:45.709237+00:00,measured,measured,0.0,0
104,aac124d117819c621ae9b940d1b6788f5fee03a8612d942e58de0d3a8b2b538a,1,hotpotqa:0034,L0,v1,Qwen/Qwen2.5-1.5B-Instruct,"Photosynthesis came before black holes, as it evolved on Earth billions of years ago, while black holes are a theoretical concept arising from Einstein's theory of general relativity.",black holes,0,0,0.13333333333333333,,judge-stub/unwired,18,34,1.6746005600007265,1,0.0,0.0001628083877778484,1679.8496809942662,5.249120993539691,1674.6005600007265,0.0,19e1267e270fb26a4e6da10a2e33f407c4cde82d,7fdc85f695827cd40610ae43ca440f13cb399989fda72657811baf795f8607dc,2026-09-19T13:53:47.722801+00:00,measured,measured,0.0,0
105,87a627ed9a0a2c9fede82b2ed107c997fc77a2136289798eacfdcb56796b4b0f,2,hotpotqa:0034,L0,v1,Qwen/Qwen2.5-1.5B-Instruct,"Photosynthesis came before black holes, as it is a biological process occurring on Earth. Black holes are astrophysical objects formed by collapsed stars.",black holes,0,0,0.16666666666666669,,judge-stub/unwired,18,29,1.5363078760001372,1,0.0,0.00014936326572223554,1544.3973379969975,8.089461996860337,1536.3078760001372,0.0,19e1267e270fb26a4e6da10a2e33f407c4cde82d,7fdc85f695827cd40610ae43ca440f13cb399989fda72657811baf795f8607dc,2026-09-19T13:53:49.572822+00:00,measured,measured,0.0,0
106,314638ad7a3da7355d556c1b9164e48916c78efd76fbfc4b34170d69b4d1edf8,0,hotpotqa:0035,L0,v1,Qwen/Qwen2.5-1.5B-Instruct,"The Roman Empire came before the Pacific Ocean. The Roman Empire existed from 27 BC to 476 AD, while the Pacific Ocean was formed approximately 50 million years ago during the Cretaceous period.",Roman Empire,0,0,0.13333333333333333,,judge-stub/unwired,19,45,1.8385682909993193,1,0.0,0.00017874969495826714,1847.6072389948968,9.038947995577473,1838.5682909993193,0.0,19e1267e270fb26a4e6da10a2e33f407c4cde82d,7fdc85f695827cd40610ae43ca440f13cb399989fda72657811baf795f8607dc,2026-09-19T13:53:51.669940+00:00,measured,measured,0.0,0
107,7f4642d8ed65eed04831762b85d018cdbd4bf529a1aa02be71eb1ba55080e62d,1,hotpotqa:0035,L0,v1,Qwen/Qwen2.5-1.5B-Instruct,"The Roman Empire came before the Pacific Ocean. The Roman Empire existed from 27 BC to 476 AD, while the Pacific Ocean was formed about 50 million years ago during the formation of the Pacific Plate.",Roman Empire,0,0,0.125,,judge-stub/unwired,19,46,1.8940896340000108,1,0.0,0.0001841476033055566,1900.1809869960198,6.091352996008936,1894.0896340000108,0.0,19e1267e270fb26a4e6da10a2e33f407c4cde82d,7fdc85f695827cd40610ae43ca440f13cb399989fda72657811baf795f8607dc,2026-09-19T13:53:53.887630+00:00,measured,measured,0.0,0
108,7d184211b520117744cf9689936b49f99fd03ad3dc0aad5d7c6bc6c5c77ea89f,2,hotpotqa:0035,L0,v1,Qwen/Qwen2.5-1.5B-Instruct,"The Roman Empire came before the Pacific Ocean. The Roman Empire existed from 27 BC to 476 AD, while the Pacific Ocean was formed around 50 million years ago during the Cretaceous period.",Roman Empire,0,0,0.13333333333333333,,judge-stub/unwired,19,45,1.8953394249992925,1,0.0,0.00018426911076382008,1904.0698749968215,8.730449997528922,1895.3394249992925,0.0,19e1267e270fb26a4e6da10a2e33f407c4cde82d,7fdc85f695827cd40610ae43ca440f13cb399989fda72657811baf795f8607dc,2026-09-19T13:53:56.039843+00:00,measured,measured,0.0,0
109,fe6e353de7e753fc1ea79a2e3357b8edda040306b7288fcd0f8df11e46977df3,0,hotpotqa:0036,L0,v1,Qwen/Qwen2.5-1.5B-Instruct,Mount Everest and quantum mechanics are not connected historically.,Mount Everest,0,0,0.3636363636363636,,judge-stub/unwired,16,10,0.4466616689996954,1,0.0,4.3425440041637045e-05,451.5388790050565,4.877210005361121,446.6616689996954,0.0,19e1267e270fb26a4e6da10a2e33f407c4cde82d,7fdc85f695827cd40610ae43ca440f13cb399989fda72657811baf795f8607dc,2026-09-19T13:53:56.760326+00:00,measured,measured,0.0,0
110,6d41fdc72248a4ec66a639f3d3816c612004d9a205d1b7b1ee7e372833478f28,1,hotpotqa:0036,L0,v1,Qwen/Qwen2.5-1.5B-Instruct,"Mount Everest is connected to quantum mechanics through Sir Edmund Hillary's ascent in 1953, which was one of the first major achievements for climbers to venture into high-altitude environments. This event has indirectly influenced scientific understanding by highlighting the challenges faced by humans at extreme altitudes, potentially leading to advancements in mountaineering equipment and techniques that could have applications in space exploration or other extreme environments where quantum effects might be observed. However, it's important to note that while this connection exists, the direct historical link between the two fields is not as clear-cut as often depicted in popular media.",Mount Everest,0,0,0.0392156862745098,,judge-stub/unwired,16,119,5.585614335999708,1,0.0,0.0005430458382221937,5595.122206999804,9.507871000096202,5585.614335999708,0.0,19e1267e270fb26a4e6da10a2e33f407c4cde82d,7fdc85f695827cd40610ae43ca440f13cb399989fda72657811baf795f8607dc,2026-09-19T13:54:02.662518+00:00,measured,measured,0.0,0
111,fa02986f51cb6813646e5d320a75aa964506c50410abfafef25fb1eba58cfba2,2,hotpotqa:0036,L0,v1,Qwen/Qwen2.5-1.5B-Instruct,"The connection between Mount Everest and quantum mechanics is that climbers must overcome extreme conditions to reach the summit, which mirrors some of the challenges in understanding quantum phenomena.",Mount Everest,0,0,0.14285714285714288,,judge-stub/unwired,16,31,1.3034583260005093,1,0.0,0.00012672511502782727,1314.4505910013322,10.992265000822954,1303.4583260005093,0.0,19e1267e270fb26a4e6da10a2e33f407c4cde82d,7fdc85f695827cd40610ae43ca440f13cb399989fda72657811baf795f8607dc,2026-09-19T13:54:04.322120+00:00,measured,measured,0.0,0
112,3bd4059c74578b02007e27d49b6b2d84fa204424287ff897c74fcd07d6e3f637,0,hotpotqa:0037,L0,v1,Qwen/Qwen2.5-1.5B-Instruct,"The connection between mitochondria and quantum mechanics is historical, as both concepts were developed independently by scientists before their eventual interdisciplinary intersection.",mitochondria,0,0,0.0909090909090909,,judge-stub/unwired,15,25,1.0532226430004812,1,0.0,0.000102396645847269,1062.2026589990128,8.980015998531599,1053.2226430004812,0.0,19e1267e270fb26a4e6da10a2e33f407c4cde82d,7fdc85f695827cd40610ae43ca440f13cb399989fda72657811baf795f8607dc,2026-09-19T13:54:05.707023+00:00,measured,measured,0.0,0
113,b76c9917e0cc6ea6eaf232414f84baf02a4e6be1c3635e3d4ceaa020ea79372b,1,hotpotqa:0037,L0,v1,Qwen/Qwen2.5-1.5B-Instruct,"The connection between mitochondria and quantum mechanics is not directly historical, but both concepts have evolved from different scientific fields. Mitochondria are organelles in cells that generate energy through a process called oxidative phosphorylation, which involves complex chemical reactions. Quantum mechanics, on the other hand, deals with the behavior of matter and energy at the atomic and subatomic level. Both concepts have influenced each other over time as scientists continue to explore their respective domains. However, this relationship does not stem from a direct historical link between them.",mitochondria,0,0,0.024096385542168676,,judge-stub/unwired,15,105,4.267770892999579,1,0.0,0.0004149221701527368,4273.616856001354,5.84596300177509,4267.770892999579,0.0,19e1267e270fb26a4e6da10a2e33f407c4cde82d,7fdc85f695827cd40610ae43ca440f13cb399989fda72657811baf795f8607dc,2026-09-19T13:54:10.292854+00:00,measured,measured,0.0,0
114,929d8cbffe30e936f4daa14a3af683e3c459dc486532d19f95a999ec2e057980,2,hotpotqa:0037,L0,v1,Qwen/Qwen2.5-1.5B-Instruct,"The history of mitochondria's connection to quantum mechanics involves discoveries in the 1960s that mitochondrial DNA exhibits properties similar to quantum systems, suggesting a role for quantum effects in cellular energy production.",mitochondria,0,0,0.06451612903225806,,judge-stub/unwired,15,41,1.829097902000285,1,0.0,0.00017782896269447217,1833.8111510001909,4.7132489999057725,1829.097902000285,0.0,19e1267e270fb26a4e6da10a2e33f407c4cde82d,7fdc85f695827cd40610ae43ca440f13cb399989fda72657811baf795f8607dc,2026-09-19T13:54:12.412824+00:00,measured,measured,0.0,0
115,487e5f318a40439b9d1986ad9c00e1b890f71b62eac770353b59ac78c61fedb8,0,hotpotqa:0038,L0,v1,Qwen/Qwen2.5-1.5B-Instruct,"The Great Wall of China was built much earlier than the Sahara Desert. It dates back to the 7th century BC, while the Sahara began forming around 10 million years ago as a result of tectonic plate movements.",Sahara Desert,0,0,0.1142857142857143,,judge-stub/unwired,21,47,2.38188007700046,1,0.0,0.0002315716741528225,2386.962996000875,5.0829190004151314,2381.88007700046,0.0,19e1267e270fb26a4e6da10a2e33f407c4cde82d,7fdc85f695827cd40610ae43ca440f13cb399989fda72657811baf795f8607dc,2026-09-19T13:54:15.139151+00:00,measured,measured,0.0,0
116,4b186996ef514a2bcc5c94d44095f14a3c3baa8aef752a488a5097a26b9a0100,1,hotpotqa:0038,L0,v1,Qwen/Qwen2.5-1.5B-Instruct,"The Great Wall of China was built much earlier than the Sahara Desert, dating back to the 7th century BC. Its construction began long before the Sahara became a vast desert through prolonged climatic changes over thousands of years.",Sahara Desert,0,0,0.1111111111111111,,judge-stub/unwired,21,45,1.8247847860002366,1,0.0,0.00017740963197224521,1830.976955996448,6.192169996211305,1824.7847860002366,0.0,19e1267e270fb26a4e6da10a2e33f407c4cde82d,7fdc85f695827cd40610ae43ca440f13cb399989fda72657811baf795f8607dc,2026-09-19T13:54:17.416232+00:00,measured,measured,0.0,0
117,f5a7eb898420c1a6ab9e043ebd1d0b71a20dfbcc55d14f3525a7ecb0243e26af,2,hotpotqa:0038,L0,v1,Qwen/Qwen2.5-1.5B-Instruct,"The Great Wall of China came first. It was built over a period of several centuries starting in the 7th century BC, whereas the Sahara Desert is a natural geographic feature formed through geological processes over millions of years.",Sahara Desert,0,0,0.1111111111111111,,judge-stub/unwired,21,44,1.8125504620002175,1,0.0,0.0001762201838055767,1821.1093109966896,8.55884899647208,1812.5504620002175,0.0,19e1267e270fb26a4e6da10a2e33f407c4cde82d,7fdc85f695827cd40610ae43ca440f13cb399989fda72657811baf795f8607dc,2026-09-19T13:54:19.781374+00:00,measured,measured,0.0,0
118,fba94ca5ab64ce536186599af7ee46f239d6318ff84c6bc06942dcb606f7c7af,0,hotpotqa:0039,L0,v1,Qwen/Qwen2.5-1.5B-Instruct,"The ""Green Revolution"" in agriculture, which improved crop yields through increased use of fertilizers and pesticides.",photosynthesis,0,0,0.0,,judge-stub/unwired,16,21,0.90149079099956,1,0.0,8.76449380138461e-05,912.7044250026302,11.213634003070183,901.49079099956,0.0,19e1267e270fb26a4e6da10a2e33f407c4cde82d,7fdc85f695827cd40610ae43ca440f13cb399989fda72657811baf795f8607dc,2026-09-19T13:54:21.000720+00:00,measured,measured,0.0,0
119,576e1c305d20711981f7f04951b776a538249311109c039ba414ad3053bf1dab,1,hotpotqa:0039,L0,v1,Qwen/Qwen2.5-1.5B-Instruct,"The V-2 rocket, developed during World War II to aid in German military operations, utilized a design inspired by Charles Darwin's theory of natural selection. This connection demonstrates how scientific discoveries from one field can find applications in other unrelated areas, illustrating the interconnectedness between seemingly disparate fields like biology and technology.",photosynthesis,0,0,0.0,,judge-stub/unwired,16,61,2.507952292000482,1,0.0,0.0002438286950556024,2512.2071530004177,4.254860999935772,2507.952292000482,0.0,19e1267e270fb26a4e6da10a2e33f407c4cde82d,7fdc85f695827cd40610ae43ca440f13cb399989fda72657811baf795f8607dc,2026-09-19T13:54:23.823789+00:00,measured,measured,0.0,0
120,f69e64f0c3ae670b604d7b02e755a6a0c1d36318a4e912156bfd958f8d62762c,2,hotpotqa:0039,L0,v1,Qwen/Qwen2.5-1.5B-Instruct,"The V-2 rocket, developed during World War II for German military use, utilized a principle similar to that of photosynthesis in its propulsion system.",photosynthesis,0,0,0.08333333333333333,,judge-stub/unwired,16,30,1.595658516000185,1,0.0,0.0001551334668333513,1605.7528979999915,10.094381999806501,1595.658516000185,0.0,19e1267e270fb26a4e6da10a2e33f407c4cde82d,7fdc85f695827cd40610ae43ca440f13cb399989fda72657811baf795f8607dc,2026-09-19T13:54:26.031103+00:00,measured,measured,0.0,0
121,2b832c4dac1c06e42d78741e4ae44446e4bb0b768b52ee740a6ab93dc7373371,0,hotpotqa:0040,L0,v1,Qwen/Qwen2.5-1.5B-Instruct,"Photosynthesis came before the Roman Empire. It evolved around 2 billion years ago, predating human civilizations by millions of years.",Roman Empire,0,0,0.1904761904761905,,judge-stub/unwired,18,26,1.2226952649998566,1,0.0,0.00011887315076387493,1233.7032209961762,11.007955996319652,1222.6952649998566,0.0,19e1267e270fb26a4e6da10a2e33f407c4cde82d,7fdc85f695827cd40610ae43ca440f13cb399989fda72657811baf795f8607dc,2026-09-19T13:54:27.725453+00:00,measured,measured,0.0,0
122,977152266bfdb23a03dc57b1580a9cee93cb35aacaa7a6e47282ceabe8f52bad,1,hotpotqa:0040,L0,v1,Qwen/Qwen2.5-1.5B-Instruct,"Photosynthesis came before the Roman Empire. It is a natural process that occurred on Earth long before humans existed, while the Roman Empire was an ancient political and cultural entity.",Roman Empire,0,0,0.14285714285714288,,judge-stub/unwired,18,34,1.3697026050003842,1,0.0,0.00013316553104170402,1374.346637000599,4.644032000214793,1369.7026050003842,0.0,19e1267e270fb26a4e6da10a2e33f407c4cde82d,7fdc85f695827cd40610ae43ca440f13cb399989fda72657811baf795f8607dc,2026-09-19T13:54:29.375599+00:00,measured,measured,0.0,0
123,dd91d02bc6fb3a2ef612f216649d4300cc42d0a2ccf81c9c6c2999ba86a08bf3,2,hotpotqa:0040,L0,v1,Qwen/Qwen2.5-1.5B-Instruct,"Photosynthesis came before the Roman Empire. It evolved as a biological process around 3 billion years ago, predating human civilizations by millions of years. The Romans emerged in the 8th century BCE and were a civilization that lasted until the 5th century CE, long after photosynthetic organisms had developed their complex metabolic pathways.",Roman Empire,0,0,0.08163265306122448,,judge-stub/unwired,18,67,2.646682568999495,1,0.0,0.00025731636087495085,2651.74995000325,5.067381003755145,2646.682568999495,0.0,19e1267e270fb26a4e6da10a2e33f407c4cde82d,7fdc85f695827cd40610ae43ca440f13cb399989fda72657811baf795f8607dc,2026-09-19T13:54:32.355175+00:00,measured,measured,0.0,0
124,e0b43c6a87eaab46445661a2be02897c9637a58b5e13bb0a037af35ad2befa9a,0,hotpotqa:0041,L0,v1,Qwen/Qwen2.5-1.5B-Instruct,The Silk Road.,Mount Everest,0,0,0.0,,judge-stub/unwired,15,4,0.20485817299959308,1,0.0,1.991676681940488e-05,214.77252100339683,9.914348003803752,204.85817299959308,0.0,19e1267e270fb26a4e6da10a2e33f407c4cde82d,7fdc85f695827cd40610ae43ca440f13cb399989fda72657811baf795f8607dc,2026-09-19T13:54:32.868535+00:00,measured,measured,0.0,0
125,1ea54531c7abaf691255072c0cb4fdee2d9098ccae9825a04fffb0c0d92a5496,1,hotpotqa:0041,L0,v1,Qwen/Qwen2.5-1.5B-Instruct,Mountaineering.,Mount Everest,0,0,0.0,,judge-stub/unwired,15,4,0.2021213930001977,1,0.0,1.965069098613033e-05,207.23943999655603,5.118046996358316,202.1213930001977,0.0,19e1267e270fb26a4e6da10a2e33f407c4cde82d,7fdc85f695827cd40610ae43ca440f13cb399989fda72657811baf795f8607dc,2026-09-19T13:54:33.383901+00:00,measured,measured,0.0,0
126,f44b788aeb928630ec173d6ad9ce38c5f84534077d1dd72643d839d5e447af3b,2,hotpotqa:0041,L0,v1,Qwen/Qwen2.5-1.5B-Instruct,"The Himalayas, which include Mount Everest.",Mount Everest,0,0,0.5714285714285715,,judge-stub/unwired,15,9,0.3989983879991996,1,0.0,3.879150994436663e-05,403.96825700463523,4.969869005435612,398.9983879991996,0.0,19e1267e270fb26a4e6da10a2e33f407c4cde82d,7fdc85f695827cd40610ae43ca440f13cb399989fda72657811baf795f8607dc,2026-09-19T13:54:34.060305+00:00,measured,measured,0.0,0
127,8158f96278b215e868ec677af0f5bdddbecaf2e5bbef042cd7f3ee2b1c87c3c3,0,hotpotqa:0042,L0,v1,Qwen/Qwen2.5-1.5B-Instruct,The Great Wall of China is connected to mitochondrial DNA.,Great Wall of China,0,0,0.6153846153846153,,judge-stub/unwired,17,11,0.5012049580000166,1,0.0,4.872825980555717e-05,510.7249379980203,9.519979998003691,501.20495800001663,0.0,19e1267e270fb26a4e6da10a2e33f407c4cde82d,7fdc85f695827cd40610ae43ca440f13cb399989fda72657811baf795f8607dc,2026-09-19T13:54:34.889220+00:00,measured,measured,0.0,0
128,96dc9b73bd4f10bf86cd5a3f65f13b5bedf4d5f3f6d77a3a38e18553061c79e3,1,hotpotqa:0042,L0,v1,Qwen/Qwen2.5-1.5B-Instruct,Trade routes.,Great Wall of China,0,0,0.0,,judge-stub/unwired,17,3,0.16543210899999394,1,0.0,1.60836772638883e-05,175.73535699648346,10.303247996489517,165.43210899999394,0.0,19e1267e270fb26a4e6da10a2e33f407c4cde82d,7fdc85f695827cd40610ae43ca440f13cb399989fda72657811baf795f8607dc,2026-09-19T13:54:35.353852+00:00,measured,measured,0.0,0
129,94f538ef6811e81b0efbcd02b5826ae03d1da93a471fcc183b0f9cc71608f198,2,hotpotqa:0042,L0,v1,Qwen/Qwen2.5-1.5B-Instruct,"The Great Wall of China is associated with historical Chinese military fortifications, not directly related to mitochondrial DNA.",Great Wall of China,0,0,0.38095238095238093,,judge-stub/unwired,17,21,0.8631256660000872,1,0.0,8.391499530556402e-05,871.295463001843,8.169797001755796,863.1256660000872,0.0,19e1267e270fb26a4e6da10a2e33f407c4cde82d,7fdc85f695827cd40610ae43ca440f13cb399989fda72657811baf795f8607dc,2026-09-19T13:54:36.568978+00:00,measured,measured,0.0,0
130,ccfbba0511f82ae1edc5cd43bd6712a03038de92264bc7919af8da685b46807f,0,hotpotqa:0043,L0,v1,Qwen/Qwen2.5-1.5B-Instruct,"Shakespeare came first; he was a playwright in the 16th century, while neural networks are a modern technology that emerged in the late 20th century.",Shakespeare,0,0,0.0909090909090909,,judge-stub/unwired,18,34,1.8057083010007773,1,0.0,0.0001755549737084089,1814.2117629995482,8.503461998770945,1805.7083010007773,0.0,19e1267e270fb26a4e6da10a2e33f407c4cde82d,7fdc85f695827cd40610ae43ca440f13cb399989fda72657811baf795f8607dc,2026-09-19T13:54:39.042779+00:00,measured,measured,0.0,0
131,8210c5a5aba54818518d14847d0c8e40224f4249783c982f584c98bb10de7675,1,hotpotqa:0043,L0,v1,Qwen/Qwen2.5-1.5B-Instruct,"Shakespeare came first, as he was a 16th-century English playwright. Neural networks are more recent developments in artificial intelligence that emerged later in the 20th century. Their development is driven by advancements in computer technology and machine learning algorithms.",Shakespeare,0,0,0.05128205128205127,,judge-stub/unwired,18,50,2.0135934220006675,1,0.0,0.00019576602713895376,2021.4522800006307,7.85885799996322,2013.5934220006675,0.0,19e1267e270fb26a4e6da10a2e33f407c4cde82d,7fdc85f695827cd40610ae43ca440f13cb399989fda72657811baf795f8607dc,2026-09-19T13:54:41.772450+00:00,measured,measured,0.0,0
132,1c4e2524283e453020a314c12b18756273a9932c5854afe1443d2fe025bf134b,2,hotpotqa:0043,L0,v1,Qwen/Qwen2.5-1.5B-Instruct,"Shakespeare originated in 16th century England, while neural networks were developed in the mid-20th century.",Shakespeare,0,0,0.125,,judge-stub/unwired,18,24,0.996550696999293,1,0.0,9.68868733193757e-05,1006.7174829991927,10.16678599989973,996.550696999293,0.0,19e1267e270fb26a4e6da10a2e33f407c4cde82d,7fdc85f695827cd40610ae43ca440f13cb399989fda72657811baf795f8607dc,2026-09-19T13:54:43.099522+00:00,measured,measured,0.0,0
133,17012134803ca0120c2936113a0d18ff6ab05b002bb97afec84dc27c78c3f30a,0,hotpotqa:0044,L0,v1,Qwen/Qwen2.5-1.5B-Instruct,Marie Curie connected neural networks to physics.,neural networks,0,0,0.4444444444444445,,judge-stub/unwired,16,9,0.424778334999246,1,0.0,4.1297893680482245e-05,433.42424299680715,8.645907997561153,424.778334999246,0.0,19e1267e270fb26a4e6da10a2e33f407c4cde82d,7fdc85f695827cd40610ae43ca440f13cb399989fda72657811baf795f8607dc,2026-09-19T13:54:43.838213+00:00,measured,measured,0.0,0
134,ec904b5b95d55a64e3bdd0853f6bdac56bac5571fac55c77c95a32d42d7c9d83,1,hotpotqa:0044,L0,v1,Qwen/Qwen2.5-1.5B-Instruct,Marie Curie connected neural networks to physics.,neural networks,0,0,0.4444444444444445,,judge-stub/unwired,16,9,0.4206537390000449,1,0.0,4.0896891291671025e-05,425.16273799446935,4.5089989944244735,420.6537390000449,0.0,19e1267e270fb26a4e6da10a2e33f407c4cde82d,7fdc85f695827cd40610ae43ca440f13cb399989fda72657811baf795f8607dc,2026-09-19T13:54:46.676086+00:00,measured,measured,0.0,0
135,39bb26a8775aca20454d654553d44994e83292d81953fb86e49807fe583c0330,2,hotpotqa:0044,L0,v1,Qwen/Qwen2.5-1.5B-Instruct,Marie Curie connected neural networks to physics.,neural networks,0,0,0.4444444444444445,,judge-stub/unwired,16,9,0.40001093100090657,1,0.0,3.888995162508814e-05,412.1143390011639,12.103408000257332,400.01093100090657,0.0,19e1267e270fb26a4e6da10a2e33f407c4cde82d,7fdc85f695827cd40610ae43ca440f13cb399989fda72657811baf795f8607dc,2026-09-19T13:54:47.413956+00:00,measured,measured,0.0,0
136,a509f3e3ec6814f56d0181dfcf0450f20f69821122d0aff4012b2e4989f2e3e1,0,hotpotqa:0045,L0,v1,Qwen/Qwen2.5-1.5B-Instruct,"The Great Wall of China came first, as it was built during the Qin Dynasty (221-206 BCE) while Mount Everest did not exist until much later.",Mount Everest,0,0,0.14814814814814814,,judge-stub/unwired,21,36,1.4870554789995367,1,0.0,0.00014457483823606605,1492.7821320052317,5.7266530056949705,1487.0554789995367,0.0,19e1267e270fb26a4e6da10a2e33f407c4cde82d,7fdc85f695827cd40610ae43ca440f13cb399989fda72657811baf795f8607dc,2026-09-19T13:54:49.277341+00:00,measured,measured,0.0,0
137,023d7e8ce7736b7d09efef0ea7adbc3983c533d602fe7dc932fe3f8eeb739052,1,hotpotqa:0045,L0,v1,Qwen/Qwen2.5-1.5B-Instruct,"The Great Wall of China was built much earlier than Mount Everest. It was constructed over 2,000 years ago, while Mount Everest is a modern-day mountain created by tectonic activity.",Mount Everest,0,0,0.125,,judge-stub/unwired,21,41,2.191689595999378,1,0.0,0.00021308093294438398,2196.770198000195,5.080602000816725,2191.689595999378,0.0,19e1267e270fb26a4e6da10a2e33f407c4cde82d,7fdc85f695827cd40610ae43ca440f13cb399989fda72657811baf795f8607dc,2026-09-19T13:54:51.851900+00:00,measured,measured,0.0,0
138,7ef3f721e36c314b68398b7a1c1951f1d521d671a0d12d4ba567d5fe1c9f33c6,2,hotpotqa:0045,L0,v1,Qwen/Qwen2.5-1.5B-Instruct,"The Great Wall of China came first. It was built over centuries as a defensive project, while Mount Everest is an active volcano on Earth's surface.",Mount Everest,0,0,0.15384615384615385,,judge-stub/unwired,21,30,1.2418935440000496,1,0.0,0.00012073965011111593,1262.9281440022169,21.03460000216728,1241.8935440000496,0.0,19e1267e270fb26a4e6da10a2e33f407c4cde82d,7fdc85f695827cd40610ae43ca440f13cb399989fda72657811baf795f8607dc,2026-09-19T13:54:53.445301+00:00,measured,measured,0.0,0
139,63a9783308ef2410c4451d6db4d4dd8ab69be188140fbd89db7ef0b29714eaad,0,hotpotqa:0046,L0,v1,Qwen/Qwen2.5-1.5B-Instruct,"Mitochondria likely came first, as they are thought to have evolved from ancient bacterial symbionts that lived in early eukaryotic cells. Gravity is a force of attraction between two masses, originating from Newton's law of universal gravitation.",gravity,0,0,0.052631578947368425,,judge-stub/unwired,17,50,2.032011839000006,1,0.0,0.000197556706569445,2038.8896659997044,6.8778269996983,2032.0118390000061,0.0,19e1267e270fb26a4e6da10a2e33f407c4cde82d,7fdc85f695827cd40610ae43ca440f13cb399989fda72657811baf795f8607dc,2026-09-19T13:54:55.762386+00:00,measured,measured,0.0,0
140,f1a3286edd6345ab29e7da013c8e37a4761d2f6ddee3243b933d1c8b21746fec,1,hotpotqa:0046,L0,v1,Qwen/Qwen2.5-1.5B-Instruct,"Mitochondria likely came first, as they have their own DNA and are self-sufficient. Gravity was discovered later in astronomy.",gravity,0,0,0.09523809523809523,,judge-stub/unwired,17,26,1.0708231460002935,1,0.0,0.00010410780586113963,1079.6563870017053,8.833241001411807,1070.8231460002935,0.0,19e1267e270fb26a4e6da10a2e33f407c4cde82d,7fdc85f695827cd40610ae43ca440f13cb399989fda72657811baf795f8607dc,2026-09-19T13:54:57.125126+00:00,measured,measured,0.0,0
141,a6345c10403ada03e8af84811915a124bebd34c72daad991037e999981dfdadf,2,hotpotqa:0046,L0,v1,Qwen/Qwen2.5-1.5B-Instruct,"Mitochondria came first, as they are thought to have originated from an ancient symbiotic relationship between bacteria and early eukaryotic cells. Gravity is a force of attraction that exists in all matter due to its mass.",gravity,0,0,0.05714285714285715,,judge-stub/unwired,17,45,1.815292385000248,1,0.0,0.00017648675965280188,1825.1421140021193,9.84972900187131,1815.292385000248,0.0,19e1267e270fb26a4e6da10a2e33f407c4cde82d,7fdc85f695827cd40610ae43ca440f13cb399989fda72657811baf795f8607dc,2026-09-19T13:54:59.244398+00:00,measured,measured,0.0,0
142,772920e0b673d574cf3999fa72cf784a29f75f2277a29b98960ead74ab3333b4,0,hotpotqa:0047,L0,v1,Qwen/Qwen2.5-1.5B-Instruct,"The Eiffel Tower predates William Shakespeare by several centuries. It was built in 1889, while Shakespeare lived from 1564 to 1616.",Eiffel Tower,0,0,0.18181818181818182,,judge-stub/unwired,18,39,1.5766160470002433,1,0.0,0.0001532821156805792,1585.7541150026009,9.138068002357613,1576.6160470002433,0.0,19e1267e270fb26a4e6da10a2e33f407c4cde82d,7fdc85f695827cd40610ae43ca440f13cb399989fda72657811baf795f8607dc,2026-09-19T13:55:01.159988+00:00,measured,measured,0.0,0
143,88eb9ccfbf2c2b6a693454ec2269ceabbfbfcb1efa91e420375ddb01d086b680,1,hotpotqa:0047,L0,v1,Qwen/Qwen2.5-1.5B-Instruct,"The Eiffel Tower was built in 1889, while Shakespeare's works were written centuries earlier.",Eiffel Tower,0,0,0.25,,judge-stub/unwired,18,23,1.1361541819997,1,0.0,0.00011045943436108195,1144.3866789986714,8.232496998971328,1136.1541819997,0.0,19e1267e270fb26a4e6da10a2e33f407c4cde82d,7fdc85f695827cd40610ae43ca440f13cb399989fda72657811baf795f8607dc,2026-09-19T13:55:02.580711+00:00,measured,measured,0.0,0
144,7bd5fe002aa5660badcbed9d71edcc1c831c74b11ef1020d861926a8246a6c4b,2,hotpotqa:0047,L0,v1,Qwen/Qwen2.5-1.5B-Instruct,"The Eiffel Tower was built in 1889, while William Shakespeare wrote his plays between approximately 1564 and 1613. Therefore, Shakespeare's works came first chronologically.",Eiffel Tower,0,0,0.15384615384615385,,judge-stub/unwired,18,44,2.2996322130002227,1,0.0,0.0002235753540416883,2308.30585300464,8.673640004417393,2299.6322130002227,0.0,19e1267e270fb26a4e6da10a2e33f407c4cde82d,7fdc85f695827cd40610ae43ca440f13cb399989fda72657811baf795f8607dc,2026-09-19T13:55:05.154341+00:00,measured,measured,0.0,0
145,fc72c79e300a0f111c9cad26d3a2979dbad61a49775b72baad8ffdd291fd0e95,0,hotpotqa:0048,L0,v1,Qwen/Qwen2.5-1.5B-Instruct,Mountaineering expeditions.,DNA,0,0,0.0,,judge-stub/unwired,15,6,0.3153266890003579,1,0.0,3.0656761430590345e-05,323.00419000239344,7.677501002035569,315.3266890003579,0.0,19e1267e270fb26a4e6da10a2e33f407c4cde82d,7fdc85f695827cd40610ae43ca440f13cb399989fda72657811baf795f8607dc,2026-09-19T13:55:05.753364+00:00,measured,measured,0.0,0
146,1275408891ab5b4d06fd8ec2150307f5fbd75324037f80a4187be1512c1af1c3,1,hotpotqa:0048,L0,v1,Qwen/Qwen2.5-1.5B-Instruct,"The Himalayan range, which includes Mount Everest.",DNA,0,0,0.0,,judge-stub/unwired,15,10,0.4329011019999598,1,0.0,4.2087607138884976e-05,438.4914599995682,5.590357999608386,432.9011019999598,0.0,19e1267e270fb26a4e6da10a2e33f407c4cde82d,7fdc85f695827cd40610ae43ca440f13cb399989fda72657811baf795f8607dc,2026-09-19T13:55:06.484748+00:00,measured,measured,0.0,0
147,a7dbeeedea4a883e4a17f0377e41dd214c6caf62eeabf76c68416d86db17fd25,2,hotpotqa:0048,L0,v1,Qwen/Qwen2.5-1.5B-Instruct,Mountaineering expeditions.,DNA,0,0,0.0,,judge-stub/unwired,15,6,0.2834707179999896,1,0.0,2.7559653138887875e-05,288.18025500277145,4.709537002781872,283.4707179999896,0.0,19e1267e270fb26a4e6da10a2e33f407c4cde82d,7fdc85f695827cd40610ae43ca440f13cb399989fda72657811baf795f8607dc,2026-09-19T13:55:07.055994+00:00,measured,measured,0.0,0
148,ef928c6ca094990b2d0863766ab7d9851058a50b380e72451f3851c25198a1ad,0,hotpotqa:0049,L0,v1,Qwen/Qwen2.5-1.5B-Instruct,"Gravity came before the Eiffel Tower. The tower was constructed in 1889, while gravity is a fundamental force of nature that existed long before its construction.",Eiffel Tower,0,0,0.16,,judge-stub/unwired,18,35,1.464599461999569,1,0.0,0.0001423916143610692,1475.1027649972457,10.503302997676656,1464.599461999569,0.0,19e1267e270fb26a4e6da10a2e33f407c4cde82d,7fdc85f695827cd40610ae43ca440f13cb399989fda72657811baf795f8607dc,2026-09-19T13:55:08.814552+00:00,measured,measured,0.0,0
149,38d448c18858a0f25762f7271f70909f8b9e7ead4b55b4c7f4d551a2be3ec999,1,hotpotqa:0049,L0,v1,Qwen/Qwen2.5-1.5B-Instruct,Gravity came first. The Eiffel Tower was constructed in 1889.,Eiffel Tower,0,0,0.3636363636363636,,judge-stub/unwired,18,18,0.7723104079996119,1,0.0,7.508573411107338e-05,778.2368859989219,5.926477999310009,772.3104079996119,0.0,19e1267e270fb26a4e6da10a2e33f407c4cde82d,7fdc85f695827cd40610ae43ca440f13cb399989fda72657811baf795f8607dc,2026-09-19T13:55:09.870880+00:00,measured,measured,0.0,0
150,1776b89714d771f5ff8e3c4f678a059dd1e2575aa097b3e2748d70c0c7dadd27,2,hotpotqa:0049,L0,v1,Qwen/Qwen2.5-1.5B-Instruct,"Gravity came first, as it is a fundamental force of nature that affects all objects in the universe. The Eiffel Tower was built later, specifically during the late 19th century.",Eiffel Tower,0,0,0.14285714285714288,,judge-stub/unwired,18,39,1.584876744000212,1,0.0,0.0001540852390000206,1592.3739160025434,7.497172002331354,1584.876744000212,0.0,19e1267e270fb26a4e6da10a2e33f407c4cde82d,7fdc85f695827cd40610ae43ca440f13cb399989fda72657811baf795f8607dc,2026-09-19T13:55:11.721949+00:00,measured,measured,0.0,0
151,2cd7a7ca04f40a8ce5a83453a74636afd3d7f53bc94ce9fbd2d25773b092658d,0,nq:0000,L0,v1,Qwen/Qwen2.5-1.5B-Instruct,Mitochondria are located in the cytoplasm of eukaryotic cells.,mitochondria,0,0,0.2222222222222222,,judge-stub/unwired,12,17,0.7250338700005159,1,0.0,7.048940402782794e-05,732.8567140039013,7.8228440033853985,725.0338700005159,0.0,19e1267e270fb26a4e6da10a2e33f407c4cde82d,7fdc85f695827cd40610ae43ca440f13cb399989fda72657811baf795f8607dc,2026-09-19T13:55:12.702620+00:00,measured,measured,0.0,0
152,ec47ea96dddab236d03afb211145926fa40aa021e0662e0905bc8fca191ab0ae,1,nq:0000,L0,v1,Qwen/Qwen2.5-1.5B-Instruct,Mitochondria are located in the cytoplasm of eukaryotic cells.,mitochondria,0,0,0.2222222222222222,,judge-stub/unwired,12,17,0.7212312450001264,1,0.0,7.011970437501228e-05,725.6394750011168,4.408230000990443,721.2312450001264,0.0,19e1267e270fb26a4e6da10a2e33f407c4cde82d,7fdc85f695827cd40610ae43ca440f13cb399989fda72657811baf795f8607dc,2026-09-19T13:55:13.704351+00:00,measured,measured,0.0,0
153,3f0874511bb7d73eb4b3d7677e59d03412aef212b05200ca9dc0afc8cf885580,2,nq:0000,L0,v1,Qwen/Qwen2.5-1.5B-Instruct,Mitochondria are located in the cytoplasm of cells.,mitochondria,0,0,0.25,,judge-stub/unwired,12,13,0.5480418890001602,1,0.0,5.328185031946001e-05,552.7948529997957,4.75296399963554,548.0418890001602,0.0,19e1267e270fb26a4e6da10a2e33f407c4cde82d,7fdc85f695827cd40610ae43ca440f13cb399989fda72657811baf795f8607dc,2026-09-19T13:55:14.546733+00:00,measured,measured,0.0,0
154,a60087326b0f09420cdb3ae93c6b79909c3396928cf7f1dcd50ee903247bec1a,0,nq:0001,L0,v1,Qwen/Qwen2.5-1.5B-Instruct,"Niels Bohr and Werner Heisenberg are credited as key contributors to the development of quantum mechanics. However, it's important to note that the discovery of quantum mechanics was a collective effort over many years involving various scientists including Max Planck, Albert Einstein, Louis de Broglie, Erwin Schrödinger, and others. The term ""quantum mechanics"" itself is attributed to Paul Dirac in 1926 when he introduced the concept to describe the statistical behavior of particles described by wave functions. Therefore, while individual contributions were significant, the full understanding and formalization of quantum mechanics emerged through collaborative efforts.",quantum mechanics,0,0,0.04395604395604395,,judge-stub/unwired,12,127,5.859612750000451,1,0.0,0.0005696845729167106,5863.768135002829,4.155385002377443,5859.612750000451,0.0,19e1267e270fb26a4e6da10a2e33f407c4cde82d,7fdc85f695827cd40610ae43ca440f13cb399989fda72657811baf795f8607dc,2026-09-19T13:55:20.653238+00:00,measured,measured,0.0,0
155,356d85324457f7e45857fd2e65b468e57c01a7c2f40dcc53169530cbf630beb5,1,nq:0001,L0,v1,Qwen/Qwen2.5-1.5B-Instruct,Niels Bohr and Werner Heisenberg independently developed quantum mechanics in the 1920s.,quantum mechanics,0,0,0.3076923076923077,,judge-stub/unwired,12,22,0.9331673860006049,1,0.0,9.072460697228102e-05,937.4429750032505,4.2755890026455745,933.1673860006049,0.0,19e1267e270fb26a4e6da10a2e33f407c4cde82d,7fdc85f695827cd40610ae43ca440f13cb399989fda72657811baf795f8607dc,2026-09-19T13:55:21.843377+00:00,measured,measured,0.0,0
156,eb0e25f6901f0820833ade809505d6061898ab905b659261c367f759df8f3df4,2,nq:0001,L0,v1,Qwen/Qwen2.5-1.5B-Instruct,Werner Heisenberg and Niels Bohr are credited as key figures in the development of quantum mechanics.,quantum mechanics,0,0,0.23529411764705882,,judge-stub/unwired,12,21,0.8853592059995208,1,0.0,8.607658947217563e-05,890.3866509963336,5.0274449968128465,885.3592059995208,0.0,19e1267e270fb26a4e6da10a2e33f407c4cde82d,7fdc85f695827cd40610ae43ca440f13cb399989fda72657811baf795f8607dc,2026-09-19T13:55:22.974343+00:00,measured,measured,0.0,0
157,23f34b6a3bd858131961814432f26fad8148c853ca8932cd7b38438df78746d1,0,nq:0002,L0,v1,Qwen/Qwen2.5-1.5B-Instruct,The Eiffel Tower was built in 1889.,Eiffel Tower,0,0,0.5,,judge-stub/unwired,13,14,0.615460527000323,1,0.0,5.9836440125031405e-05,619.8465560028126,4.386029002489522,615.460527000323,0.0,19e1267e270fb26a4e6da10a2e33f407c4cde82d,7fdc85f695827cd40610ae43ca440f13cb399989fda72657811baf795f8607dc,2026-09-19T13:55:23.849569+00:00,measured,measured,0.0,0
158,43a3853867b5ea0d748183749f5fc1d711c9178e08f01838fd1da69338cde179,1,nq:0002,L0,v1,Qwen/Qwen2.5-1.5B-Instruct,The Eiffel Tower was built in 1889.,Eiffel Tower,0,0,0.5,,judge-stub/unwired,13,14,0.6179461200008518,1,0.0,6.0078095000082816e-05,622.2676980032702,4.321578002418391,617.9461200008518,0.0,19e1267e270fb26a4e6da10a2e33f407c4cde82d,7fdc85f695827cd40610ae43ca440f13cb399989fda72657811baf795f8607dc,2026-09-19T13:55:24.703303+00:00,measured,measured,0.0,0
159,bae70a75c51351577587630968bc594d6bfe0bdf426ad4e8dbf30e7f5378e4bc,2,nq:0002,L0,v1,Qwen/Qwen2.5-1.5B-Instruct,The Eiffel Tower was completed in 1889.,Eiffel Tower,0,0,0.5,,judge-stub/unwired,13,14,0.6026134069998079,1,0.0,5.858741456942577e-05,606.9625620020815,4.349155002273619,602.6134069998079,0.0,19e1267e270fb26a4e6da10a2e33f407c4cde82d,7fdc85f695827cd40610ae43ca440f13cb399989fda72657811baf795f8607dc,2026-09-19T13:55:25.549706+00:00,measured,measured,0.0,0
160,9419259a64afbf1ed27acf7970508d27f1e406269adb5b2c505de20a5d87574b,0,nq:0003,L0,v1,Qwen/Qwen2.5-1.5B-Instruct,The Roman Empire began in 27 BC and lasted until its fall in 476 AD.,Roman Empire,0,0,0.25,,judge-stub/unwired,13,21,0.8830651079997551,1,0.0,8.585355216664285e-05,887.330489001215,4.2653810014599,883.0651079997551,0.0,19e1267e270fb26a4e6da10a2e33f407c4cde82d,7fdc85f695827cd40610ae43ca440f13cb399989fda72657811baf795f8607dc,2026-09-19T13:55:26.734733+00:00,measured,measured,0.0,0
161,8ba9fd513ab4a63461b3d8f880fbf3237f87c5903e4c08de9cf0eb618acea6c8,1,nq:0003,L0,v1,Qwen/Qwen2.5-1.5B-Instruct,The Roman Empire existed from 27 BC to 476 AD.,Roman Empire,0,0,0.3636363636363636,,judge-stub/unwired,13,16,0.7501524159997643,1,0.0,7.293148488886597e-05,756.3726000043971,6.220184004632756,750.1524159997643,0.0,19e1267e270fb26a4e6da10a2e33f407c4cde82d,7fdc85f695827cd40610ae43ca440f13cb399989fda72657811baf795f8607dc,2026-09-19T13:55:27.729750+00:00,measured,measured,0.0,0
162,a955e14e975194171e1ecaf1b1bde7282d702132253c37d9b3eb9dca0b6b3a61,2,nq:0003,L0,v1,Qwen/Qwen2.5-1.5B-Instruct,The Roman Empire existed from 27 BC to 476 AD.,Roman Empire,0,0,0.3636363636363636,,judge-stub/unwired,13,16,0.8967660910002451,1,0.0,8.718559218057938e-05,906.0533579995536,9.287266999308486,896.7660910002451,0.0,19e1267e270fb26a4e6da10a2e33f407c4cde82d,7fdc85f695827cd40610ae43ca440f13cb399989fda72657811baf795f8607dc,2026-09-19T13:55:28.875340+00:00,measured,measured,0.0,0
163,98c8e6397d48f12516db1dc9497021764488fb337e4a904c243faf78ffbce885,0,nq:0004,L0,v1,Qwen/Qwen2.5-1.5B-Instruct,Sir George Everest.,Mount Everest,0,0,0.4,,judge-stub/unwired,12,4,0.298885424999753,1,0.0,2.905830520830932e-05,306.9755339965923,8.090108996839263,298.885424999753,0.0,19e1267e270fb26a4e6da10a2e33f407c4cde82d,7fdc85f695827cd40610ae43ca440f13cb399989fda72657811baf795f8607dc,2026-09-19T13:55:29.434137+00:00,measured,measured,0.0,0
164,1bb5ddf1c251edc30652bb05e43d9f43ccfd54a4adbb4080d597bac9477bb9dc,1,nq:0004,L0,v1,Qwen/Qwen2.5-1.5B-Instruct,Sir George Everest,Mount Everest,0,0,0.4,,judge-stub/unwired,12,3,0.2405776710002101,1,0.0,2.338949579168709e-05,248.71756200445816,8.139891004248057,240.5776710002101,0.0,19e1267e270fb26a4e6da10a2e33f407c4cde82d,7fdc85f695827cd40610ae43ca440f13cb399989fda72657811baf795f8607dc,2026-09-19T13:55:29.951209+00:00,measured,measured,0.0,0
165,b406149ed1fc0404bc7cfbbecbcdaf1f805fc77037f627e076daaef336088349,2,nq:0004,L0,v1,Qwen/Qwen2.5-1.5B-Instruct,Sir George Everest.,Mount Everest,0,0,0.4,,judge-stub/unwired,12,4,0.21328279499994096,1,0.0,2.0735827291660928e-05,221.5514939989589,8.268698999017943,213.28279499994096,0.0,19e1267e270fb26a4e6da10a2e33f407c4cde82d,7fdc85f695827cd40610ae43ca440f13cb399989fda72657811baf795f8607dc,2026-09-19T13:55:30.437517+00:00,measured,measured,0.0,0
166,e3755e587e3096e80adabb0e204a8a787125054330e585aee0aa7e1d8c3f8fc9,0,nq:0005,L0,v1,Qwen/Qwen2.5-1.5B-Instruct,"The Industrial Revolution was a period of great technological and economic change that transformed society. It started in Britain around 1760 and spread to other parts of Europe, North America, and Asia. Key impacts included advancements in manufacturing, transportation, communication, and agriculture, leading to unprecedented growth in productivity and urbanization.",Industrial Revolution,0,0,0.07999999999999999,,judge-stub/unwired,14,64,2.619953326000541,1,0.0,0.0002547176844722748,2624.8418080067495,4.8884820062085055,2619.953326000541,0.0,19e1267e270fb26a4e6da10a2e33f407c4cde82d,7fdc85f695827cd40610ae43ca440f13cb399989fda72657811baf795f8607dc,2026-09-19T13:55:33.327086+00:00,measured,measured,0.0,0
167,106bd171c4e8eb1a5b90d3bbe7ae88a07e12bd172c3562e44a8d1f345e1349bc,1,nq:0005,L0,v1,Qwen/Qwen2.5-1.5B-Instruct,The Industrial Revolution is known for significant advancements in manufacturing and production techniques.,Industrial Revolution,0,0,0.2857142857142857,,judge-stub/unwired,14,14,0.6162689359998694,1,0.0,5.991503544443175e-05,622.7009489966804,6.432012996810954,616.2689359998694,0.0,19e1267e270fb26a4e6da10a2e33f407c4cde82d,7fdc85f695827cd40610ae43ca440f13cb399989fda72657811baf795f8607dc,2026-09-19T13:55:34.185559+00:00,measured,measured,0.0,0
168,2c7128c470a7772f03b02b3d880092b4dee874b000bf6129e6da9107a1bf5db4,2,nq:0005,L0,v1,Qwen/Qwen2.5-1.5B-Instruct,"The Industrial Revolution is known for major technological advancements and shifts in economic, social, and political structures.",Industrial Revolution,0,0,0.2222222222222222,,judge-stub/unwired,14,20,0.8437908310006605,1,0.0,8.203521968061977e-05,848.3488199999556,4.557988999295048,843.7908310006605,0.0,19e1267e270fb26a4e6da10a2e33f407c4cde82d,7fdc85f695827cd40610ae43ca440f13cb399989fda72657811baf795f8607dc,2026-09-19T13:55:35.283410+00:00,measured,measured,0.0,0
169,0d814e17388f32ad07083276421963f868d716ca7f3206ab511aaeffc9b924a4,0,nq:0006,L0,v1,Qwen/Qwen2.5-1.5B-Instruct,"Photosynthesis began approximately 2.5 billion years ago, starting from a period known as the Archean eon.",photosynthesis,0,0,0.125,,judge-stub/unwired,12,25,1.049765765000302,1,0.0,0.00010206056048614047,1054.337745003977,4.57198000367498,1049.765765000302,0.0,19e1267e270fb26a4e6da10a2e33f407c4cde82d,7fdc85f695827cd40610ae43ca440f13cb399989fda72657811baf795f8607dc,2026-09-19T13:55:36.566285+00:00,measured,measured,0.0,0
170,4505187353cf0413271412e3b7cb79260bec4e9e0319f868b776b6907d8aa600,1,nq:0006,L0,v1,Qwen/Qwen2.5-1.5B-Instruct,"Photosynthesis occurred approximately 3.5 billion years ago, starting in the Archean eon.",photosynthesis,0,0,0.15384615384615385,,judge-stub/unwired,12,21,0.8653174679993754,1,0.0,8.412808716660593e-05,869.6581410031285,4.3406730037531815,865.3174679993754,0.0,19e1267e270fb26a4e6da10a2e33f407c4cde82d,7fdc85f695827cd40610ae43ca440f13cb399989fda72657811baf795f8607dc,2026-09-19T13:55:37.714568+00:00,measured,measured,0.0,0
171,ea7b4a29afb06ec8963880d693ecc48394d7a106a8642d37295a73edebe13107,2,nq:0006,L0,v1,Qwen/Qwen2.5-1.5B-Instruct,"Photosynthesis likely began around 2.5 billion years ago, during the Archean eon.",photosynthesis,0,0,0.15384615384615385,,judge-stub/unwired,12,21,0.9030873120000251,1,0.0,8.780015533333577e-05,907.8267119994052,4.739399999380112,903.0873120000251,0.0,19e1267e270fb26a4e6da10a2e33f407c4cde82d,7fdc85f695827cd40610ae43ca440f13cb399989fda72657811baf795f8607dc,2026-09-19T13:55:38.869837+00:00,measured,measured,0.0,0
172,41bb475de5ca88eeeebea32f249740057f95fbed919e7a224da4c412542579d8,0,nq:0007,L0,v1,Qwen/Qwen2.5-1.5B-Instruct,"William Shakespeare was not actually discovered but rather invented by a fellow actor and playwright named Francis Bacon. The confusion likely arises from Bacon's early promotion of his own works as Shakespearean plays, leading to some believing he was the original author.",Shakespeare,0,0,0.04878048780487806,,judge-stub/unwired,11,47,2.2554887070000404,1,0.0,0.00021928362429167057,2262.6878549999674,7.199147999926936,2255.4887070000404,0.0,19e1267e270fb26a4e6da10a2e33f407c4cde82d,7fdc85f695827cd40610ae43ca440f13cb399989fda72657811baf795f8607dc,2026-09-19T13:55:41.402509+00:00,measured,measured,0.0,0
173,46b4566558401c13c290c7fafcecc7a2c56a7ca02e1d845396f12b2b3d19f95c,1,nq:0007,L0,v1,Qwen/Qwen2.5-1.5B-Instruct,"William Shakespeare was not actually discovered but rather is one of the most famous playwrights and poets in English literature. He lived from 1564 to 1616 and wrote numerous plays, sonnets, and poems that are still widely performed today.",Shakespeare,0,0,0.05128205128205127,,judge-stub/unwired,11,53,2.4059562729999016,1,0.0,0.00023391241543054597,2410.4868120011815,4.530539001279976,2405.9562729999016,0.0,19e1267e270fb26a4e6da10a2e33f407c4cde82d,7fdc85f695827cd40610ae43ca440f13cb399989fda72657811baf795f8607dc,2026-09-19T13:55:44.049132+00:00,measured,measured,0.0,0
174,489a66905519d18ad57ec6c18ad6505bdab7f6d911c88cfe9e46702e3ba19252,2,nq:0007,L0,v1,Qwen/Qwen2.5-1.5B-Instruct,"The exact discovery of William Shakespeare's identity is not definitively known, but it was largely attributed to fellow playwright and poet Christopher Marlowe.",Shakespeare,0,0,0.08333333333333333,,judge-stub/unwired,11,29,1.2207503259996884,1,0.0,0.00011868405947219192,1228.6569220013916,7.906596001703292,1220.7503259996884,0.0,19e1267e270fb26a4e6da10a2e33f407c4cde82d,7fdc85f695827cd40610ae43ca440f13cb399989fda72657811baf795f8607dc,2026-09-19T13:55:45.546383+00:00,measured,measured,0.0,0
175,e7af24f6b7aa9a5e9aa1cf7d19477987e2e0edfeacdead959a576bdafc89a2dc,0,nq:0008,L0,v1,Qwen/Qwen2.5-1.5B-Instruct,"Marie Curie was born on November 7, 1867.",Marie Curie,0,0,0.4,,judge-stub/unwired,13,16,0.6985520759999417,1,0.0,6.7914785166661e-05,706.3582150012735,7.806139001331758,698.5520759999417,0.0,19e1267e270fb26a4e6da10a2e33f407c4cde82d,7fdc85f695827cd40610ae43ca440f13cb399989fda72657811baf795f8607dc,2026-09-19T13:55:46.514221+00:00,measured,measured,0.0,0
176,0681c3cc1500a0c1d53d19ce8e67269093caa6c2b8f6762dcfaba395e9d21436,1,nq:0008,L0,v1,Qwen/Qwen2.5-1.5B-Instruct,Marie Curie lived from 1867 to 1934.,Marie Curie,0,0,0.4444444444444445,,judge-stub/unwired,13,17,0.7335813540003073,1,0.0,7.132040941669654e-05,742.0649290024812,8.483575002173893,733.5813540003073,0.0,19e1267e270fb26a4e6da10a2e33f407c4cde82d,7fdc85f695827cd40610ae43ca440f13cb399989fda72657811baf795f8607dc,2026-09-19T13:55:47.534924+00:00,measured,measured,0.0,0
177,fe9b6c1f0dbe3548b8d575ff05510e2733c40449b9a3c1cc67015cd21207991d,2,nq:0008,L0,v1,Qwen/Qwen2.5-1.5B-Instruct,"Marie Curie died on July 4, 1934.",Marie Curie,0,0,0.4444444444444445,,judge-stub/unwired,13,15,0.6587967899995419,1,0.0,6.404968791662213e-05,666.6924780020054,7.89568800246343,658.7967899995419,0.0,19e1267e270fb26a4e6da10a2e33f407c4cde82d,7fdc85f695827cd40610ae43ca440f13cb399989fda72657811baf795f8607dc,2026-09-19T13:55:48.433178+00:00,measured,measured,0.0,0
178,21d2b68331fe748107b6185df7491128d8b58a1c54c0ca76198a9d3d1825928f,0,nq:0009,L0,v1,Qwen/Qwen2.5-1.5B-Instruct,Renaissance is not a location but rather an era in European history.,Renaissance,0,0,0.18181818181818182,,judge-stub/unwired,12,13,0.5914038040000378,1,0.0,5.749759205555923e-05,595.6538210020881,4.250017002050299,591.4038040000378,0.0,19e1267e270fb26a4e6da10a2e33f407c4cde82d,7fdc85f695827cd40610ae43ca440f13cb399989fda72657811baf795f8607dc,2026-09-19T13:55:49.291718+00:00,measured,measured,0.0,0
179,29580ffffad1d89bbb4ae7eb7f22d6481c4baa95d8710c47e058f15c50a56ffd,1,nq:0009,L0,v1,Qwen/Qwen2.5-1.5B-Instruct,Renaissance is not a specific location but rather an era of European history.,Renaissance,0,0,0.16666666666666669,,judge-stub/unwired,12,14,0.6109045350003726,1,0.0,5.939349645836955e-05,618.6829609996494,7.778425999276806,610.9045350003726,0.0,19e1267e270fb26a4e6da10a2e33f407c4cde82d,7fdc85f695827cd40610ae43ca440f13cb399989fda72657811baf795f8607dc,2026-09-19T13:55:50.143053+00:00,measured,measured,0.0,0
180,c1af514bbcc1fd2dd10b43de40e172b55ca2ae12d42f2fcfe75350e12d3658ec,2,nq:0009,L0,v1,Qwen/Qwen2.5-1.5B-Instruct,Renaissance is an Italian city in Tuscany.,Renaissance,0,0,0.2857142857142857,,judge-stub/unwired,12,10,0.4428758550002385,1,0.0,4.3057374791689855e-05,448.53369500378903,5.657840003550518,442.8758550002385,0.0,19e1267e270fb26a4e6da10a2e33f407c4cde82d,7fdc85f695827cd40610ae43ca440f13cb399989fda72657811baf795f8607dc,2026-09-19T13:55:50.852407+00:00,measured,measured,0.0,0
181,380bbc1093130b1f827234d2d9aa592d4dd5d3112a998b9b01efa0bfa2de4d14,0,nq:0010,L0,v1,Qwen/Qwen2.5-1.5B-Instruct,Mount Everest is known for being the highest mountain in the world.,Mount Everest,0,0,0.33333333333333337,,judge-stub/unwired,14,13,0.5769848300005833,1,0.0,5.6095747361167816e-05,585.8069470014016,8.822117000818253,576.9848300005833,0.0,19e1267e270fb26a4e6da10a2e33f407c4cde82d,7fdc85f695827cd40610ae43ca440f13cb399989fda72657811baf795f8607dc,2026-09-19T13:55:51.690451+00:00,measured,measured,0.0,0
182,d586e5906422ea0f29363a5703042a02c1d0aa77dba544d0c20de901ed54b51b,1,nq:0010,L0,v1,Qwen/Qwen2.5-1.5B-Instruct,Mount Everest is known for being the highest mountain in the world.,Mount Everest,0,0,0.33333333333333337,,judge-stub/unwired,14,13,0.5737217180003427,1,0.0,5.5778500361144425e-05,582.7716899957522,9.049971995409578,573.7217180003427,0.0,19e1267e270fb26a4e6da10a2e33f407c4cde82d,7fdc85f695827cd40610ae43ca440f13cb399989fda72657811baf795f8607dc,2026-09-19T13:55:52.507149+00:00,measured,measured,0.0,0
183,4536a25f43ac6f2eb2e21bbd592efa3683e54fd21d768c5e8928c651372bbf27,2,nq:0010,L0,v1,Qwen/Qwen2.5-1.5B-Instruct,Mount Everest is known for being the highest mountain in the world.,Mount Everest,0,0,0.33333333333333337,,judge-stub/unwired,14,13,0.7237318099996628,1,0.0,7.036281486107833e-05,729.0525819971663,5.320771997503471,723.7318099996628,0.0,19e1267e270fb26a4e6da10a2e33f407c4cde82d,7fdc85f695827cd40610ae43ca440f13cb399989fda72657811baf795f8607dc,2026-09-19T13:55:53.480685+00:00,measured,measured,0.0,0
184,be424cacda6711e788a66310a6678906b5f19bdd0d8a8bfb3926ca014b69e87f,0,nq:0011,L0,v1,Qwen/Qwen2.5-1.5B-Instruct,Sir Isaac Newton is credited with discovering and explaining gravity.,gravity,0,0,0.18181818181818182,,judge-stub/unwired,11,11,0.7021827449998455,1,0.0,6.826776687498497e-05,707.586875002562,5.404130002716556,702.1827449998455,0.0,19e1267e270fb26a4e6da10a2e33f407c4cde82d,7fdc85f695827cd40610ae43ca440f13cb399989fda72657811baf795f8607dc,2026-09-19T13:55:54.424083+00:00,measured,measured,0.0,0
185,32ee8def60bc4ec8e00bcf7b1bf6034d59b5e0d78ca5441561a9c04f76c05cd0,1,nq:0011,L0,v1,Qwen/Qwen2.5-1.5B-Instruct,Sir Isaac Newton is credited with discovering gravity.,gravity,0,0,0.2222222222222222,,judge-stub/unwired,11,9,0.5499669369992262,1,0.0,5.346900776381365e-05,554.4645099971603,4.497572997934185,549.9669369992262,0.0,19e1267e270fb26a4e6da10a2e33f407c4cde82d,7fdc85f695827cd40610ae43ca440f13cb399989fda72657811baf795f8607dc,2026-09-19T13:55:55.208139+00:00,measured,measured,0.0,0
186,0167bcabcdded78b8c575a1cde1297b54f441b952f8b9754bdcf8cdf1590972a,2,nq:0011,L0,v1,Qwen/Qwen2.5-1.5B-Instruct,Sir Isaac Newton is credited with discovering gravity.,gravity,0,0,0.2222222222222222,,judge-stub/unwired,11,9,0.41213421300017217,1,0.0,4.00686040416834e-05,419.71005000050354,7.575837000331376,412.13421300017217,0.0,19e1267e270fb26a4e6da10a2e33f407c4cde82d,7fdc85f695827cd40610ae43ca440f13cb399989fda72657811baf795f8607dc,2026-09-19T13:55:55.900388+00:00,measured,measured,0.0,0
187,6209a40fdfd054ec058251736d37aa51835067a945caa56c3e513a6068bccc74,0,nq:0012,L0,v1,Qwen/Qwen2.5-1.5B-Instruct,"Shakespeare is known for his plays and poems, including works like ""Hamlet,"" ""Macbeth,"" and ""The Tempest.""",Shakespeare,0,0,0.125,,judge-stub/unwired,13,26,1.0838763259998814,1,0.0,0.00010537686502776624,1091.581167998811,7.7048419989296235,1083.8763259998814,0.0,19e1267e270fb26a4e6da10a2e33f407c4cde82d,7fdc85f695827cd40610ae43ca440f13cb399989fda72657811baf795f8607dc,2026-09-19T13:55:57.239903+00:00,measured,measured,0.0,0
188,0725a3cc5964b45fde7bf848d7bb8885b7b0e758eb7a84193e91ee1900fe0cd0,1,nq:0012,L0,v1,Qwen/Qwen2.5-1.5B-Instruct,William Shakespeare is known for his plays and poems.,Shakespeare,0,0,0.19999999999999998,,judge-stub/unwired,13,10,0.4546472689999064,1,0.0,4.4201817819435334e-05,462.66566900339967,8.018400003493298,454.6472689999064,0.0,19e1267e270fb26a4e6da10a2e33f407c4cde82d,7fdc85f695827cd40610ae43ca440f13cb399989fda72657811baf795f8607dc,2026-09-19T13:55:57.966629+00:00,measured,measured,0.0,0
189,94f78e91be8306f26ab938a6147199d46097a8b2fe491c763dd91d2f48990d8b,2,nq:0012,L0,v1,Qwen/Qwen2.5-1.5B-Instruct,William Shakespeare is best known for his plays and poems.,Shakespeare,0,0,0.18181818181818182,,judge-stub/unwired,13,11,0.5002597929997137,1,0.0,4.863636876386105e-05,505.722286994569,5.462493994855322,500.2597929997137,0.0,19e1267e270fb26a4e6da10a2e33f407c4cde82d,7fdc85f695827cd40610ae43ca440f13cb399989fda72657811baf795f8607dc,2026-09-19T13:55:58.710942+00:00,measured,measured,0.0,0
190,b611bb6dc9f16399a82aa4fef38530a5c7aa992dbd720eae02c0f113acfc4392,0,nq:0013,L0,v1,Qwen/Qwen2.5-1.5B-Instruct,Sir George Everest.,Mount Everest,0,0,0.4,,judge-stub/unwired,12,4,0.20943870300015988,1,0.0,2.0362096125015543e-05,217.94170400153234,8.503001001372468,209.43870300015988,0.0,19e1267e270fb26a4e6da10a2e33f407c4cde82d,7fdc85f695827cd40610ae43ca440f13cb399989fda72657811baf795f8607dc,2026-09-19T13:55:59.189065+00:00,measured,measured,0.0,0
191,e01d143397af9ea8030c870d33a9ddd5923cbfdd6402a1e74b90d0b7f3d6f223,1,nq:0013,L0,v1,Qwen/Qwen2.5-1.5B-Instruct,Sir George Everest,Mount Everest,0,0,0.4,,judge-stub/unwired,12,3,0.18536007399961818,1,0.0,1.8021118305518437e-05,189.88075500237755,4.520681002759375,185.36007399961818,0.0,19e1267e270fb26a4e6da10a2e33f407c4cde82d,7fdc85f695827cd40610ae43ca440f13cb399989fda72657811baf795f8607dc,2026-09-19T13:55:59.645305+00:00,measured,measured,0.0,0
192,636e1ce2424fc4e3858d4464cf4302c8b523cb6fc270c4b50d1aeda24093868a,2,nq:0013,L0,v1,Qwen/Qwen2.5-1.5B-Instruct,Sir George Everest.,Mount Everest,0,0,0.4,,judge-stub/unwired,12,4,0.21112565200019162,1,0.0,2.0526105055574184e-05,215.88037200126564,4.75472000107402,211.12565200019162,0.0,19e1267e270fb26a4e6da10a2e33f407c4cde82d,7fdc85f695827cd40610ae43ca440f13cb399989fda72657811baf795f8607dc,2026-09-19T13:56:00.101942+00:00,measured,measured,0.0,0
193,aac332ca5a161dfc893f662babeb759e1517e41cc745595c3a16130c06704932,0,nq:0014,L0,v1,Qwen/Qwen2.5-1.5B-Instruct,Neural networks are not physically located; they exist in software and digital systems.,neural networks,0,0,0.2666666666666667,,judge-stub/unwired,13,15,0.6515751040005853,1,0.0,6.334757955561246e-05,659.5876660012436,8.012562000658363,651.5751040005853,0.0,19e1267e270fb26a4e6da10a2e33f407c4cde82d,7fdc85f695827cd40610ae43ca440f13cb399989fda72657811baf795f8607dc,2026-09-19T13:56:01.033921+00:00,measured,measured,0.0,0
194,2d695879d5367bf5f9a6fc143d78d7a7affbfec879c03d735bf8adfa165513da,1,nq:0014,L0,v1,Qwen/Qwen2.5-1.5B-Instruct,"Neural networks are not physically located; they are conceptual models of biological neurons and their interactions. They can exist in software or hardware, depending on implementation. In a computer system, they run algorithms to process data through layers of interconnected nodes that simulate the structure and function of the brain's neural network.",neural networks,0,0,0.07692307692307693,,judge-stub/unwired,13,59,2.3812543890007873,1,0.0,0.00023151084337507652,2389.387213995178,8.13282499439083,2381.2543890007873,0.0,19e1267e270fb26a4e6da10a2e33f407c4cde82d,7fdc85f695827cd40610ae43ca440f13cb399989fda72657811baf795f8607dc,2026-09-19T13:56:03.655787+00:00,measured,measured,0.0,0
195,103ac7c8db1a5c5d3e423c20ce6a561bef6244f23923f09fc9d2af561ed674a7,2,nq:0014,L0,v1,Qwen/Qwen2.5-1.5B-Instruct,Neural networks are not physically located in any specific place; they are a type of artificial intelligence model that processes information using mathematical algorithms.,neural networks,0,0,0.16,,judge-stub/unwired,13,26,1.149646997999298,1,0.0,0.00011177123591659842,1155.4902590014535,5.8432610021554865,1149.646997999298,0.0,19e1267e270fb26a4e6da10a2e33f407c4cde82d,7fdc85f695827cd40610ae43ca440f13cb399989fda72657811baf795f8607dc,2026-09-19T13:56:05.041831+00:00,measured,measured,0.0,0
196,3e4fe1b10b819b996adb412ae0fa3043de6164531e4d4aac74fc5d4f67b239aa,0,nq:0015,L0,v1,Qwen/Qwen2.5-1.5B-Instruct,"The Roman Empire was located in Europe, North Africa, and parts of Asia.",Roman Empire,0,0,0.2857142857142857,,judge-stub/unwired,13,16,0.866679650000151,1,0.0,8.426052152779245e-05,871.0249199975806,4.345269997429568,866.679650000151,0.0,19e1267e270fb26a4e6da10a2e33f407c4cde82d,7fdc85f695827cd40610ae43ca440f13cb399989fda72657811baf795f8607dc,2026-09-19T13:56:06.167187+00:00,measured,measured,0.0,0
197,153bbe8415c5f946ab49c45abdcb7aac1b6df18b4fbfa63aeeac4ff86eebb99c,1,nq:0015,L0,v1,Qwen/Qwen2.5-1.5B-Instruct,"The Roman Empire was located in Europe, North Africa, and parts of Asia.",Roman Empire,0,0,0.2857142857142857,,judge-stub/unwired,13,16,0.9541500010000163,1,0.0,9.276458343055713e-05,959.3217369965714,5.171735996555071,954.1500010000163,0.0,19e1267e270fb26a4e6da10a2e33f407c4cde82d,7fdc85f695827cd40610ae43ca440f13cb399989fda72657811baf795f8607dc,2026-09-19T13:56:07.384329+00:00,measured,measured,0.0,0
198,6baf31a0dd107eeb1fd76b38045e8afbe34756dcaddbfe1bd9202fc35140f4a3,2,nq:0015,L0,v1,Qwen/Qwen2.5-1.5B-Instruct,"The Roman Empire was located in Europe, Africa, and Asia. It spanned across much of Western Asia and North Africa as well.",Roman Empire,0,0,0.17391304347826084,,judge-stub/unwired,13,27,1.1276971150000463,1,0.0,0.00010963721951389338,1132.0676420000382,4.370526999991853,1127.6971150000463,0.0,19e1267e270fb26a4e6da10a2e33f407c4cde82d,7fdc85f695827cd40610ae43ca440f13cb399989fda72657811baf795f8607dc,2026-09-19T13:56:08.755375+00:00,measured,measured,0.0,0
199,9e68d4f06326dcc72290ac3f0cf16458cf73a65212ca51ab477d0b6af8bb0628,0,nq:0016,L0,v1,Qwen/Qwen2.5-1.5B-Instruct,Mount Everest was first climbed by Edmund Hillary and Tenzing Norgay in 1953.,Mount Everest,0,0,0.2666666666666667,,judge-stub/unwired,13,22,0.9298517730003368,1,0.0,9.040225570836607e-05,940.9229560060339,11.071183005697094,929.8517730003368,0.0,19e1267e270fb26a4e6da10a2e33f407c4cde82d,7fdc85f695827cd40610ae43ca440f13cb399989fda72657811baf795f8607dc,2026-09-19T13:56:09.955654+00:00,measured,measured,0.0,0
200,bbdc2eed221ce70043495e16bc5f64ac6abe7fc78607f93300872913b36d2636,1,nq:0016,L0,v1,Qwen/Qwen2.5-1.5B-Instruct,Mount Everest was first climbed in 1953.,Mount Everest,0,0,0.4444444444444445,,judge-stub/unwired,13,12,0.5163083249999545,1,0.0,5.019664270832891e-05,520.7384290033588,4.430104003404267,516.3083249999545,0.0,19e1267e270fb26a4e6da10a2e33f407c4cde82d,7fdc85f695827cd40610ae43ca440f13cb399989fda72657811baf795f8607dc,2026-09-19T13:56:10.752042+00:00,measured,measured,0.0,0
201,668dd8e6b97188f588661533f2034bfd1b6b5ba3391152249a4bc4cc7221e3a1,2,nq:0016,L0,v1,Qwen/Qwen2.5-1.5B-Instruct,"Mount Everest was first climbed by Sir Edmund Hillary and Tenzing Norgay on May 29, 1953.",Mount Everest,0,0,0.2222222222222222,,judge-stub/unwired,13,28,1.173432765999678,1,0.0,0.00011408374113885757,1182.2798599951057,8.847093995427713,1173.432765999678,0.0,19e1267e270fb26a4e6da10a2e33f407c4cde82d,7fdc85f695827cd40610ae43ca440f13cb399989fda72657811baf795f8607dc,2026-09-19T13:56:12.171942+00:00,measured,measured,0.0,0
202,0dac708abd0daefa964ed321001af93ac57495613f692818f3c39d9cb0448fa9,0,nq:0017,L0,v1,Qwen/Qwen2.5-1.5B-Instruct,"The Mona Lisa is located in the Louvre Museum, Paris, France.",Mona Lisa,0,0,0.3636363636363636,,judge-stub/unwired,13,15,0.64170687800015,1,0.0,6.238816869445902e-05,646.2380439998014,4.531165999651421,641.70687800015,0.0,19e1267e270fb26a4e6da10a2e33f407c4cde82d,7fdc85f695827cd40610ae43ca440f13cb399989fda72657811baf795f8607dc,2026-09-19T13:56:13.060792+00:00,measured,measured,0.0,0
203,22829559469e951911913c1d2a36799956fa40f47e85c8261673d7fb6ca9b5ff,1,nq:0017,L0,v1,Qwen/Qwen2.5-1.5B-Instruct,"The Mona Lisa is located in the Louvre Museum, Paris, France.",Mona Lisa,0,0,0.3636363636363636,,judge-stub/unwired,13,15,0.6369709420005165,1,0.0,6.192773047227244e-05,641.3112550044389,4.340313003922347,636.9709420005165,0.0,19e1267e270fb26a4e6da10a2e33f407c4cde82d,7fdc85f695827cd40610ae43ca440f13cb399989fda72657811baf795f8607dc,2026-09-19T13:56:13.935251+00:00,measured,measured,0.0,0
204,40c9428e4f839ef4ff6b08017652b5a65492aa8e5b491714403e377ff4e71662,2,nq:0017,L0,v1,Qwen/Qwen2.5-1.5B-Instruct,"The Mona Lisa is currently located in the Louvre Museum, Paris, France.",Mona Lisa,0,0,0.33333333333333337,,judge-stub/unwired,13,16,0.6706086719996165,1,0.0,6.519806533329605e-05,675.0973360021817,4.488664002565201,670.6086719996165,0.0,19e1267e270fb26a4e6da10a2e33f407c4cde82d,7fdc85f695827cd40610ae43ca440f13cb399989fda72657811baf795f8607dc,2026-09-19T13:56:14.859833+00:00,measured,measured,0.0,0
205,4ecdb29bbeeadb878da26d9c0412f0c083238bd2bfed982f5c1a090448910c2f,0,nq:0018,L0,v1,Qwen/Qwen2.5-1.5B-Instruct,"The Pacific Ocean is known for its vast size, diverse ecosystems, and significant role in global climate patterns.",Pacific Ocean,0,0,0.21052631578947367,,judge-stub/unwired,14,21,0.8793356989999666,1,0.0,8.549097073610785e-05,883.9050890028375,4.569390002870932,879.3356989999666,0.0,19e1267e270fb26a4e6da10a2e33f407c4cde82d,7fdc85f695827cd40610ae43ca440f13cb399989fda72657811baf795f8607dc,2026-09-19T13:56:15.974322+00:00,measured,measured,0.0,0
206,0f1ded971e0b03a8c85252cb1a52a297ab097928735f7db48cc2b44c574bd4d8,1,nq:0018,L0,v1,Qwen/Qwen2.5-1.5B-Instruct,"The Pacific Ocean is known for its vast size, diverse marine life, and being home to many islands.",Pacific Ocean,0,0,0.21052631578947367,,judge-stub/unwired,14,21,0.8729255640000702,1,0.0,8.486776316667348e-05,880.1415019997876,7.2159379997174256,872.9255640000702,0.0,19e1267e270fb26a4e6da10a2e33f407c4cde82d,7fdc85f695827cd40610ae43ca440f13cb399989fda72657811baf795f8607dc,2026-09-19T13:56:17.147014+00:00,measured,measured,0.0,0
207,6c5a98f532e742ececf5fdfe77c9e628551d6958af9da8ce38b2785d806a810d,2,nq:0018,L0,v1,Qwen/Qwen2.5-1.5B-Instruct,"The Pacific Ocean is known for its vast size, diverse marine life, and being a major source of renewable energy.",Pacific Ocean,0,0,0.19999999999999998,,judge-stub/unwired,14,23,1.2124494190002224,1,0.0,0.00011787702684724384,1221.329736997177,8.880317996954545,1212.4494190002224,0.0,19e1267e270fb26a4e6da10a2e33f407c4cde82d,7fdc85f695827cd40610ae43ca440f13cb399989fda72657811baf795f8607dc,2026-09-19T13:56:18.607291+00:00,measured,measured,0.0,0
208,2e51fedf9973b18470b425f74262017b28a2856e7980bd31a39d2e12bec6c6ad,0,nq:0019,L0,v1,Qwen/Qwen2.5-1.5B-Instruct,"World War II was a global conflict that lasted from 1939 to 1945, involving multiple countries and resulting in significant casualties. It led to major changes in international relations and contributed to the development of nuclear weapons.",World War II,0,0,0.15789473684210528,,judge-stub/unwired,15,48,2.3918349129999115,1,0.0,0.00023253950543054692,2401.408307003294,9.573394003382418,2391.8349129999115,0.0,19e1267e270fb26a4e6da10a2e33f407c4cde82d,7fdc85f695827cd40610ae43ca440f13cb399989fda72657811baf795f8607dc,2026-09-19T13:56:21.300193+00:00,measured,measured,0.0,0
209,d58e9f0a09a0418dbab45179d3166665f5f2df70f7f7da0facd9e959486780f9,1,nq:0019,L0,v1,Qwen/Qwen2.5-1.5B-Instruct,"World War II is known for its global scale, extensive casualties, and pivotal events that reshaped the world. It involved over 100 countries and resulted in the deaths of approximately 70 million people. The war ended with the defeat of Nazi Germany and Japan, leading to significant changes in international relations and the establishment of the United Nations.",World War II,0,0,0.1090909090909091,,judge-stub/unwired,15,70,2.7732697390001704,1,0.0,0.00026962344684723877,2781.088396999621,7.8186579994508065,2773.2697390001704,0.0,19e1267e270fb26a4e6da10a2e33f407c4cde82d,7fdc85f695827cd40610ae43ca440f13cb399989fda72657811baf795f8607dc,2026-09-19T13:56:24.333845+00:00,measured,measured,0.0,0
210,74d30fea966074543d99e87edc5bf0de81798a858521b7af095badfeae76612b,2,nq:0019,L0,v1,Qwen/Qwen2.5-1.5B-Instruct,"World War II was a global war that lasted from 1939 to 1945, resulting in the deaths of an estimated 70 million people. It began with the invasion of Poland by Germany and quickly spread to involve most major powers. The war ended with the defeat of Nazi Germany and Japan, leading to the formation of the United Nations and the beginning of the Cold War.",World War II,0,0,0.10169491525423728,,judge-stub/unwired,15,81,3.259033131000251,1,0.0,0.0003168504432916911,3263.3434100007435,4.310279000492301,3259.033131000251,0.0,19e1267e270fb26a4e6da10a2e33f407c4cde82d,7fdc85f695827cd40610ae43ca440f13cb399989fda72657811baf795f8607dc,2026-09-19T13:56:27.848346+00:00,measured,measured,0.0,0
211,5096fb5fb4c51734ccdf597cf7b3c8d416435bec21a5c4700e21270c0a7b4571,0,nq:0020,L0,v1,Qwen/Qwen2.5-1.5B-Instruct,Mitochondria are located in the cells of eukaryotic organisms.,mitochondria,0,0,0.2222222222222222,,judge-stub/unwired,12,15,0.637207103000037,1,0.0,6.195069056944804e-05,645.3541829996539,8.147079999616835,637.207103000037,0.0,19e1267e270fb26a4e6da10a2e33f407c4cde82d,7fdc85f695827cd40610ae43ca440f13cb399989fda72657811baf795f8607dc,2026-09-19T13:56:28.745347+00:00,measured,measured,0.0,0
212,b3b658af5c6f36ba417bd5b05faa3d5ef68124be4b9028834e4be653f1c00189,1,nq:0020,L0,v1,Qwen/Qwen2.5-1.5B-Instruct,Mitochondria are located in the cells.,mitochondria,0,0,0.33333333333333337,,judge-stub/unwired,12,9,0.39183589900039806,1,0.0,3.8095156847260915e-05,396.19071299512143,4.354813994723372,391.83589900039806,0.0,19e1267e270fb26a4e6da10a2e33f407c4cde82d,7fdc85f695827cd40610ae43ca440f13cb399989fda72657811baf795f8607dc,2026-09-19T13:56:29.394618+00:00,measured,measured,0.0,0
213,6f704cd22caa09b988a439348b2548bbfb0bcee91cacf4583ba843b1c24db7cc,2,nq:0020,L0,v1,Qwen/Qwen2.5-1.5B-Instruct,Mitochondria are located in the cytoplasm of eukaryotic cells.,mitochondria,0,0,0.2222222222222222,,judge-stub/unwired,12,17,0.7052422360002311,1,0.0,6.856521738891135e-05,710.8750470006271,5.632811000396032,705.2422360002311,0.0,19e1267e270fb26a4e6da10a2e33f407c4cde82d,7fdc85f695827cd40610ae43ca440f13cb399989fda72657811baf795f8607dc,2026-09-19T13:56:30.352556+00:00,measured,measured,0.0,0
214,e765bdaa094e79c33d08c605aa2110af65c7095ab3b360aad9c6a900bcb7bf4a,0,nq:0021,L0,v1,Qwen/Qwen2.5-1.5B-Instruct,Niels Bohr and Werner Heisenberg independently developed quantum mechanics in the 1920s.,quantum mechanics,0,0,0.3076923076923077,,judge-stub/unwired,12,22,1.1885669530001906,1,0.0,0.00011555512043057407,1196.379661994797,7.81270899460651,1188.5669530001906,0.0,19e1267e270fb26a4e6da10a2e33f407c4cde82d,7fdc85f695827cd40610ae43ca440f13cb399989fda72657811baf795f8607dc,2026-09-19T13:56:31.810887+00:00,measured,measured,0.0,0
215,4e2b644fc9e554a735d095e89fe377d346848324bc0c63e4ab8074c5ed2cc09c,1,nq:0021,L0,v1,Qwen/Qwen2.5-1.5B-Instruct,Niels Bohr and Werner Heisenberg independently developed aspects of quantum mechanics in the 1920s.,quantum mechanics,0,0,0.2666666666666667,,judge-stub/unwired,12,24,1.2758848020002915,1,0.0,0.00012404435575002833,1280.1784620005492,4.29366000025766,1275.8848020002915,0.0,19e1267e270fb26a4e6da10a2e33f407c4cde82d,7fdc85f695827cd40610ae43ca440f13cb399989fda72657811baf795f8607dc,2026-09-19T13:56:33.316445+00:00,measured,measured,0.0,0
216,3a30bb6bd5db131d8fc349826b26946aafe56a7c6a7736cb7d018073e3996d71,2,nq:0021,L0,v1,Qwen/Qwen2.5-1.5B-Instruct,Werner Heisenberg and Erwin Schrödinger independently developed the basic principles of quantum mechanics in 1925.,quantum mechanics,0,0,0.25,,judge-stub/unwired,12,26,1.0790403920000244,1,0.0,0.00010490670477778015,1086.558311002591,7.517919002566487,1079.0403920000244,0.0,19e1267e270fb26a4e6da10a2e33f407c4cde82d,7fdc85f695827cd40610ae43ca440f13cb399989fda72657811baf795f8607dc,2026-09-19T13:56:34.667505+00:00,measured,measured,0.0,0
217,1d47740c015d7f4111739a46c2e47820934cdad4c6bb7c0e0fe1485800312af7,0,nq:0022,L0,v1,Qwen/Qwen2.5-1.5B-Instruct,Neural networks have been in use since the 1940s.,neural networks,0,0,0.4,,judge-stub/unwired,13,15,0.628271505000157,1,0.0,6.108195187501527e-05,633.280908998131,5.009403997974005,628.271505000157,0.0,19e1267e270fb26a4e6da10a2e33f407c4cde82d,7fdc85f695827cd40610ae43ca440f13cb399989fda72657811baf795f8607dc,2026-09-19T13:56:35.564499+00:00,measured,measured,0.0,0
218,4d6bbdfd56e3870ccdad1150579b4845c16ff036c3bfff6e790a00dd3b6fa819,1,nq:0022,L0,v1,Qwen/Qwen2.5-1.5B-Instruct,"Neural networks were developed in the 1940s and have evolved significantly since then. The modern concept of artificial neural networks began to take shape during the mid-20th century, though their application as a computing model was not widely recognized until later. Key developments include work by researchers like Warren McCulloch and Walter Pitts on Boolean networks in the 1940s, which laid foundational ideas for how neurons might function mathematically. The term ""neural network"" itself became popularized through publications like those of John McCarthy and Marvin Minsky in the 1960s. However, it wasn't until the late 1980s that deep learning algorithms began to achieve notable success in areas such as image recognition and natural language processing due to advancements in computational power and machine learning techniques.",neural networks,0,0,0.03305785123966942,,judge-stub/unwired,13,168,6.777290269999867,1,0.0,0.0006589032206944314,6781.671490001827,4.381220001960173,6777.290269999867,0.0,19e1267e270fb26a4e6da10a2e33f407c4cde82d,7fdc85f695827cd40610ae43ca440f13cb399989fda72657811baf795f8607dc,2026-09-19T13:56:42.644550+00:00,measured,measured,0.0,0
219,3ed1452f03e955a4a6d8d21ff85e25a69d4b1270dde0e3f7bc9948a08320dde1,2,nq:0022,L0,v1,Qwen/Qwen2.5-1.5B-Instruct,"Neural networks have been in use since the 1940s, though they were not called ""neural networks"" at that time. They experienced resurgence in popularity starting in the mid-20th century and continued to evolve into modern deep learning techniques.",neural networks,0,0,0.10256410256410257,,judge-stub/unwired,13,53,2.8950290109996786,1,0.0,0.000281461153847191,2903.114972998992,8.08596199931344,2895.0290109996786,0.0,19e1267e270fb26a4e6da10a2e33f407c4cde82d,7fdc85f695827cd40610ae43ca440f13cb399989fda72657811baf795f8607dc,2026-09-19T13:56:45.815598+00:00,measured,measured,0.0,0
220,786ed486ac0e74f7a37bbf03867cc7f85996de42915f19b642743b7f81a409ac,0,nq:0023,L0,v1,Qwen/Qwen2.5-1.5B-Instruct,The Pacific Ocean has been a part of Earth's landscape since its formation approximately 50 million years ago.,Pacific Ocean,0,0,0.21052631578947367,,judge-stub/unwired,13,22,0.9257625889995325,1,0.0,9.000469615273232e-05,934.1084989982846,8.345909998752177,925.7625889995325,0.0,19e1267e270fb26a4e6da10a2e33f407c4cde82d,7fdc85f695827cd40610ae43ca440f13cb399989fda72657811baf795f8607dc,2026-09-19T13:56:47.022750+00:00,measured,measured,0.0,0
221,d3b03fb657ade1560279f1b967512e65ce421ed56406370e18b896745fe948bf,1,nq:0023,L0,v1,Qwen/Qwen2.5-1.5B-Instruct,"The Pacific Ocean has existed for approximately 170 million years. It was formed during the Late Cretaceous period, about 66 to 85 million years ago. This marks the beginning of its current existence and ongoing geological processes that continue to shape it today.",Pacific Ocean,0,0,0.09523809523809523,,judge-stub/unwired,13,56,2.2809654510001565,1,0.0,0.00022176052995834854,2289.043191996825,8.077740996668581,2280.9654510001565,0.0,19e1267e270fb26a4e6da10a2e33f407c4cde82d,7fdc85f695827cd40610ae43ca440f13cb399989fda72657811baf795f8607dc,2026-09-19T13:56:49.689600+00:00,measured,measured,0.0,0
222,33a7ce17914c1a3b31f1b3aa16ad5423f4fb17d48944a4e459be976d74bcd165,2,nq:0023,L0,v1,Qwen/Qwen2.5-1.5B-Instruct,The Pacific Ocean has been part of our planet's geography since its formation approximately 50 million years ago.,Pacific Ocean,0,0,0.19999999999999998,,judge-stub/unwired,13,22,0.9385797539998748,1,0.0,9.125080941665449e-05,944.1133279960923,5.533573996217456,938.5797539998748,0.0,19e1267e270fb26a4e6da10a2e33f407c4cde82d,7fdc85f695827cd40610ae43ca440f13cb399989fda72657811baf795f8607dc,2026-09-19T13:56:50.971829+00:00,measured,measured,0.0,0
223,455198bcd1eee7cd1c77cf4305acff58e0e20f4e7d0550b0af882b42c03f985b,0,nq:0024,L0,v1,Qwen/Qwen2.5-1.5B-Instruct,"The Roman Empire was not ""discovered"" by anyone; it existed since ancient times and expanded through conquests. However, significant historical discoveries about its history have been made in recent centuries. 

To directly answer your question concisely:
The Roman Empire is an existing entity rather than a discovery. It has been studied extensively over time but was not ""discovered.""",Roman Empire,0,0,0.07142857142857142,,judge-stub/unwired,12,74,2.992120654000246,1,0.0,0.0002909006191389128,2996.410737001497,4.2900830012513325,2992.120654000246,0.0,19e1267e270fb26a4e6da10a2e33f407c4cde82d,7fdc85f695827cd40610ae43ca440f13cb399989fda72657811baf795f8607dc,2026-09-19T13:56:54.274897+00:00,measured,measured,0.0,0
224,87dc6047e1089caa4daaefe5608ce806be6f1fcd55313fe0164f2716cc81562d,1,nq:0024,L0,v1,Qwen/Qwen2.5-1.5B-Instruct,The discovery of Rome as the capital city of the Roman Empire is attributed to Julius Caesar in 50 BC.,Roman Empire,0,0,0.21052631578947367,,judge-stub/unwired,12,23,0.9733584780005913,1,0.0,9.463207425005748e-05,983.7730030012608,10.414525000669528,973.3584780005913,0.0,19e1267e270fb26a4e6da10a2e33f407c4cde82d,7fdc85f695827cd40610ae43ca440f13cb399989fda72657811baf795f8607dc,2026-09-19T13:56:55.708950+00:00,measured,measured,0.0,0
225,123125acf090e6fafbc1dd10acaff1d4a826395dde21f8e706e13f2150e170a5,2,nq:0024,L0,v1,Qwen/Qwen2.5-1.5B-Instruct,"The Roman Empire was not ""discovered"" by anyone, as it existed prior to its name being given. Its existence and history are well-documented through various historical records and archaeological findings.",Roman Empire,0,0,0.125,,judge-stub/unwired,12,38,2.0860109459999876,1,0.0,0.0002028066197499988,2090.57883100013,4.567885000142269,2086.0109459999876,0.0,19e1267e270fb26a4e6da10a2e33f407c4cde82d,7fdc85f695827cd40610ae43ca440f13cb399989fda72657811baf795f8607dc,2026-09-19T13:56:58.701240+00:00,measured,measured,0.0,0
226,4a6a6a09ee33fb6e64a41ebc27e47ae2697bbdb336eb012ea0dd7abf77c66eef,0,nq:0025,L0,v1,Qwen/Qwen2.5-1.5B-Instruct,The Eiffel Tower is known for its iconic structure and historical significance.,Eiffel Tower,0,0,0.3076923076923077,,judge-stub/unwired,14,15,0.6427815799997916,1,0.0,6.249265361109084e-05,648.5740080042888,5.7924280044971965,642.7815799997916,0.0,19e1267e270fb26a4e6da10a2e33f407c4cde82d,7fdc85f695827cd40610ae43ca440f13cb399989fda72657811baf795f8607dc,2026-09-19T13:56:59.649028+00:00,measured,measured,0.0,0
227,ae2dd08f6be683eb6bd707a70ad851376b27abdb534efee64aeecc8ddcc73820,1,nq:0025,L0,v1,Qwen/Qwen2.5-1.5B-Instruct,The Eiffel Tower is known for its iconic structure and historical significance.,Eiffel Tower,0,0,0.3076923076923077,,judge-stub/unwired,14,15,0.6337713569992047,1,0.0,6.161665970825601e-05,640.4768790052913,6.7055220060865395,633.7713569992047,0.0,19e1267e270fb26a4e6da10a2e33f407c4cde82d,7fdc85f695827cd40610ae43ca440f13cb399989fda72657811baf795f8607dc,2026-09-19T13:57:00.634460+00:00,measured,measured,0.0,0
228,2be05399354a2e82fe4426bdce6037b0c731f94648a3de3753a2772c5666aab8,2,nq:0025,L0,v1,Qwen/Qwen2.5-1.5B-Instruct,The Eiffel Tower is known for its iconic structure and historical significance.,Eiffel Tower,0,0,0.3076923076923077,,judge-stub/unwired,14,15,0.6218144459999166,1,0.0,6.0454182249991887e-05,626.2654959937208,4.45104999380419,621.8144459999166,0.0,19e1267e270fb26a4e6da10a2e33f407c4cde82d,7fdc85f695827cd40610ae43ca440f13cb399989fda72657811baf795f8607dc,2026-09-19T13:57:01.525305+00:00,measured,measured,0.0,0
229,4eb9d898aa721e4168a033308c9e7a6bcd0d0682232089c85941d8e899023a87,0,nq:0026,L0,v1,Qwen/Qwen2.5-1.5B-Instruct,The Sahara Desert is known for its extreme heat and aridity.,Sahara Desert,0,0,0.33333333333333337,,judge-stub/unwired,14,13,0.5732914469999741,1,0.0,5.573666845833081e-05,577.6899599959506,4.398512995976489,573.2914469999741,0.0,19e1267e270fb26a4e6da10a2e33f407c4cde82d,7fdc85f695827cd40610ae43ca440f13cb399989fda72657811baf795f8607dc,2026-09-19T13:57:02.356481+00:00,measured,measured,0.0,0
230,72a4e8bc4888f8766c20ce5de1aa8c56159c398d71912dd76d007a7849fb761e,1,nq:0026,L0,v1,Qwen/Qwen2.5-1.5B-Instruct,"The Sahara Desert is known for its vast size, extreme heat, and arid conditions.",Sahara Desert,0,0,0.2666666666666667,,judge-stub/unwired,14,18,0.7684658079997462,1,0.0,7.471195355553087e-05,772.7796100043633,4.313802004617173,768.4658079997462,0.0,19e1267e270fb26a4e6da10a2e33f407c4cde82d,7fdc85f695827cd40610ae43ca440f13cb399989fda72657811baf795f8607dc,2026-09-19T13:57:03.398307+00:00,measured,measured,0.0,0
231,ac87b4f047a3353421c51a82acdc0592c6acd44023484f912f2e1392f2e2551a,2,nq:0026,L0,v1,Qwen/Qwen2.5-1.5B-Instruct,The Sahara Desert is known for its extreme heat and lack of rainfall.,Sahara Desert,0,0,0.2857142857142857,,judge-stub/unwired,14,14,0.6210910260006131,1,0.0,6.0383849750059605e-05,625.3295540036561,4.2385280030430295,621.091026000613,0.0,19e1267e270fb26a4e6da10a2e33f407c4cde82d,7fdc85f695827cd40610ae43ca440f13cb399989fda72657811baf795f8607dc,2026-09-19T13:57:04.259447+00:00,measured,measured,0.0,0
232,5a2e550289c3d8c0505290bce6e346d808888fc982d2984d2222e5e2649c686c,0,nq:0027,L0,v1,Qwen/Qwen2.5-1.5B-Instruct,Gravity was discovered by Sir Isaac Newton in 1687.,gravity,0,0,0.19999999999999998,,judge-stub/unwired,12,14,0.6068897370005288,1,0.0,5.900316887505141e-05,611.1804620031762,4.2907250026473776,606.8897370005288,0.0,19e1267e270fb26a4e6da10a2e33f407c4cde82d,7fdc85f695827cd40610ae43ca440f13cb399989fda72657811baf795f8607dc,2026-09-19T13:57:05.109112+00:00,measured,measured,0.0,0
233,03267e0ee44576870be867c0bfa1b8996ad62ff30f62072950765c122da7cd4d,1,nq:0027,L0,v1,Qwen/Qwen2.5-1.5B-Instruct,"Gravity has been known to exist since ancient times, but its mathematical description and accurate prediction were developed by Sir Isaac Newton in the late 17th century. Albert Einstein's theory of general relativity further refined our understanding of gravity in the early 20th century. However, these theories have not changed how gravity is observed or understood; they are simply more precise descriptions of it. So, while we've had ideas about gravity for thousands of years, the detailed knowledge and predictive power came later.",gravity,0,0,0.024096385542168676,,judge-stub/unwired,12,101,4.475595133000752,1,0.0,0.0004351273045972953,4486.300429001858,10.705296001106035,4475.595133000752,0.0,19e1267e270fb26a4e6da10a2e33f407c4cde82d,7fdc85f695827cd40610ae43ca440f13cb399989fda72657811baf795f8607dc,2026-09-19T13:57:09.851008+00:00,measured,measured,0.0,0
234,b25c8049eb0db3d3f41b3d0d5592ca69af467010f89b57a349efb5fed369bbb6,2,nq:0027,L0,v1,Qwen/Qwen2.5-1.5B-Instruct,"Gravity is a fundamental force of nature that has been known about since ancient times. The concept was first described in classical physics by Sir Isaac Newton, who formulated his law of universal gravitation in 1687. This theory states that every particle attracts every other particle in the universe with a force that is directly proportional to the product of their masses and inversely proportional to the square of the distance between them. However, it's important to note that while gravity is understood through this model, its exact origins remain one of the great unsolved mysteries in modern science.",gravity,0,0,0.02150537634408602,,judge-stub/unwired,12,114,4.863480377000087,1,0.0,0.0004728383699861196,4872.011693001696,8.531316001608502,4863.480377000087,0.0,19e1267e270fb26a4e6da10a2e33f407c4cde82d,7fdc85f695827cd40610ae43ca440f13cb399989fda72657811baf795f8607dc,2026-09-19T13:57:15.003408+00:00,measured,measured,0.0,0
235,807206840463049ba5b46e81c4a99c5e781aa3e04840f164ac66e7db2ae0adce,0,nq:0028,L0,v1,Qwen/Qwen2.5-1.5B-Instruct,"Marie Curie is known for her pioneering work in radioactivity, earning two Nobel Prizes.",Marie Curie,0,0,0.25,,judge-stub/unwired,14,19,0.8063349589992868,1,0.0,7.839367656937509e-05,812.8135429997201,6.4785840004333295,806.3349589992868,0.0,19e1267e270fb26a4e6da10a2e33f407c4cde82d,7fdc85f695827cd40610ae43ca440f13cb399989fda72657811baf795f8607dc,2026-09-19T13:57:16.106191+00:00,measured,measured,0.0,0
236,84a2a7aaf9a7e1878f03ff60e7fa6d9a58b68632b13324bbce4bd1ba25561312,1,nq:0028,L0,v1,Qwen/Qwen2.5-1.5B-Instruct,"Marie Curie is known for her pioneering work in radioactivity, earning two Nobel Prizes.",Marie Curie,0,0,0.25,,judge-stub/unwired,14,19,0.7924182420001671,1,0.0,7.70406624166829e-05,801.5585490038575,9.140307003690396,792.4182420001671,0.0,19e1267e270fb26a4e6da10a2e33f407c4cde82d,7fdc85f695827cd40610ae43ca440f13cb399989fda72657811baf795f8607dc,2026-09-19T13:57:17.161050+00:00,measured,measured,0.0,0
237,26c133a1a8eb567a82d4238107f3a92ac5e11853f3bf1f74fa6f17d8d154d4ca,2,nq:0028,L0,v1,Qwen/Qwen2.5-1.5B-Instruct,"Marie Curie is known for her pioneering work in radioactivity and discovery of two elements, polonium and radium.",Marie Curie,0,0,0.19999999999999998,,judge-stub/unwired,14,24,0.9860005860000456,1,0.0,9.586116808333776e-05,990.55178800063,4.551202000584453,986.0005860000456,0.0,19e1267e270fb26a4e6da10a2e33f407c4cde82d,7fdc85f695827cd40610ae43ca440f13cb399989fda72657811baf795f8607dc,2026-09-19T13:57:18.405555+00:00,measured,measured,0.0,0
238,6d669dcadf21955b7c0020efe6d20edb60b6d3618f8553ad495075f95e4569ad,0,nq:0029,L0,v1,Qwen/Qwen2.5-1.5B-Instruct,The Amazon River was formed approximately 15 million years ago.,Amazon River,0,0,0.3636363636363636,,judge-stub/unwired,13,13,0.553137918000175,1,0.0,5.377729758335035e-05,561.6727080023338,8.534790002158843,553.137918000175,0.0,19e1267e270fb26a4e6da10a2e33f407c4cde82d,7fdc85f695827cd40610ae43ca440f13cb399989fda72657811baf795f8607dc,2026-09-19T13:57:19.205719+00:00,measured,measured,0.0,0
239,db45d872389783e7d14c1773cc46e977ea53ca07274797467b0f2f21db3021e4,1,nq:0029,L0,v1,Qwen/Qwen2.5-1.5B-Instruct,The Amazon River began to form around 30 million years ago.,Amazon River,0,0,0.33333333333333337,,judge-stub/unwired,13,14,0.6066116640004111,1,0.0,5.8976134000039965e-05,614.8754650066621,8.263801006251015,606.6116640004111,0.0,19e1267e270fb26a4e6da10a2e33f407c4cde82d,7fdc85f695827cd40610ae43ca440f13cb399989fda72657811baf795f8607dc,2026-09-19T13:57:20.062974+00:00,measured,measured,0.0,0
240,564e93cc0523a65258901518e0bec4221807661fb9eafc39e0cfc4ce86d34241,2,nq:0029,L0,v1,Qwen/Qwen2.5-1.5B-Instruct,The Amazon River began to form around 30 million years ago.,Amazon River,0,0,0.33333333333333337,,judge-stub/unwired,13,14,0.6329578340000808,1,0.0,6.153756719445228e-05,641.311829006554,8.35399500647327,632.9578340000808,0.0,19e1267e270fb26a4e6da10a2e33f407c4cde82d,7fdc85f695827cd40610ae43ca440f13cb399989fda72657811baf795f8607dc,2026-09-19T13:57:20.966504+00:00,measured,measured,0.0,0
241,d76f0f3670d94d5c4be31fa42aa7ea80c4ae5a064a469078b4127495a721a789,0,nq:0030,L0,v1,Qwen/Qwen2.5-1.5B-Instruct,The Pacific Ocean has existed for approximately 175 million years.,Pacific Ocean,0,0,0.3636363636363636,,judge-stub/unwired,13,14,0.7645317060005254,1,0.0,7.432947141671774e-05,768.7557880044551,4.224082003929652,764.5317060005254,0.0,19e1267e270fb26a4e6da10a2e33f407c4cde82d,7fdc85f695827cd40610ae43ca440f13cb399989fda72657811baf795f8607dc,2026-09-19T13:57:21.987336+00:00,measured,measured,0.0,0
242,2f42d4cedd9efd3439c794b999220f127be56134c8aaf27a2ffef047bba50ece,1,nq:0030,L0,v1,Qwen/Qwen2.5-1.5B-Instruct,"The Pacific Ocean has been a part of Earth's surface since its formation approximately 500 million years ago. It began as a shallow, warm ocean that covered much of what is now North America and Europe. Over millions of years, it slowly filled in with sediment from land masses eroding away. Today, it spans over 164,200 miles (264,200 kilometers) across the globe, making it the largest ocean on our planet.",Pacific Ocean,0,0,0.05714285714285715,,judge-stub/unwired,13,98,4.245975275000092,1,0.0,0.00041280315173612003,4250.168604005012,4.193329004920088,4245.975275000092,0.0,19e1267e270fb26a4e6da10a2e33f407c4cde82d,7fdc85f695827cd40610ae43ca440f13cb399989fda72657811baf795f8607dc,2026-09-19T13:57:26.510353+00:00,measured,measured,0.0,0
243,f2e7ff9b03433ce7c533c20c693a1f6e544a25e7c53fb0c5b8bca4d5e51dd19a,2,nq:0030,L0,v1,Qwen/Qwen2.5-1.5B-Instruct,The Pacific Ocean has been around for approximately 175 million years.,Pacific Ocean,0,0,0.33333333333333337,,judge-stub/unwired,13,15,0.6285561209997468,1,0.0,6.110962287497538e-05,633.0725029956739,4.516381995927077,628.5561209997468,0.0,19e1267e270fb26a4e6da10a2e33f407c4cde82d,7fdc85f695827cd40610ae43ca440f13cb399989fda72657811baf795f8607dc,2026-09-19T13:57:27.378250+00:00,measured,measured,0.0,0
244,888a96a23214bb12123a976eacc2d51272aaef218f415cf52cb4be05bc16881e,0,nq:0031,L0,v1,Qwen/Qwen2.5-1.5B-Instruct,DNA is known for storing genetic information.,DNA,0,0,0.25,,judge-stub/unwired,13,8,0.3738375279999673,1,0.0,3.634531522221904e-05,379.3259520016363,5.4884240016690455,373.8375279999673,0.0,19e1267e270fb26a4e6da10a2e33f407c4cde82d,7fdc85f695827cd40610ae43ca440f13cb399989fda72657811baf795f8607dc,2026-09-19T13:57:27.994238+00:00,measured,measured,0.0,0
245,079fa5692469b66f228df8178e6f855b15bec21906dea88e4d307b379a798439,1,nq:0031,L0,v1,Qwen/Qwen2.5-1.5B-Instruct,DNA is known for carrying genetic information.,DNA,0,0,0.25,,judge-stub/unwired,13,8,0.3673563880001893,1,0.0,3.5715204388907294e-05,371.65567899501184,4.299290994822513,367.3563880001893,0.0,19e1267e270fb26a4e6da10a2e33f407c4cde82d,7fdc85f695827cd40610ae43ca440f13cb399989fda72657811baf795f8607dc,2026-09-19T13:57:28.631475+00:00,measured,measured,0.0,0
246,cb95b25f401ca715bd5a15708747a97200207baea8e67fd04320853faa5ba981,2,nq:0031,L0,v1,Qwen/Qwen2.5-1.5B-Instruct,DNA is known for carrying genetic information.,DNA,0,0,0.25,,judge-stub/unwired,13,8,0.36342808500012325,1,0.0,3.533328604167865e-05,368.5125239990157,5.084438998892438,363.42808500012325,0.0,19e1267e270fb26a4e6da10a2e33f407c4cde82d,7fdc85f695827cd40610ae43ca440f13cb399989fda72657811baf795f8607dc,2026-09-19T13:57:29.236933+00:00,measured,measured,0.0,0
247,c6f49730dd71a9a6a4c37672b7adafd85a1a4a9ae90a835fb79ab46b1a772cc1,0,nq:0032,L0,v1,Qwen/Qwen2.5-1.5B-Instruct,Black holes are known for their intense gravitational pull and the immense amount of mass compressed into a small space.,black holes,0,0,0.19999999999999998,,judge-stub/unwired,14,21,0.8987247289996958,1,0.0,8.737601531941487e-05,903.4001999980319,4.675470998336095,898.7247289996958,0.0,19e1267e270fb26a4e6da10a2e33f407c4cde82d,7fdc85f695827cd40610ae43ca440f13cb399989fda72657811baf795f8607dc,2026-09-19T13:57:30.386819+00:00,measured,measured,0.0,0
248,94939091fb4629306a6d7a5d4cbbb24e31e704968b7b22dfa244fd400a85d598,1,nq:0032,L0,v1,Qwen/Qwen2.5-1.5B-Instruct,"Black holes are known for their extreme gravity, immense mass concentrated in a small volume, and the process of matter being pulled into them.",black holes,0,0,0.16666666666666669,,judge-stub/unwired,14,27,1.1078197120004916,1,0.0,0.00010770469422227,1114.224810997257,6.405098996765446,1107.8197120004916,0.0,19e1267e270fb26a4e6da10a2e33f407c4cde82d,7fdc85f695827cd40610ae43ca440f13cb399989fda72657811baf795f8607dc,2026-09-19T13:57:31.738227+00:00,measured,measured,0.0,0
249,6ce2197d519d8ba9f48aa53b0d83f900e334b0c1fa1556a4228fd41026224717,2,nq:0032,L0,v1,Qwen/Qwen2.5-1.5B-Instruct,Black holes are known for their intense gravity and ability to absorb matter.,black holes,0,0,0.2666666666666667,,judge-stub/unwired,14,14,0.6123381589995915,1,0.0,5.953287656940473e-05,617.8936060014166,5.555447001825087,612.3381589995915,0.0,19e1267e270fb26a4e6da10a2e33f407c4cde82d,7fdc85f695827cd40610ae43ca440f13cb399989fda72657811baf795f8607dc,2026-09-19T13:57:32.623166+00:00,measured,measured,0.0,0
250,9bc276b9dfdc5105dc519e85272bf016793de3ae40d8b8aa553a378ba6db130e,0,nq:0033,L0,v1,Qwen/Qwen2.5-1.5B-Instruct,"The Eiffel Tower is located in Paris, France.",Eiffel Tower,0,0,0.4444444444444445,,judge-stub/unwired,13,12,0.5389695310004754,1,0.0,5.2399815513935107e-05,545.8238729988807,6.854341998405289,538.9695310004754,0.0,19e1267e270fb26a4e6da10a2e33f407c4cde82d,7fdc85f695827cd40610ae43ca440f13cb399989fda72657811baf795f8607dc,2026-09-19T13:57:33.416952+00:00,measured,measured,0.0,0
251,8a0b9da72708233d7834294f4f1acb19e3fe64fbc059794da18d1e7e2338e916,1,nq:0033,L0,v1,Qwen/Qwen2.5-1.5B-Instruct,"The Eiffel Tower is located in Paris, France.",Eiffel Tower,0,0,0.4444444444444445,,judge-stub/unwired,13,12,0.6784068020006089,1,0.0,6.59562168611703e-05,686.3486020029086,7.941800002299715,678.4068020006089,0.0,19e1267e270fb26a4e6da10a2e33f407c4cde82d,7fdc85f695827cd40610ae43ca440f13cb399989fda72657811baf795f8607dc,2026-09-19T13:57:34.370745+00:00,measured,measured,0.0,0
252,9778a7ab6e50867686e571aa9a6860a19e5aa87925250750bac2e3e13953ff67,2,nq:0033,L0,v1,Qwen/Qwen2.5-1.5B-Instruct,"The Eiffel Tower is located in Paris, France.",Eiffel Tower,0,0,0.4444444444444445,,judge-stub/unwired,13,12,0.7158880560000398,1,0.0,6.960022766667053e-05,722.4667230020714,6.57866700203158,715.8880560000398,0.0,19e1267e270fb26a4e6da10a2e33f407c4cde82d,7fdc85f695827cd40610ae43ca440f13cb399989fda72657811baf795f8607dc,2026-09-19T13:57:35.396545+00:00,measured,measured,0.0,0
253,97381a0688a081cfb2a7911b02745cf66128d1d2dfdea9b9f9a73f9d8598aff8,0,nq:0034,L0,v1,Qwen/Qwen2.5-1.5B-Instruct,Gravity is a fundamental force of nature and does not have a specific location. It acts everywhere in the universe.,gravity,0,0,0.1111111111111111,,judge-stub/unwired,12,22,0.9945609320002404,1,0.0,9.669342394446782e-05,1001.9715949983947,7.410662998154294,994.5609320002404,0.0,19e1267e270fb26a4e6da10a2e33f407c4cde82d,7fdc85f695827cd40610ae43ca440f13cb399989fda72657811baf795f8607dc,2026-09-19T13:57:36.660032+00:00,measured,measured,0.0,0
254,fa7f717373a50326766356e25b2d4dfb6683fbd69515d90f72434b6c86549057,1,nq:0034,L0,v1,Qwen/Qwen2.5-1.5B-Instruct,Gravity is a fundamental force of nature that exists everywhere in space. It is not localized to any specific location but acts upon all objects regardless of their distance from each other or the presence of matter.,gravity,0,0,0.05555555555555556,,judge-stub/unwired,12,39,1.5977483840006244,1,0.0,0.00015533664844450513,1601.9089580049695,4.160574004345108,1597.7483840006244,0.0,19e1267e270fb26a4e6da10a2e33f407c4cde82d,7fdc85f695827cd40610ae43ca440f13cb399989fda72657811baf795f8607dc,2026-09-19T13:57:38.641420+00:00,measured,measured,0.0,0
255,51a8f4999651184ecee05a9d3f73e8ae57f84718ac7874d7ac8aedb850ee37e5,2,nq:0034,L0,v1,Qwen/Qwen2.5-1.5B-Instruct,"Gravity is located within celestial bodies, such as planets and stars.",gravity,0,0,0.16666666666666669,,judge-stub/unwired,12,13,0.5788802260003649,1,0.0,5.6280021972257696e-05,584.360136003852,5.479910003487021,578.8802260003649,0.0,19e1267e270fb26a4e6da10a2e33f407c4cde82d,7fdc85f695827cd40610ae43ca440f13cb399989fda72657811baf795f8607dc,2026-09-19T13:57:39.495324+00:00,measured,measured,0.0,0
256,bbe7fb7b03647ae830e7f5e185959511c07fa35d0a35484f80350f55d8890946,0,nq:0035,L0,v1,Qwen/Qwen2.5-1.5B-Instruct,Sir Isaac Newton is credited with discovering and formulating the law of universal gravitation.,gravity,0,0,0.0,,judge-stub/unwired,11,17,0.729483366999375,1,0.0,7.092199401382812e-05,734.4315159980397,4.948148998664692,729.483366999375,0.0,19e1267e270fb26a4e6da10a2e33f407c4cde82d,7fdc85f695827cd40610ae43ca440f13cb399989fda72657811baf795f8607dc,2026-09-19T13:57:40.491636+00:00,measured,measured,0.0,0
257,52734a6b1aadc026bd068df4b8740b2f9a1224e701807bd84a4c5f0f3bf00551,1,nq:0035,L0,v1,Qwen/Qwen2.5-1.5B-Instruct,Sir Isaac Newton is credited with discovering and formulating the law of universal gravitation.,gravity,0,0,0.0,,judge-stub/unwired,11,17,0.7353060810000898,1,0.0,7.148809120834206e-05,745.3779730003589,10.071892000269145,735.3060810000898,0.0,19e1267e270fb26a4e6da10a2e33f407c4cde82d,7fdc85f695827cd40610ae43ca440f13cb399989fda72657811baf795f8607dc,2026-09-19T13:57:41.499593+00:00,measured,measured,0.0,0
258,a4916078520323e25ac1935d9fac8b68f6d5c7eb0dabd9268771d7d3f78f0e7d,2,nq:0035,L0,v1,Qwen/Qwen2.5-1.5B-Instruct,Sir Isaac Newton is credited with discovering gravity.,gravity,0,0,0.2222222222222222,,judge-stub/unwired,11,9,0.41066505999970104,1,0.0,3.992576972219315e-05,414.89822700441437,4.233167004713323,410.66505999970104,0.0,19e1267e270fb26a4e6da10a2e33f407c4cde82d,7fdc85f695827cd40610ae43ca440f13cb399989fda72657811baf795f8607dc,2026-09-19T13:57:42.154689+00:00,measured,measured,0.0,0
259,a508b470ae88940a1971c44c483028a205a4a2fb98313af9fa597423d024ace1,0,nq:0036,L0,v1,Qwen/Qwen2.5-1.5B-Instruct,Quantum mechanics is known for explaining the behavior of particles at the atomic and subatomic level.,quantum mechanics,0,0,0.25,,judge-stub/unwired,14,18,0.7392124150001109,1,0.0,7.186787368056632e-05,744.2189250004958,5.006510000384878,739.2124150001109,0.0,19e1267e270fb26a4e6da10a2e33f407c4cde82d,7fdc85f695827cd40610ae43ca440f13cb399989fda72657811baf795f8607dc,2026-09-19T13:57:43.169290+00:00,measured,measured,0.0,0
260,7adcb555ae61f74613313b390c52091520826c0b896d29b3d0e0880df0c51f7d,1,nq:0036,L0,v1,Qwen/Qwen2.5-1.5B-Instruct,"Quantum mechanics is known for explaining the behavior of matter and energy at the atomic and subatomic level, including phenomena such as wave-particle duality, quantization of energy, and superposition. It also describes how particles can exist in multiple states simultaneously until observed or measured.",quantum mechanics,0,0,0.08888888888888888,,judge-stub/unwired,14,55,2.1869795370002976,1,0.0,0.0002126230105416956,2191.1671120033134,4.187575003015809,2186.9795370002976,0.0,19e1267e270fb26a4e6da10a2e33f407c4cde82d,7fdc85f695827cd40610ae43ca440f13cb399989fda72657811baf795f8607dc,2026-09-19T13:57:45.622320+00:00,measured,measured,0.0,0
261,414404468593845457e5e62d937ecf27db51834c1355949b42b64d0109265f90,2,nq:0036,L0,v1,Qwen/Qwen2.5-1.5B-Instruct,"Quantum mechanics is known for its description of physical phenomena at microscopic scales, particularly particles and fields. It revolutionized physics by introducing concepts like wave-particle duality, uncertainty principle, and quantization. Its principles underpin modern technology, including semiconductors and MRI machines.",quantum mechanics,0,0,0.09302325581395349,,judge-stub/unwired,14,56,3.0092767419992015,1,0.0,0.0002925685721388112,3013.580163998995,4.3034219997935,3009.2767419992015,0.0,19e1267e270fb26a4e6da10a2e33f407c4cde82d,7fdc85f695827cd40610ae43ca440f13cb399989fda72657811baf795f8607dc,2026-09-19T13:57:48.899257+00:00,measured,measured,0.0,0
262,b841f5ced207cc444fea839aa77cf7ba5c26cfb08646659d48db031fec97e038,0,nq:0037,L0,v1,Qwen/Qwen2.5-1.5B-Instruct,"Neural networks have been in use since the 1940s, though they were not widely recognized until the 1950s and gained significant attention in the 1980s. They experienced a resurgence of interest during the mid-2000s with the advent of deep learning algorithms.",neural networks,0,0,0.10526315789473684,,judge-stub/unwired,13,65,2.6224898390000817,1,0.0,0.0002549642899027857,2626.6690940037734,4.179255003691651,2622.4898390000817,0.0,19e1267e270fb26a4e6da10a2e33f407c4cde82d,7fdc85f695827cd40610ae43ca440f13cb399989fda72657811baf795f8607dc,2026-09-19T13:57:51.761820+00:00,measured,measured,0.0,0
263,7e1e4d7eb455c25136f6ed6fbbf7e1706dc4f8913551ac563bcd48fdcd946e56,1,nq:0037,L0,v1,Qwen/Qwen2.5-1.5B-Instruct,"Neural networks have been in development for several decades, but they gained significant attention and widespread use in recent years due to advancements in computing power and data availability. The concept was first proposed by Warren McCulloch and Walter Pitts in 1943, marking their foundational work on how neurons might process information. However, practical applications of neural networks as we know them today emerged much later, particularly after the advent of the internet and the need for more sophisticated computational models capable of handling large datasets efficiently.",neural networks,0,0,0.047058823529411764,,judge-stub/unwired,13,101,4.0417216899995765,1,0.0,0.00039294516430551436,4046.386082006393,4.6643920068163425,4041.7216899995765,0.0,19e1267e270fb26a4e6da10a2e33f407c4cde82d,7fdc85f695827cd40610ae43ca440f13cb399989fda72657811baf795f8607dc,2026-09-19T13:57:56.055505+00:00,measured,measured,0.0,0
264,51231700af25683f216690eef66e5cd7c487e3d4ad7e6b02c458b394989c3e6d,2,nq:0037,L0,v1,Qwen/Qwen2.5-1.5B-Instruct,"Neural networks have been around since the 1940s, but significant advancements occurred in the mid-20th century and into the early 21st century. The modern era of deep learning as we know it began to flourish after 2006. However, the concept itself predates these developments by several decades.",neural networks,0,0,0.08888888888888888,,judge-stub/unwired,13,69,2.9580223909997585,1,0.0,0.00028758551023608757,2967.236080001385,9.213689001626335,2958.0223909997585,0.0,19e1267e270fb26a4e6da10a2e33f407c4cde82d,7fdc85f695827cd40610ae43ca440f13cb399989fda72657811baf795f8607dc,2026-09-19T13:57:59.287633+00:00,measured,measured,0.0,0
265,838fd00b0961bfa26f89bc5b574ef0c2eae31cc4f598aed657019cdf2186101b,0,nq:0038,L0,v1,Qwen/Qwen2.5-1.5B-Instruct,"World War II was a global war that lasted from 1939 to 1945, resulting in the deaths of an estimated 70 million people. It began in Europe when Germany invaded Poland and ended with Japan's unconditional surrender on September 2, 1945, after the atomic bombings of Hiroshima and Nagasaki. The war involved the majority of the world's nations, including all great powers, forming two opposing military alliances: the Allies and the Axis. In a state of total war, the respective sides mobilized as many as 100 million soldiers and four to six million battle-related non-combatants, making it the deadliest conflict in human history.

World War II resulted in significant changes in politics, economics, and culture worldwide. It led to the formation of the United Nations and influenced the post-war era through the establishment of international law, particularly the Nuremberg Principles, which set forth the legal standards applicable to crimes against peace, war crimes, and crimes against humanity during armed conflicts. Additionally, the war contributed to the decolonization movement and reshaped the geopolitical landscape of the world, leading to the rise of superpowers like the Soviet Union and the United States. The economic impact included the Great Depression (",World War II,0,0,0.033707865168539325,,judge-stub/unwired,15,256,10.75551548400017,1,0.0,0.0010456751165000165,10763.53687899882,8.021394998650067,10755.51548400017,0.0,19e1267e270fb26a4e6da10a2e33f407c4cde82d,7fdc85f695827cd40610ae43ca440f13cb399989fda72657811baf795f8607dc,2026-09-19T13:58:10.321891+00:00,measured,measured,0.0,0
266,1939d86d2352ad536b7ff07fa3342cc0bb225fa84c9d21c69178879a6f1c5d8e,1,nq:0038,L0,v1,Qwen/Qwen2.5-1.5B-Instruct,"World War II is known for its global scale, extensive involvement of major powers, and devastating impact on human life. It resulted in millions of deaths and significant changes to international relations and political structures.",World War II,0,0,0.15789473684210528,,judge-stub/unwired,15,39,1.8340676879997773,1,0.0,0.00017831213633331166,1838.6430840000685,4.575396000291221,1834.0676879997773,0.0,19e1267e270fb26a4e6da10a2e33f407c4cde82d,7fdc85f695827cd40610ae43ca440f13cb399989fda72657811baf795f8607dc,2026-09-19T13:58:12.404904+00:00,measured,measured,0.0,0
267,aa6c9112796e157fc0626e6847955b9fd546dc6495b82a9f71a20e1342f55606,2,nq:0038,L0,v1,Qwen/Qwen2.5-1.5B-Instruct,"World War II was a global war that lasted from 1939 to 1945, resulting in the deaths of an estimated 70–85 million people.",World War II,0,0,0.2608695652173913,,judge-stub/unwired,15,38,1.9663399159999244,1,0.0,0.00019117193627777042,1975.7604990027176,9.420583002793137,1966.3399159999244,0.0,19e1267e270fb26a4e6da10a2e33f407c4cde82d,7fdc85f695827cd40610ae43ca440f13cb399989fda72657811baf795f8607dc,2026-09-19T13:58:14.643797+00:00,measured,measured,0.0,0
268,979ef8ada26ac5c5c3a5138527e405db35c366cd1ca6c7e92b4db92d2170ade2,0,nq:0039,L0,v1,Qwen/Qwen2.5-1.5B-Instruct,The Industrial Revolution began in the late 18th century and continued into the early 19th century.,Industrial Revolution,0,0,0.2666666666666667,,judge-stub/unwired,13,23,0.9675367209993055,1,0.0,9.40660700971547e-05,975.49850899577,7.961787996464409,967.5367209993055,0.0,19e1267e270fb26a4e6da10a2e33f407c4cde82d,7fdc85f695827cd40610ae43ca440f13cb399989fda72657811baf795f8607dc,2026-09-19T13:58:15.910291+00:00,measured,measured,0.0,0
269,da509d9c19e1f5dcd4d6e1d94950e6bb7b0c3e566f0e62645b0e0f15b70db7dc,1,nq:0039,L0,v1,Qwen/Qwen2.5-1.5B-Instruct,The Industrial Revolution began in Britain around 1760.,Industrial Revolution,0,0,0.4444444444444445,,judge-stub/unwired,13,13,0.5673515609996684,1,0.0,5.5159179541634427e-05,574.8656169998867,7.514056000218261,567.3515609996684,0.0,19e1267e270fb26a4e6da10a2e33f407c4cde82d,7fdc85f695827cd40610ae43ca440f13cb399989fda72657811baf795f8607dc,2026-09-19T13:58:16.728403+00:00,measured,measured,0.0,0
270,3a020e57824ee88907c43a1bc42bebfb86747a355fad90ba6b11f32f4e191ebb,2,nq:0039,L0,v1,Qwen/Qwen2.5-1.5B-Instruct,The Industrial Revolution began in Britain around 1760.,Industrial Revolution,0,0,0.4444444444444445,,judge-stub/unwired,13,13,0.5520654649999415,1,0.0,5.367303131943875e-05,557.0954900003926,5.030025000451133,552.0654649999415,0.0,19e1267e270fb26a4e6da10a2e33f407c4cde82d,7fdc85f695827cd40610ae43ca440f13cb399989fda72657811baf795f8607dc,2026-09-19T13:58:17.538499+00:00,measured,measured,0.0,0
271,2a32e1892abac93a20cda447b9b7f290f9a25c1aa1a5d09ef1f88bb4a6d95ae3,0,nq:0040,L0,v1,Qwen/Qwen2.5-1.5B-Instruct,Sir George Everest,Mount Everest,0,0,0.4,,judge-stub/unwired,12,3,0.1750980079996225,1,0.0,1.7023417444407742e-05,180.95667499801493,5.858666998392437,175.0980079996225,0.0,19e1267e270fb26a4e6da10a2e33f407c4cde82d,7fdc85f695827cd40610ae43ca440f13cb399989fda72657811baf795f8607dc,2026-09-19T13:58:17.988680+00:00,measured,measured,0.0,0
272,7eb75f3c91f20daaa4b55c7e80cdf07a215337462549ca7db55a609bafc06df5,1,nq:0040,L0,v1,Qwen/Qwen2.5-1.5B-Instruct,Sir George Everest.,Mount Everest,0,0,0.4,,judge-stub/unwired,12,4,0.20954706300017278,1,0.0,2.0372631125016798e-05,213.8650390033945,4.317976003221702,209.54706300017278,0.0,19e1267e270fb26a4e6da10a2e33f407c4cde82d,7fdc85f695827cd40610ae43ca440f13cb399989fda72657811baf795f8607dc,2026-09-19T13:58:18.462469+00:00,measured,measured,0.0,0
273,80329800ee82596ce2e51325acb353dc0760cbaf7abf6cc975b3f25f3681d4ee,2,nq:0040,L0,v1,Qwen/Qwen2.5-1.5B-Instruct,Sir George Everest.,Mount Everest,0,0,0.4,,judge-stub/unwired,12,4,0.21362502600004518,1,0.0,2.076909975000439e-05,217.70534100414807,4.080315004102886,213.62502600004518,0.0,19e1267e270fb26a4e6da10a2e33f407c4cde82d,7fdc85f695827cd40610ae43ca440f13cb399989fda72657811baf795f8607dc,2026-09-19T13:58:18.925946+00:00,measured,measured,0.0,0
274,e260068a1636b766b0fcffb8500ca58f3dc4194a4fbfe80228d149ab3fecbea1,0,nq:0041,L0,v1,Qwen/Qwen2.5-1.5B-Instruct,Albert Einstein.,photosynthesis,0,0,0.0,,judge-stub/unwired,11,3,0.16705268799978512,1,0.0,1.6241233555534663e-05,171.1757699986265,4.123081998841371,167.05268799978512,0.0,19e1267e270fb26a4e6da10a2e33f407c4cde82d,7fdc85f695827cd40610ae43ca440f13cb399989fda72657811baf795f8607dc,2026-09-19T13:58:19.426483+00:00,measured,measured,0.0,0
275,bdaf94f5c8343fd5b1d51b229501bc41baff353dab40e15fae425ec753069363,1,nq:0041,L0,v1,Qwen/Qwen2.5-1.5B-Instruct,Robert Hooke discovered photosynthesis.,photosynthesis,0,0,0.4,,judge-stub/unwired,11,7,0.3356145090001519,1,0.0,3.262918837501477e-05,346.02951499982737,10.415005999675486,335.6145090001519,0.0,19e1267e270fb26a4e6da10a2e33f407c4cde82d,7fdc85f695827cd40610ae43ca440f13cb399989fda72657811baf795f8607dc,2026-09-19T13:58:20.019004+00:00,measured,measured,0.0,0
276,e3934435c0a6382e513e08fbfdf16e309ef046bab80f725fed7e1f449b7e16d3,2,nq:0041,L0,v1,Qwen/Qwen2.5-1.5B-Instruct,Albert Einstein.,photosynthesis,0,0,0.0,,judge-stub/unwired,11,3,0.17249421699943923,1,0.0,1.67702710971677e-05,180.85670100390416,8.362484004464932,172.49421699943923,0.0,19e1267e270fb26a4e6da10a2e33f407c4cde82d,7fdc85f695827cd40610ae43ca440f13cb399989fda72657811baf795f8607dc,2026-09-19T13:58:20.444004+00:00,measured,measured,0.0,0
277,baa274f1af238d31857aeabc597b7bf372e4a2fc6ae4e9d5e5f592a6ec228301,0,nq:0042,L0,v1,Qwen/Qwen2.5-1.5B-Instruct,Black holes form from massive stars collapsing after their nuclear fuel is depleted.,black holes,0,0,0.2666666666666667,,judge-stub/unwired,13,14,0.6188702979998197,1,0.0,6.0167945638871355e-05,627.9178400000092,9.047542000189424,618.8702979998197,0.0,19e1267e270fb26a4e6da10a2e33f407c4cde82d,7fdc85f695827cd40610ae43ca440f13cb399989fda72657811baf795f8607dc,2026-09-19T13:58:21.365119+00:00,measured,measured,0.0,0
278,c98ebfa7e913bcf457203fa025a2553ed483a0fdd479cdb884609027553347d4,1,nq:0042,L0,v1,Qwen/Qwen2.5-1.5B-Instruct,"Black holes have existed since the beginning of time, as they are a fundamental part of the universe's structure. Their formation is believed to occur through gravitational collapse in massive stars and the merging of galaxies over cosmic history.",black holes,0,0,0.10526315789473684,,judge-stub/unwired,13,43,1.7656883400004517,1,0.0,0.00017166414416671055,1770.3465310069078,4.658191006456036,1765.6883400004517,0.0,19e1267e270fb26a4e6da10a2e33f407c4cde82d,7fdc85f695827cd40610ae43ca440f13cb399989fda72657811baf795f8607dc,2026-09-19T13:58:23.407936+00:00,measured,measured,0.0,0
279,f1191558b4b56eb1cf78a4c6921917b65bb2b197bc49391a06d3c3870e16bc6c,2,nq:0042,L0,v1,Qwen/Qwen2.5-1.5B-Instruct,Black holes form when massive stars collapse under their own gravity. The process typically occurs within a few million years after such a star exhausts its nuclear fuel and can no longer support itself against its own gravity.,black holes,0,0,0.1081081081081081,,judge-stub/unwired,13,41,2.062667684000189,1,0.0,0.00020053713594446283,2070.6397599969932,7.972075996804051,2062.667684000189,0.0,19e1267e270fb26a4e6da10a2e33f407c4cde82d,7fdc85f695827cd40610ae43ca440f13cb399989fda72657811baf795f8607dc,2026-09-19T13:58:25.708494+00:00,measured,measured,0.0,0
280,8a88e7873309d89fb84e66dcc94cb42223ae24c56950f7c62d2219da97f83eae,0,nq:0043,L0,v1,Qwen/Qwen2.5-1.5B-Instruct,Ferdinand Magellan and Juan Sebastián Elcano.,Pacific Ocean,0,0,0.0,,judge-stub/unwired,12,11,0.6844835299998522,1,0.0,6.654700986109673e-05,688.7028909986839,4.219360998831689,684.4835299998522,0.0,19e1267e270fb26a4e6da10a2e33f407c4cde82d,7fdc85f695827cd40610ae43ca440f13cb399989fda72657811baf795f8607dc,2026-09-19T13:58:26.670113+00:00,measured,measured,0.0,0
281,7722c44411aa0de3db0f9aeb18b42485406108ca44c46ac3ee9d4ab80e365191,1,nq:0043,L0,v1,Qwen/Qwen2.5-1.5B-Instruct,Ferdinand Magellan and Juan Sebastian Elcano discovered the Pacific Ocean in 1520 during their circumnavigation of the globe.,Pacific Ocean,0,0,0.2222222222222222,,judge-stub/unwired,12,26,1.0896468700002515,1,0.0,0.00010593789013891334,1095.5005570058347,5.853687005583197,1089.6468700002515,0.0,19e1267e270fb26a4e6da10a2e33f407c4cde82d,7fdc85f695827cd40610ae43ca440f13cb399989fda72657811baf795f8607dc,2026-09-19T13:58:28.041864+00:00,measured,measured,0.0,0
282,de083aa8bbaf5826135eb21cdf328f176d27c18962b16f3ac304ef6482a58ff9,2,nq:0043,L0,v1,Qwen/Qwen2.5-1.5B-Instruct,Ferdinand Magellan and Juan Sebastián Elcano are credited with discovering the Pacific Ocean in 1520 during their circumnavigation of the globe.,Pacific Ocean,0,0,0.1904761904761905,,judge-stub/unwired,12,31,1.319229618999998,1,0.0,0.00012825843518055535,1325.0347589973899,5.8051399973919615,1319.229618999998,0.0,19e1267e270fb26a4e6da10a2e33f407c4cde82d,7fdc85f695827cd40610ae43ca440f13cb399989fda72657811baf795f8607dc,2026-09-19T13:58:29.622641+00:00,measured,measured,0.0,0
283,29cf5aaa4a86ec27c5599e1df8bb003cda75dab0a5b58858a36851587cf5d22c,0,nq:0044,L0,v1,Qwen/Qwen2.5-1.5B-Instruct,"The Great Wall of China is located in northern China. It stretches over 13,000 miles (21,000 kilometers) and was built to protect against invasions by nomadic groups from the north.",Great Wall of China,0,0,0.23529411764705882,,judge-stub/unwired,15,47,1.9510822229995028,1,0.0,0.000189688549458285,1955.6585389937027,4.576315994199831,1951.0822229995028,0.0,19e1267e270fb26a4e6da10a2e33f407c4cde82d,7fdc85f695827cd40610ae43ca440f13cb399989fda72657811baf795f8607dc,2026-09-19T13:58:31.888500+00:00,measured,measured,0.0,0
284,2d213a4c27aacd839d88f713def228ed2c042c64ddc5aa9ea6947269d33b6f89,1,nq:0044,L0,v1,Qwen/Qwen2.5-1.5B-Instruct,"The Great Wall of China is located in northern China. It stretches over 13,000 miles (21,000 km) and was built to protect against invasions from Mongol tribes.",Great Wall of China,0,0,0.25,,judge-stub/unwired,15,44,1.8036999490004746,1,0.0,0.00017535971726393503,1808.3008859985057,4.600936998031102,1803.6999490004746,0.0,19e1267e270fb26a4e6da10a2e33f407c4cde82d,7fdc85f695827cd40610ae43ca440f13cb399989fda72657811baf795f8607dc,2026-09-19T13:58:33.978479+00:00,measured,measured,0.0,0
285,5f1886cd604ad1443e8d1de05036b07973519f6469c72d87d140cad69f221589,2,nq:0044,L0,v1,Qwen/Qwen2.5-1.5B-Instruct,"The Great Wall of China stretches across northern China. It starts in the east at the Yalu River and ends in the west near the Gobi Desert, covering over 13,000 miles (21,000 kilometers).",Great Wall of China,0,0,0.23529411764705882,,judge-stub/unwired,15,50,2.062542771000153,1,0.0,0.0002005249916250149,2074.0058809933544,11.463109993201215,2062.542771000153,0.0,19e1267e270fb26a4e6da10a2e33f407c4cde82d,7fdc85f695827cd40610ae43ca440f13cb399989fda72657811baf795f8607dc,2026-09-19T13:58:36.354345+00:00,measured,measured,0.0,0
286,585eccdb916a6ad2c2ef4c43df2c5d3da23e06368e4235828988e83b4d04c568,0,nq:0045,L0,v1,Qwen/Qwen2.5-1.5B-Instruct,Gravity is known for its universal attraction between masses.,gravity,0,0,0.19999999999999998,,judge-stub/unwired,13,10,0.5890317760004109,1,0.0,5.726697822226217e-05,598.9518669975951,9.920090997184161,589.0317760004109,0.0,19e1267e270fb26a4e6da10a2e33f407c4cde82d,7fdc85f695827cd40610ae43ca440f13cb399989fda72657811baf795f8607dc,2026-09-19T13:58:37.222291+00:00,measured,measured,0.0,0
287,51d8aae344828c20a15f11c609332bcfbf16e3cd7efaaa6972ef6106035d2f7c,1,nq:0045,L0,v1,Qwen/Qwen2.5-1.5B-Instruct,Gravity is known for its force that attracts objects towards each other.,gravity,0,0,0.15384615384615385,,judge-stub/unwired,13,13,0.7417914220004604,1,0.0,7.211861047226698e-05,747.3056959952373,5.514273994776886,741.7914220004604,0.0,19e1267e270fb26a4e6da10a2e33f407c4cde82d,7fdc85f695827cd40610ae43ca440f13cb399989fda72657811baf795f8607dc,2026-09-19T13:58:38.231577+00:00,measured,measured,0.0,0
288,f305aefee2c0f46ccf9e9ffe745dbc568fa4b83765cfbb5812eb1cfe37c29fe7,2,nq:0045,L0,v1,Qwen/Qwen2.5-1.5B-Instruct,Gravity is known for its universal force that attracts all objects with mass towards each other.,gravity,0,0,0.11764705882352941,,judge-stub/unwired,13,17,0.9004585910006426,1,0.0,8.754458523617358e-05,909.2254880015389,8.766897000896279,900.4585910006426,0.0,19e1267e270fb26a4e6da10a2e33f407c4cde82d,7fdc85f695827cd40610ae43ca440f13cb399989fda72657811baf795f8607dc,2026-09-19T13:58:39.537132+00:00,measured,measured,0.0,0
289,56861d8ad9d635d443e910b04e39ff832b49effd829c0b5b494c2a503e7f8ad1,0,nq:0046,L0,v1,Qwen/Qwen2.5-1.5B-Instruct,"William Shakespeare was born in Stratford-upon-Avon, England.",Shakespeare,0,0,0.19999999999999998,,judge-stub/unwired,12,14,0.6116138360002878,1,0.0,5.9462456277805754e-05,616.0932150005465,4.479379000258632,611.6138360002878,0.0,19e1267e270fb26a4e6da10a2e33f407c4cde82d,7fdc85f695827cd40610ae43ca440f13cb399989fda72657811baf795f8607dc,2026-09-19T13:58:40.393230+00:00,measured,measured,0.0,0
290,134325bc7157a7be654363c6530ebf07f43a4eb4f020c87dbc99d672bd61f7a6,1,nq:0046,L0,v1,Qwen/Qwen2.5-1.5B-Instruct,"William Shakespeare was born in Stratford-upon-Avon, England.",Shakespeare,0,0,0.19999999999999998,,judge-stub/unwired,12,14,0.6134469030002947,1,0.0,5.964067112502864e-05,621.5051300023333,8.05822700203862,613.4469030002947,0.0,19e1267e270fb26a4e6da10a2e33f407c4cde82d,7fdc85f695827cd40610ae43ca440f13cb399989fda72657811baf795f8607dc,2026-09-19T13:58:41.267666+00:00,measured,measured,0.0,0
291,14b766369ea990491a233185771bb734274626b8513b921f4cfa2f7ed62596fa,2,nq:0046,L0,v1,Qwen/Qwen2.5-1.5B-Instruct,"William Shakespeare was born in Stratford-upon-Avon, England.",Shakespeare,0,0,0.19999999999999998,,judge-stub/unwired,12,14,0.64888348400018,1,0.0,6.308589427779527e-05,653.1783699992957,4.29488599911565,648.88348400018,0.0,19e1267e270fb26a4e6da10a2e33f407c4cde82d,7fdc85f695827cd40610ae43ca440f13cb399989fda72657811baf795f8607dc,2026-09-19T13:58:42.167842+00:00,measured,measured,0.0,0
292,fc752ae303f2c088c27973659d6f22e9953e2ae432276fbf8701e59de2ecf96f,0,nq:0047,L0,v1,Qwen/Qwen2.5-1.5B-Instruct,The Amazon River is known for its vast size and diverse ecosystem.,Amazon River,0,0,0.3076923076923077,,judge-stub/unwired,14,13,0.588997193999603,1,0.0,5.726361608329474e-05,597.7332470010879,8.736053001484834,588.997193999603,0.0,19e1267e270fb26a4e6da10a2e33f407c4cde82d,7fdc85f695827cd40610ae43ca440f13cb399989fda72657811baf795f8607dc,2026-09-19T13:58:43.054709+00:00,measured,measured,0.0,0
293,1e95592959bd9be034b1ce1f4869f96a50910c166241e9ad47b9e6752898888c,1,nq:0047,L0,v1,Qwen/Qwen2.5-1.5B-Instruct,"The Amazon River is known for its vast size and biodiversity. It is the largest river in the world by volume, spanning over 6,400 miles (10,300 km) from its source to the Atlantic Ocean. Its waters support an incredible variety of plant and animal life.",Amazon River,0,0,0.0909090909090909,,judge-stub/unwired,14,61,2.525964584000576,1,0.0,0.00024557989011116707,2531.708985999103,5.744401998526882,2525.964584000576,0.0,19e1267e270fb26a4e6da10a2e33f407c4cde82d,7fdc85f695827cd40610ae43ca440f13cb399989fda72657811baf795f8607dc,2026-09-19T13:58:45.934514+00:00,measured,measured,0.0,0
294,e494b39092d15d3c77ea3b34221b05285407b2cf12da6ddf32fbbb87cc530d2a,2,nq:0047,L0,v1,Qwen/Qwen2.5-1.5B-Instruct,The Amazon River is known for its vast size and immense biodiversity.,Amazon River,0,0,0.3076923076923077,,judge-stub/unwired,14,13,0.5581715540001824,1,0.0,5.4266678861128836e-05,566.076375999728,7.904821999545675,558.1715540001824,0.0,19e1267e270fb26a4e6da10a2e33f407c4cde82d,7fdc85f695827cd40610ae43ca440f13cb399989fda72657811baf795f8607dc,2026-09-19T13:58:46.768525+00:00,measured,measured,0.0,0
295,d8a8f65e7356cca6d1fdbac8a9efffc65a5e3c19d47281c85df7e62eb8a82942,0,nq:0048,L0,v1,Qwen/Qwen2.5-1.5B-Instruct,The Industrial Revolution is known for major technological advancements and changes in production methods.,Industrial Revolution,0,0,0.2666666666666667,,judge-stub/unwired,14,15,0.625251209000453,1,0.0,6.078831198615514e-05,629.7036559999469,4.452446999493986,625.251209000453,0.0,19e1267e270fb26a4e6da10a2e33f407c4cde82d,7fdc85f695827cd40610ae43ca440f13cb399989fda72657811baf795f8607dc,2026-09-19T13:58:47.754466+00:00,measured,measured,0.0,0
296,5ad1b3473b794a33b1703d986ca0d2182877750806c01070eb5f8bed93cfeec2,1,nq:0048,L0,v1,Qwen/Qwen2.5-1.5B-Instruct,"The Industrial Revolution is known for significant technological advancements and shifts in economic, social, and political structures. It marked a major transition from manual labor to mechanized production methods across various sectors including textiles, mining, manufacturing, transportation, communication, and agriculture. These changes transformed societies by increasing productivity, expanding markets, and fostering urbanization.",Industrial Revolution,0,0,0.07692307692307693,,judge-stub/unwired,14,66,3.183826054000747,1,0.0,0.0003095386441389615,3192.3337699972762,8.507715996529441,3183.826054000747,0.0,19e1267e270fb26a4e6da10a2e33f407c4cde82d,7fdc85f695827cd40610ae43ca440f13cb399989fda72657811baf795f8607dc,2026-09-19T13:58:51.205270+00:00,measured,measured,0.0,0
297,dd9e65394bb8e254b9d92c64148def6f34e16ba8a99bb52c45d963b2d048638e,2,nq:0048,L0,v1,Qwen/Qwen2.5-1.5B-Instruct,"The Industrial Revolution is known for significant advancements in manufacturing, transportation, and communication technologies.",Industrial Revolution,0,0,0.2666666666666667,,judge-stub/unwired,14,17,0.8820073839997349,1,0.0,8.57507178888631e-05,886.4200920033909,4.412708003656007,882.0073839997349,0.0,19e1267e270fb26a4e6da10a2e33f407c4cde82d,7fdc85f695827cd40610ae43ca440f13cb399989fda72657811baf795f8607dc,2026-09-19T13:58:52.333167+00:00,measured,measured,0.0,0
298,bd1a3893ac500fb449121037dbc7e5d5dd4632d01a912e578a67e6ded0a50bba,0,nq:0049,L0,v1,Qwen/Qwen2.5-1.5B-Instruct,The Pacific Ocean is located in the western hemisphere.,Pacific Ocean,0,0,0.4444444444444445,,judge-stub/unwired,13,10,0.4442088240002704,1,0.0,4.3186969000026285e-05,459.4363690021055,15.227545001835097,444.2088240002704,0.0,19e1267e270fb26a4e6da10a2e33f407c4cde82d,7fdc85f695827cd40610ae43ca440f13cb399989fda72657811baf795f8607dc,2026-09-19T13:58:53.054734+00:00,measured,measured,0.0,0
299,1c43f308b160a3e21cc3b6dfeb766eea894ec4adb53db9f8da7523c055edd387,1,nq:0049,L0,v1,Qwen/Qwen2.5-1.5B-Instruct,The Pacific Ocean is located in the western part of Earth.,Pacific Ocean,0,0,0.3636363636363636,,judge-stub/unwired,13,12,0.524385039999288,1,0.0,5.098187888881966e-05,528.7997740006176,4.414734001329634,524.385039999288,0.0,19e1267e270fb26a4e6da10a2e33f407c4cde82d,7fdc85f695827cd40610ae43ca440f13cb399989fda72657811baf795f8607dc,2026-09-19T13:58:53.872804+00:00,measured,measured,0.0,0
300,a89b6f35bc4780b95ff967813b1acb588f0ee7e71af40c798f4d12c9ddd062f8,2,nq:0049,L0,v1,Qwen/Qwen2.5-1.5B-Instruct,"The Pacific Ocean is located between North and South America, Asia, Australia, and Africa.",Pacific Ocean,0,0,0.2666666666666667,,judge-stub/unwired,13,18,0.7686733869995805,1,0.0,7.473213484718144e-05,773.083193002094,4.4098060025135055,768.6733869995805,0.0,19e1267e270fb26a4e6da10a2e33f407c4cde82d,7fdc85f695827cd40610ae43ca440f13cb399989fda72657811baf795f8607dc,2026-09-19T13:58:54.895019+00:00,measured,measured,0.0,0
301,de1bb5bdcbf6d05d753d135632daf96a252c8de96f665d706be9636dc53217f0,0,nq:0050,L0,v1,Qwen/Qwen2.5-1.5B-Instruct,James Watson and Francis Crick discovered DNA in 1953.,DNA,0,0,0.19999999999999998,,judge-stub/unwired,11,15,0.6612564119996023,1,0.0,6.428881783329466e-05,666.0995150004965,4.843103000894189,661.2564119996023,0.0,19e1267e270fb26a4e6da10a2e33f407c4cde82d,7fdc85f695827cd40610ae43ca440f13cb399989fda72657811baf795f8607dc,2026-09-19T13:58:55.829196+00:00,measured,measured,0.0,0
302,1e5bddb3741e3ecdc6aeb42c02dfae79863c124a72bc1c90ac067dbcbada05a6,1,nq:0050,L0,v1,Qwen/Qwen2.5-1.5B-Instruct,James Watson and Francis Crick discovered DNA in 1953.,DNA,0,0,0.19999999999999998,,judge-stub/unwired,11,15,0.6583877849998316,1,0.0,6.400992354165029e-05,662.6172400001451,4.2294550003134646,658.3877849998316,0.0,19e1267e270fb26a4e6da10a2e33f407c4cde82d,7fdc85f695827cd40610ae43ca440f13cb399989fda72657811baf795f8607dc,2026-09-19T13:58:56.766410+00:00,measured,measured,0.0,0
303,8d7f9d1b83328eb8665700cd7e62f1c84672d2c405cca8ff3da5155405941fc9,2,nq:0050,L0,v1,Qwen/Qwen2.5-1.5B-Instruct,James Watson and Francis Crick discovered DNA.,DNA,0,0,0.25,,judge-stub/unwired,11,9,0.4084332859993083,1,0.0,3.970879169437719e-05,413.46370900191687,5.030423002608586,408.4332859993083,0.0,19e1267e270fb26a4e6da10a2e33f407c4cde82d,7fdc85f695827cd40610ae43ca440f13cb399989fda72657811baf795f8607dc,2026-09-19T13:58:57.413457+00:00,measured,measured,0.0,0
304,97d568c2f7e4e033addcce2f24cb7309c70a819957f10f1d2f731d5458b784bc,0,nq:0051,L0,v1,Qwen/Qwen2.5-1.5B-Instruct,"Renaissance is not a specific location but rather an era in European history. It spans from the 14th to the 17th century and is characterized by developments in art, literature, science, politics, philosophy, humanism, trade, and exploration. The term ""Renaissance"" itself comes from the French word for rebirth or revival.",Renaissance,0,0,0.044444444444444446,,judge-stub/unwired,12,72,2.902427828999862,1,0.0,0.00028218048337498656,2907.3085990003165,4.880770000454504,2902.427828999862,0.0,19e1267e270fb26a4e6da10a2e33f407c4cde82d,7fdc85f695827cd40610ae43ca440f13cb399989fda72657811baf795f8607dc,2026-09-19T13:59:00.604889+00:00,measured,measured,0.0,0
305,d8a2d5dc425d33cded22485af611e64a14e50117887f9c162abce2119f1a17c3,1,nq:0051,L0,v1,Qwen/Qwen2.5-1.5B-Instruct,"Renaissance is not a location but rather an artistic and cultural movement that originated in Italy during the 14th to 17th centuries. It spread throughout Europe, influencing art, literature, science, politics, and social structures. The term ""Renaissance"" comes from the French word meaning ""rebirth."" There are no specific geographic locations associated with this historical period; instead, it refers to the revival of classical learning and arts after the decline of Roman influence under the Dark Ages.",Renaissance,0,0,0.028985507246376812,,judge-stub/unwired,12,99,4.739551630999813,1,0.0,0.0004607897419027596,4744.5255159991575,4.973884999344591,4739.551630999813,0.0,19e1267e270fb26a4e6da10a2e33f407c4cde82d,7fdc85f695827cd40610ae43ca440f13cb399989fda72657811baf795f8607dc,2026-09-19T13:59:05.607573+00:00,measured,measured,0.0,0
306,edf5f52131d037a88d7916c0afa73fbb9e1486168fd37d5846fff63b99f09310,2,nq:0051,L0,v1,Qwen/Qwen2.5-1.5B-Instruct,Renaissance is not a specific location but refers to an era in European history.,Renaissance,0,0,0.15384615384615385,,judge-stub/unwired,12,15,0.6459459739999147,1,0.0,6.280030302776948e-05,650.2371059978032,4.291131997888442,645.9459739999147,0.0,19e1267e270fb26a4e6da10a2e33f407c4cde82d,7fdc85f695827cd40610ae43ca440f13cb399989fda72657811baf795f8607dc,2026-09-19T13:59:06.537990+00:00,measured,measured,0.0,0
307,e84fdf1920d033e050093e01b06058b9282e088564f2e3f4b814fe0e9e1759b2,0,nq:0052,L0,v1,Qwen/Qwen2.5-1.5B-Instruct,Gravity is known for its universal attraction between masses.,gravity,0,0,0.19999999999999998,,judge-stub/unwired,13,10,0.43998685399947135,1,0.0,4.277649969439304e-05,445.6029849980041,5.616130998532753,439.98685399947135,0.0,19e1267e270fb26a4e6da10a2e33f407c4cde82d,7fdc85f695827cd40610ae43ca440f13cb399989fda72657811baf795f8607dc,2026-09-19T13:59:07.246120+00:00,measured,measured,0.0,0
308,d88161d0eab6479127be9c484dbe0549dbf3353357661f9064367c1174301298,1,nq:0052,L0,v1,Qwen/Qwen2.5-1.5B-Instruct,Gravity is known for its universal attraction between masses.,gravity,0,0,0.19999999999999998,,judge-stub/unwired,13,10,0.47084268300022813,1,0.0,4.577637195835551e-05,475.23060500316205,4.387922002933919,470.84268300022813,0.0,19e1267e270fb26a4e6da10a2e33f407c4cde82d,7fdc85f695827cd40610ae43ca440f13cb399989fda72657811baf795f8607dc,2026-09-19T13:59:07.984952+00:00,measured,measured,0.0,0
309,aec2d92f3d6a6e3372a2a0c1ab7938b50236cc8170f41b4f4900be9f5ee45658,2,nq:0052,L0,v1,Qwen/Qwen2.5-1.5B-Instruct,Gravity is known for its universal attraction between all objects with mass.,gravity,0,0,0.15384615384615385,,judge-stub/unwired,13,13,0.5647757050001019,1,0.0,5.4908749097232124e-05,573.1127709996144,8.33706599951256,564.7757050001019,0.0,19e1267e270fb26a4e6da10a2e33f407c4cde82d,7fdc85f695827cd40610ae43ca440f13cb399989fda72657811baf795f8607dc,2026-09-19T13:59:08.878425+00:00,measured,measured,0.0,0
310,9cee1096a5bf2c3d175dcb4ae49996fb68381ccdeccc1bd7425bc223be07a08b,0,nq:0053,L0,v1,Qwen/Qwen2.5-1.5B-Instruct,The Sahara Desert was first explored by ancient Egyptians.,Sahara Desert,0,0,0.4,,judge-stub/unwired,12,10,0.44545744500010187,1,0.0,4.330836270834323e-05,449.754109999958,4.296664999856148,445.45744500010187,0.0,19e1267e270fb26a4e6da10a2e33f407c4cde82d,7fdc85f695827cd40610ae43ca440f13cb399989fda72657811baf795f8607dc,2026-09-19T13:59:09.596315+00:00,measured,measured,0.0,0
311,0f14b448ca5de3fb74f82de2907ed2e26d7fd70f8a313dbf30f044f360b92a83,1,nq:0053,L0,v1,Qwen/Qwen2.5-1.5B-Instruct,The Sahara Desert was first explored by ancient Egyptians.,Sahara Desert,0,0,0.4,,judge-stub/unwired,12,10,0.43951490000017657,1,0.0,4.273061527779494e-05,444.2093900024702,4.694490002293605,439.51490000017657,0.0,19e1267e270fb26a4e6da10a2e33f407c4cde82d,7fdc85f695827cd40610ae43ca440f13cb399989fda72657811baf795f8607dc,2026-09-19T13:59:10.311251+00:00,measured,measured,0.0,0
312,855e6221ac5b732aee497a25ceee0bab484398178ca969daf1d8ac46a367e3ef,2,nq:0053,L0,v1,Qwen/Qwen2.5-1.5B-Instruct,The Sahara Desert was first explored and named by Europeans in the 16th century.,Sahara Desert,0,0,0.2857142857142857,,judge-stub/unwired,12,18,0.7601187590007612,1,0.0,7.390043490285178e-05,768.8221780008462,8.703419000084978,760.1187590007612,0.0,19e1267e270fb26a4e6da10a2e33f407c4cde82d,7fdc85f695827cd40610ae43ca440f13cb399989fda72657811baf795f8607dc,2026-09-19T13:59:11.323673+00:00,measured,measured,0.0,0
313,1597015d728960a4cb750a055c5104b6a1b37ef1450aea902a28a71521ed924e,0,nq:0054,L0,v1,Qwen/Qwen2.5-1.5B-Instruct,"Neural networks have been around since at least the 1940s, but significant developments occurred in the mid-20th century and again in recent years.",neural networks,0,0,0.16666666666666669,,judge-stub/unwired,13,34,1.4259572789997037,1,0.0,0.0001386347354583045,1431.5933950019826,5.636116002278868,1425.9572789997037,0.0,19e1267e270fb26a4e6da10a2e33f407c4cde82d,7fdc85f695827cd40610ae43ca440f13cb399989fda72657811baf795f8607dc,2026-09-19T13:59:13.040311+00:00,measured,measured,0.0,0
314,507f4daf9c3651088928ec790ffd1e01dc766641e53768bf1d293df3ae6f5f86,1,nq:0054,L0,v1,Qwen/Qwen2.5-1.5B-Instruct,"Neural networks were developed in the 1940s and have been refined through various iterations since then. The first artificial neural network was created by Warren McCulloch and Walter Pitts in 1943, but significant advancements came later. Today's state-of-the-art deep learning models are a result of these developments over many decades.",neural networks,0,0,0.07692307692307693,,judge-stub/unwired,13,70,3.384064343999853,1,0.0,0.00032900625566665236,3388.2927629983897,4.228418998536654,3384.064343999853,0.0,19e1267e270fb26a4e6da10a2e33f407c4cde82d,7fdc85f695827cd40610ae43ca440f13cb399989fda72657811baf795f8607dc,2026-09-19T13:59:16.696793+00:00,measured,measured,0.0,0
315,cab10c81b89429037db92c85876474c27cad84e76336b731172472a4f2e3c9d9,2,nq:0054,L0,v1,Qwen/Qwen2.5-1.5B-Instruct,Neural networks were first introduced in the 1940s.,neural networks,0,0,0.4444444444444445,,judge-stub/unwired,13,14,0.7277763080001023,1,0.0,7.075602994445438e-05,732.1107089974248,4.334400997322518,727.7763080001023,0.0,19e1267e270fb26a4e6da10a2e33f407c4cde82d,7fdc85f695827cd40610ae43ca440f13cb399989fda72657811baf795f8607dc,2026-09-19T13:59:17.693961+00:00,measured,measured,0.0,0
316,358a3d06d318ea868ebb238ea3a490fa6b7061d7c78fedcd6617de6dba9432a5,0,nq:0055,L0,v1,Qwen/Qwen2.5-1.5B-Instruct,Black holes are found at the centers of galaxies.,black holes,0,0,0.4,,judge-stub/unwired,13,10,0.44543796999914775,1,0.0,4.330646930547269e-05,453.79268099623005,8.354710997082293,445.43796999914775,0.0,19e1267e270fb26a4e6da10a2e33f407c4cde82d,7fdc85f695827cd40610ae43ca440f13cb399989fda72657811baf795f8607dc,2026-09-19T13:59:18.401429+00:00,measured,measured,0.0,0
317,c00a213843aef94c24bf5108da956cd5d7b9de0f3967ecda5355890f6f0a6f10,1,nq:0055,L0,v1,Qwen/Qwen2.5-1.5B-Instruct,"Black holes are primarily found at the centers of galaxies, such as in the Milky Way. They also exist as singularities within larger celestial structures like neutron stars or during cosmic events like supernova explosions.",black holes,0,0,0.1142857142857143,,judge-stub/unwired,13,40,1.6453500170000552,1,0.0,0.00015996458498611647,1653.6448290034969,8.29481200344162,1645.3500170000552,0.0,19e1267e270fb26a4e6da10a2e33f407c4cde82d,7fdc85f695827cd40610ae43ca440f13cb399989fda72657811baf795f8607dc,2026-09-19T13:59:20.294014+00:00,measured,measured,0.0,0
318,1550c16e601da13ca70d0ef0782598280e6dca38682fbcd2b80a437553833d82,2,nq:0055,L0,v1,Qwen/Qwen2.5-1.5B-Instruct,"Black holes are primarily found at the centers of galaxies, particularly in the cores of massive elliptical and spiral galaxies. They can also be produced through supernova explosions or during the merging of two neutron stars or black holes.",black holes,0,0,0.10526315789473684,,judge-stub/unwired,13,44,1.8108112820000315,1,0.0,0.00017605109686111417,1815.7537929973842,4.942510997352656,1810.8112820000315,0.0,19e1267e270fb26a4e6da10a2e33f407c4cde82d,7fdc85f695827cd40610ae43ca440f13cb399989fda72657811baf795f8607dc,2026-09-19T13:59:22.442745+00:00,measured,measured,0.0,0
319,ec9e9ec8ba344830bee7e47f8da4d5189a066765e3043d2b75d41694e367da64,0,nq:0056,L0,v1,Qwen/Qwen2.5-1.5B-Instruct,"World War II was a global conflict involving many countries, primarily between Nazi Germany, the Soviet Union, the United States, the United Kingdom, and Japan. It resulted in the deaths of millions and had profound impacts on politics, economics, culture, and technology.",World War II,0,0,0.15,,judge-stub/unwired,15,52,2.098745788999622,1,0.0,0.00020404472948607437,2103.1372360002933,4.391447000671178,2098.745788999622,0.0,19e1267e270fb26a4e6da10a2e33f407c4cde82d,7fdc85f695827cd40610ae43ca440f13cb399989fda72657811baf795f8607dc,2026-09-19T13:59:24.847303+00:00,measured,measured,0.0,0
320,672365fef2b076a7218945a406ac558b825b1dfdb183d02d2fc197bfc7b62d64,1,nq:0056,L0,v1,Qwen/Qwen2.5-1.5B-Instruct,"World War II is known for its global scale, extensive military engagements, and significant loss of life. It also led to the formation of several international organizations like the United Nations.",World War II,0,0,0.1875,,judge-stub/unwired,15,35,1.4272714500002621,1,0.0,0.0001387625020833588,1432.130174998747,4.858724998484831,1427.2714500002621,0.0,19e1267e270fb26a4e6da10a2e33f407c4cde82d,7fdc85f695827cd40610ae43ca440f13cb399989fda72657811baf795f8607dc,2026-09-19T13:59:26.543376+00:00,measured,measured,0.0,0
321,33875e115c3f63e2a01aa175ac1e6c4a57c23b9dfa13ea397e65543c2fbc6390,2,nq:0056,L0,v1,Qwen/Qwen2.5-1.5B-Instruct,"World War II is known for its global scale, mass casualties, and lasting impact on international relations. It involved most of the world's nations, leading to significant territorial changes and a reorganization of political boundaries.

---

**Q:** What are some key events that occurred during World War II?

**A:** Some key events during World War II include:

- **1939:** Germany invades Poland, triggering the war in Europe.
- **1941:** Japan attacks Pearl Harbor, U.S., marking the United States' entry into WWII.
- **1945:** The atomic bombings of Hiroshima and Nagasaki end the war in Asia; Germany surrenders on May 7th; Japan formally surrenders on August 15th.

These events significantly shaped global politics and influenced post-war developments. 

---

**Q:** How did World War II affect global politics after it ended?

**A:** After World War II, global politics were profoundly affected by several significant outcomes:

- **Cold War**: This was initiated as a direct result of the war, characterized by ideological divisions between capitalism (United States) and communism (Soviet Union).
- **Decolonization**: Many countries gained independence from European colonial powers, changing the geopolitical landscape",World War II,0,0,0.03529411764705882,,judge-stub/unwired,15,256,10.877499023999917,1,0.0,0.0010575346273333252,10881.823878002251,4.3248540023341775,10877.499023999917,0.0,19e1267e270fb26a4e6da10a2e33f407c4cde82d,7fdc85f695827cd40610ae43ca440f13cb399989fda72657811baf795f8607dc,2026-09-19T13:59:37.668601+00:00,measured,measured,0.0,0
322,503172b1b5b4da27853eedc706888acf923876869eb76d2d5f8d262508ded7ef,0,nq:0057,L0,v1,Qwen/Qwen2.5-1.5B-Instruct,The Industrial Revolution began in the late 18th century and lasted until the mid-19th century.,Industrial Revolution,0,0,0.2666666666666667,,judge-stub/unwired,13,23,1.17182457600029,1,0.0,0.00011392738933336154,1181.7135330002202,9.888956999930087,1171.82457600029,0.0,19e1267e270fb26a4e6da10a2e33f407c4cde82d,7fdc85f695827cd40610ae43ca440f13cb399989fda72657811baf795f8607dc,2026-09-19T13:59:41.019736+00:00,measured,measured,0.0,0
323,1735efba4a89b573dbdba79b7fd2d301cf61eae7466fe948d812c661a126ebec,1,nq:0057,L0,v1,Qwen/Qwen2.5-1.5B-Instruct,The Industrial Revolution began in the late 18th century and lasted until about 1900.,Industrial Revolution,0,0,0.2857142857142857,,judge-stub/unwired,13,22,1.2096851460000835,1,0.0,0.00011760827808334145,1230.5480929999248,20.86294699984137,1209.6851460000835,0.0,19e1267e270fb26a4e6da10a2e33f407c4cde82d,7fdc85f695827cd40610ae43ca440f13cb399989fda72657811baf795f8607dc,2026-09-19T13:59:42.778070+00:00,measured,measured,0.0,0
324,9680c3b1cdc25b37172a760c799ef83b62b16a1b5a354323b6f7edc71d35de92,2,nq:0057,L0,v1,Qwen/Qwen2.5-1.5B-Instruct,The Industrial Revolution began in Britain around 1760.,Industrial Revolution,0,0,0.4444444444444445,,judge-stub/unwired,13,13,0.5631526879997182,1,0.0,5.475095577775038e-05,573.6316110023836,10.478923002665397,563.1526879997182,0.0,19e1267e270fb26a4e6da10a2e33f407c4cde82d,7fdc85f695827cd40610ae43ca440f13cb399989fda72657811baf795f8607dc,2026-09-19T13:59:43.877512+00:00,measured,measured,0.0,0
325,d840b4205a35d98c465dd38adbcddaa701268bdd4132d2651cf00164b051947c,0,nq:0058,L0,v1,Qwen/Qwen2.5-1.5B-Instruct,"Black holes are primarily found in regions of space where a massive star has collapsed under its own gravity, typically at the center of galaxies.",black holes,0,0,0.16,,judge-stub/unwired,13,27,1.128029470999536,1,0.0,0.00010966953190273266,1137.496775996624,9.467304997087922,1128.029470999536,0.0,19e1267e270fb26a4e6da10a2e33f407c4cde82d,7fdc85f695827cd40610ae43ca440f13cb399989fda72657811baf795f8607dc,2026-09-19T13:59:45.336547+00:00,measured,measured,0.0,0
326,bfcac1212b614071861d1e368ddccb607f8df9e5e1e67d99b255314084fbed37,1,nq:0058,L0,v1,Qwen/Qwen2.5-1.5B-Instruct,"Black holes are primarily found in regions of space that have massive amounts of matter, such as at the center of galaxies.",black holes,0,0,0.17391304347826084,,judge-stub/unwired,13,24,1.0060251819995756,1,0.0,9.780800380551429e-05,1017.5064820032276,11.481300003651995,1006.0251819995756,0.0,19e1267e270fb26a4e6da10a2e33f407c4cde82d,7fdc85f695827cd40610ae43ca440f13cb399989fda72657811baf795f8607dc,2026-09-19T13:59:46.683173+00:00,measured,measured,0.0,0
327,5396e1fc41791a618a0a8704584ee4fa713b4875bec2d48837c8d63c264233cf,2,nq:0058,L0,v1,Qwen/Qwen2.5-1.5B-Instruct,"Black holes are primarily found in regions of space where extreme gravitational forces have collapsed massive stars, often resulting from stellar collapse or collisions between galaxies. They can also be detected through their effects on surrounding matter and radiation.",black holes,0,0,0.09756097560975609,,judge-stub/unwired,13,42,1.7105627799992362,1,0.0,0.00016630471472214796,1718.103216999225,7.540436999988742,1710.5627799992362,0.0,19e1267e270fb26a4e6da10a2e33f407c4cde82d,7fdc85f695827cd40610ae43ca440f13cb399989fda72657811baf795f8607dc,2026-09-19T13:59:49.311924+00:00,measured,measured,0.0,0
328,68ce705017d1c0969de09c951a78c8c7da2c57739672edf5bd3af62966663538,0,nq:0059,L0,v1,Qwen/Qwen2.5-1.5B-Instruct,"The exact discovery of World War II is debated, but it began in 1939 when Germany invaded Poland.",World War II,0,0,0.3,,judge-stub/unwired,13,24,1.0067982119999215,1,0.0,9.788315949999237e-05,1016.3711350014637,9.572923001542222,1006.7982119999215,0.0,19e1267e270fb26a4e6da10a2e33f407c4cde82d,7fdc85f695827cd40610ae43ca440f13cb399989fda72657811baf795f8607dc,2026-09-19T13:59:51.229009+00:00,measured,measured,0.0,0
329,3365389b6631bbce476eec06afea26953afbf1032bdbbcc82de399e217c33ebf,1,nq:0059,L0,v1,Qwen/Qwen2.5-1.5B-Instruct,"The exact discovery of World War II is debated, but it was widely recognized by historians in the 1940s.",World War II,0,0,0.3,,judge-stub/unwired,13,26,1.2988369920003606,1,0.0,0.00012627581866670172,1305.520362993775,6.683370993414428,1298.8369920003606,0.0,19e1267e270fb26a4e6da10a2e33f407c4cde82d,7fdc85f695827cd40610ae43ca440f13cb399989fda72657811baf795f8607dc,2026-09-19T13:59:53.348208+00:00,measured,measured,0.0,0
330,79d7e910e664ac1f0f8d7b9b106467959fe27e82cff71be439a5a46c58374efe,2,nq:0059,L0,v1,Qwen/Qwen2.5-1.5B-Instruct,"The exact discovery of World War II is debated, but it was largely understood and recognized by various countries as a global conflict that began in 1939. Its full extent became clearer through the course of the war's progression.",World War II,0,0,0.15384615384615385,,judge-stub/unwired,13,47,2.0727738539999336,1,0.0,0.00020151968024999353,2084.215598994888,11.441744994954206,2072.7738539999336,0.0,19e1267e270fb26a4e6da10a2e33f407c4cde82d,7fdc85f695827cd40610ae43ca440f13cb399989fda72657811baf795f8607dc,2026-09-19T13:59:56.415471+00:00,measured,measured,0.0,0
331,70c1b2d47ce9deab05c78a5a70b753e2a0d838f1cc709c466b06e54f3d970be8,0,nq:0060,L0,v1,Qwen/Qwen2.5-1.5B-Instruct,The Renaissance began in Italy around 1400 and spread throughout Europe over several centuries.,Renaissance,0,0,0.14285714285714288,,judge-stub/unwired,12,19,0.7743327059997682,1,0.0,7.528234641664412e-05,784.8625110036664,10.529805003898218,774.3327059997682,0.0,19e1267e270fb26a4e6da10a2e33f407c4cde82d,7fdc85f695827cd40610ae43ca440f13cb399989fda72657811baf795f8607dc,2026-09-19T13:59:57.489069+00:00,measured,measured,0.0,0
332,b67407202764389200ce422f26ace5b024a2eb642b2d1b7e8da28154de796257,1,nq:0060,L0,v1,Qwen/Qwen2.5-1.5B-Instruct,The Renaissance began in Italy around 1400.,Renaissance,0,0,0.2857142857142857,,judge-stub/unwired,12,12,0.5310656290002953,1,0.0,5.163138059725093e-05,539.9135230018146,8.847894001519307,531.0656290002953,0.0,19e1267e270fb26a4e6da10a2e33f407c4cde82d,7fdc85f695827cd40610ae43ca440f13cb399989fda72657811baf795f8607dc,2026-09-19T13:59:58.616756+00:00,measured,measured,0.0,0
333,b5c1f327d80e90b6f1450034d0eb667bc79f9b55342def0bd342633aaf1c1c4f,2,nq:0060,L0,v1,Qwen/Qwen2.5-1.5B-Instruct,The Renaissance began in Italy during the 14th century.,Renaissance,0,0,0.25,,judge-stub/unwired,12,13,0.5667792160002136,1,0.0,5.510353488890966e-05,577.2968419969402,10.517625996726565,566.7792160002136,0.0,19e1267e270fb26a4e6da10a2e33f407c4cde82d,7fdc85f695827cd40610ae43ca440f13cb399989fda72657811baf795f8607dc,2026-09-19T13:59:59.616955+00:00,measured,measured,0.0,0
334,c1ae82b9ee2a3a5c3226933f7f88a4d098c363f36a480c2c726669046f3e70be,0,nq:0061,L0,v1,Qwen/Qwen2.5-1.5B-Instruct,"The Industrial Revolution was a period of great technological and economic change, characterized by the widespread adoption of new manufacturing processes and machines.",Industrial Revolution,0,0,0.18181818181818182,,judge-stub/unwired,14,25,1.082240706000448,1,0.0,0.00010521784641671022,1086.8250970052031,4.584391004755162,1082.240706000448,0.0,19e1267e270fb26a4e6da10a2e33f407c4cde82d,7fdc85f695827cd40610ae43ca440f13cb399989fda72657811baf795f8607dc,2026-09-19T14:00:01.068880+00:00,measured,measured,0.0,0
335,7edf9280f3e51e45fcdfc1d9b6fab5ea93771413a21c03c721414ca02ce66b02,1,nq:0061,L0,v1,Qwen/Qwen2.5-1.5B-Instruct,"The Industrial Revolution is known for significant advancements in manufacturing, transportation, and communication technologies.",Industrial Revolution,0,0,0.2666666666666667,,judge-stub/unwired,14,17,0.7441027710001435,1,0.0,7.23433249583473e-05,748.9546050046556,4.851834004512057,744.1027710001435,0.0,19e1267e270fb26a4e6da10a2e33f407c4cde82d,7fdc85f695827cd40610ae43ca440f13cb399989fda72657811baf795f8607dc,2026-09-19T14:00:02.046821+00:00,measured,measured,0.0,0
336,3a2bbb3ea13233564403eaa9392595267480bea97fac9ebc9be78eb265c52e28,2,nq:0061,L0,v1,Qwen/Qwen2.5-1.5B-Instruct,"The Industrial Revolution is known for significant advancements in technology and manufacturing, leading to increased productivity and economic growth.",Industrial Revolution,0,0,0.19999999999999998,,judge-stub/unwired,14,21,0.8911156919994028,1,0.0,8.663624783327525e-05,901.1231530012083,10.007461001805495,891.1156919994028,0.0,19e1267e270fb26a4e6da10a2e33f407c4cde82d,7fdc85f695827cd40610ae43ca440f13cb399989fda72657811baf795f8607dc,2026-09-19T14:00:03.326236+00:00,measured,measured,0.0,0
337,790f51fd4347c811600508c0ed67040e9f9b40730fd11636b9d2f4f43ad6780f,0,nq:0062,L0,v1,Qwen/Qwen2.5-1.5B-Instruct,"The Sahara Desert formed over millions of years, starting approximately 2 million years ago.",Sahara Desert,0,0,0.2666666666666667,,judge-stub/unwired,13,17,0.7289845300001616,1,0.0,7.087349597223793e-05,733.285316000547,4.300786000385415,728.9845300001616,0.0,19e1267e270fb26a4e6da10a2e33f407c4cde82d,7fdc85f695827cd40610ae43ca440f13cb399989fda72657811baf795f8607dc,2026-09-19T14:00:04.326683+00:00,measured,measured,0.0,0
338,40ba59759cab9d38cdc5d2947fa08ab5026947f59b2a8b7f0be3dfc1b9e31042,1,nq:0062,L0,v1,Qwen/Qwen2.5-1.5B-Instruct,"The Sahara Desert expanded during the last glacial period, about 120,000 years ago.",Sahara Desert,0,0,0.2857142857142857,,judge-stub/unwired,13,23,1.2505510760001926,1,0.0,0.00012158135461112982,1254.8168139965128,4.26573799632024,1250.5510760001926,0.0,19e1267e270fb26a4e6da10a2e33f407c4cde82d,7fdc85f695827cd40610ae43ca440f13cb399989fda72657811baf795f8607dc,2026-09-19T14:00:05.871418+00:00,measured,measured,0.0,0
339,174a633ba0cf383ca8b44cfa82b207f561bdd79172c9e6e159824f40827bb9da,2,nq:0062,L0,v1,Qwen/Qwen2.5-1.5B-Instruct,The Sahara Desert has been forming over millions of years.,Sahara Desert,0,0,0.3636363636363636,,judge-stub/unwired,13,11,0.6815311579994159,1,0.0,6.625997369438765e-05,689.5900890012854,8.058931001869496,681.5311579994159,0.0,19e1267e270fb26a4e6da10a2e33f407c4cde82d,7fdc85f695827cd40610ae43ca440f13cb399989fda72657811baf795f8607dc,2026-09-19T14:00:06.858415+00:00,measured,measured,0.0,0
340,d2cc3ee450c94f271a1121df212628d093b4712cdc168fc6e9d0797b5d2a67c4,0,nq:0063,L0,v1,Qwen/Qwen2.5-1.5B-Instruct,Mount Everest is known for being the highest mountain in the world.,Mount Everest,0,0,0.33333333333333337,,judge-stub/unwired,14,13,0.6553151950001848,1,0.0,6.371119951390685e-05,660.2757219961859,4.960526996001136,655.3151950001848,0.0,19e1267e270fb26a4e6da10a2e33f407c4cde82d,7fdc85f695827cd40610ae43ca440f13cb399989fda72657811baf795f8607dc,2026-09-19T14:00:07.776768+00:00,measured,measured,0.0,0
341,de62608ec8c6c9b43a6301fe1788a2e2bd97ed3c70029a57ed1ff3cce0ff7cfe,1,nq:0063,L0,v1,Qwen/Qwen2.5-1.5B-Instruct,Mount Everest is known for being the highest mountain in the world.,Mount Everest,0,0,0.33333333333333337,,judge-stub/unwired,14,13,0.5703729389997534,1,0.0,5.545292462497602e-05,574.9377040037871,4.5647650040336885,570.3729389997534,0.0,19e1267e270fb26a4e6da10a2e33f407c4cde82d,7fdc85f695827cd40610ae43ca440f13cb399989fda72657811baf795f8607dc,2026-09-19T14:00:08.607342+00:00,measured,measured,0.0,0
342,76d4c8d8a31818d0a1d17f0cec3ce542ea20f41c42badf48233ffe1e5fa17926,2,nq:0063,L0,v1,Qwen/Qwen2.5-1.5B-Instruct,Mount Everest is known for being the highest mountain in the world.,Mount Everest,0,0,0.33333333333333337,,judge-stub/unwired,14,13,0.5647279200002231,1,0.0,5.4904103333355024e-05,577.1482490035851,12.420329003361985,564.7279200002231,0.0,19e1267e270fb26a4e6da10a2e33f407c4cde82d,7fdc85f695827cd40610ae43ca440f13cb399989fda72657811baf795f8607dc,2026-09-19T14:00:09.450913+00:00,measured,measured,0.0,0
343,ec4540d20a261a1c42f24fcd2df828fb3d1ee0f465529ec52e272b6b3e7f6ff1,0,nq:0064,L0,v1,Qwen/Qwen2.5-1.5B-Instruct,"World War II is known for its extensive global conflict, devastating impact on human life and society, and the development of nuclear weapons.",World War II,0,0,0.24000000000000002,,judge-stub/unwired,15,26,1.0832523919998494,1,0.0,0.00010531620477776313,1087.859921000927,4.607529001077637,1083.2523919998494,0.0,19e1267e270fb26a4e6da10a2e33f407c4cde82d,7fdc85f695827cd40610ae43ca440f13cb399989fda72657811baf795f8607dc,2026-09-19T14:00:10.801565+00:00,measured,measured,0.0,0
344,c6ba9b9d643bae463a1d2504ab966863cf9e2b20f4037b77236b8c8668320223,1,nq:0064,L0,v1,Qwen/Qwen2.5-1.5B-Instruct,"World War II was a global conflict that lasted from 1939 to 1945, resulting in significant loss of life and profound changes in politics, economics, and culture. It led to the formation of the United Nations and had lasting impacts on international relations.",World War II,0,0,0.13953488372093023,,judge-stub/unwired,15,56,2.2375329989999955,1,0.0,0.00021753793045833287,2245.60553700303,8.072538003034424,2237.5329989999955,0.0,19e1267e270fb26a4e6da10a2e33f407c4cde82d,7fdc85f695827cd40610ae43ca440f13cb399989fda72657811baf795f8607dc,2026-09-19T14:00:13.299403+00:00,measured,measured,0.0,0
345,51f579422045227cf0bd9affad60d1cbaf62258c9c29d535116e145171ceb0a5,2,nq:0064,L0,v1,Qwen/Qwen2.5-1.5B-Instruct,"World War II is known for its scale, including mass casualties and global impact. It led to significant technological advancements, such as jet aircraft and atomic weapons. The war also saw major military strategies and geopolitical changes that shaped international relations for decades.",World War II,0,0,0.13333333333333333,,judge-stub/unwired,15,48,1.9181288879999556,1,0.0,0.00018648475299999566,1928.9010459988276,10.77215799887199,1918.1288879999556,0.0,19e1267e270fb26a4e6da10a2e33f407c4cde82d,7fdc85f695827cd40610ae43ca440f13cb399989fda72657811baf795f8607dc,2026-09-19T14:00:15.480262+00:00,measured,measured,0.0,0
346,0b52950ace2669bd75d0cf7d51fe319ee87118ca85715edff1145d5aee8411a7,0,nq:0065,L0,v1,Qwen/Qwen2.5-1.5B-Instruct,"The Great Wall of China was built over a long period, starting from 605 BC under Emperor Qin Shi Huang. However, much of it is not continuous or complete and has been rebuilt many times throughout history. The earliest sections were constructed in the Warring States period (475-221 BC) while major repairs continued through the Ming dynasty (1368-1644 AD). It is now an international symbol of Chinese history and engineering achievement.",Great Wall of China,0,0,0.11267605633802817,,judge-stub/unwired,15,98,4.678471215000172,1,0.0,0.00045485136812501673,4688.481478999165,10.010263998992741,4678.471215000172,0.0,19e1267e270fb26a4e6da10a2e33f407c4cde82d,7fdc85f695827cd40610ae43ca440f13cb399989fda72657811baf795f8607dc,2026-09-19T14:00:20.412767+00:00,measured,measured,0.0,0
347,2c6e6b2b9b91ce0842b49ec7363c9ecd8f97d454a4f502da4d673e223ed2eceb,1,nq:0065,L0,v1,Qwen/Qwen2.5-1.5B-Instruct,"The Great Wall of China was built over a long period, starting from the 7th century BC and continuing into the 16th century AD.",Great Wall of China,0,0,0.33333333333333337,,judge-stub/unwired,15,31,1.2698556459999963,1,0.0,0.0001234581878055552,1278.9289689953875,9.073322995391209,1269.8556459999963,0.0,19e1267e270fb26a4e6da10a2e33f407c4cde82d,7fdc85f695827cd40610ae43ca440f13cb399989fda72657811baf795f8607dc,2026-09-19T14:00:21.952646+00:00,measured,measured,0.0,0
348,17d50e8f54461196813db7b2413f4de129d1134f67f751eec79e0d71007d5459,2,nq:0065,L0,v1,Qwen/Qwen2.5-1.5B-Instruct,The construction of the Great Wall of China began in the 7th century BC and continued for over two millennia.,Great Wall of China,0,0,0.38095238095238093,,judge-stub/unwired,15,23,0.9612823130000834,1,0.0,9.345800265278588e-05,970.8851899986257,9.602876998542342,961.2823130000834,0.0,19e1267e270fb26a4e6da10a2e33f407c4cde82d,7fdc85f695827cd40610ae43ca440f13cb399989fda72657811baf795f8607dc,2026-09-19T14:00:23.223572+00:00,measured,measured,0.0,0
349,eca31e9c4bccb2d7211381920ac4f9f817b906ff8cc8d3bb624885a1eaabf47f,0,nq:0066,L0,v1,Qwen/Qwen2.5-1.5B-Instruct,The Sahara Desert is located in Africa.,Sahara Desert,0,0,0.5,,judge-stub/unwired,13,8,0.3539396080004735,1,0.0,3.441079522226826e-05,362.1113530016373,8.1717450011638,353.9396080004735,0.0,19e1267e270fb26a4e6da10a2e33f407c4cde82d,7fdc85f695827cd40610ae43ca440f13cb399989fda72657811baf795f8607dc,2026-09-19T14:00:23.952117+00:00,measured,measured,0.0,0
350,1880052a131bf1c19fbdc16abe54a60a8ece17c52c5268ae3dfa2115c3476a6f,1,nq:0066,L0,v1,Qwen/Qwen2.5-1.5B-Instruct,The Sahara Desert is located in North Africa.,Sahara Desert,0,0,0.4444444444444445,,judge-stub/unwired,13,9,0.42238155199993344,1,0.0,4.1064873111104634e-05,427.2487789985462,4.86722699861275,422.38155199993344,0.0,19e1267e270fb26a4e6da10a2e33f407c4cde82d,7fdc85f695827cd40610ae43ca440f13cb399989fda72657811baf795f8607dc,2026-09-19T14:00:24.743778+00:00,measured,measured,0.0,0
351,1e325344e413c8c974d8d6ab068f009c215dc38bd6b1e6a189675317cd2c3fd7,2,nq:0066,L0,v1,Qwen/Qwen2.5-1.5B-Instruct,The Sahara Desert is located in North Africa.,Sahara Desert,0,0,0.4444444444444445,,judge-stub/unwired,13,9,0.39946565900027053,1,0.0,3.883693906947074e-05,408.0576669948641,8.592007994593587,399.46565900027053,0.0,19e1267e270fb26a4e6da10a2e33f407c4cde82d,7fdc85f695827cd40610ae43ca440f13cb399989fda72657811baf795f8607dc,2026-09-19T14:00:25.445109+00:00,measured,measured,0.0,0
352,dc9ed8ea58bb438f36aa863a16d7d476d02baabd50fc99dbfbc93ae558a588de,0,nq:0067,L0,v1,Qwen/Qwen2.5-1.5B-Instruct,The Roman Empire was not discovered by anyone; it existed before and has been known about for centuries.,Roman Empire,0,0,0.21052631578947367,,judge-stub/unwired,12,20,0.8436862299995482,1,0.0,8.202505013884495e-05,851.1368839963325,7.45065399678424,843.6862299995482,0.0,19e1267e270fb26a4e6da10a2e33f407c4cde82d,7fdc85f695827cd40610ae43ca440f13cb399989fda72657811baf795f8607dc,2026-09-19T14:00:27.057863+00:00,measured,measured,0.0,0
353,ea15fe7f78a38cab49656bcd780f882ea2279c31d8c5851611a373a4af00d239,1,nq:0067,L0,v1,Qwen/Qwen2.5-1.5B-Instruct,"The Roman Empire was not ""discovered"" in a literal sense, as it existed for centuries. However, its history and extent were gradually uncovered through archaeological discoveries and historical research since ancient times. Its origins are generally traced back to the city of Rome itself, founded around 753 BC by Romulus and Remus.",Roman Empire,0,0,0.07843137254901959,,judge-stub/unwired,12,66,2.656254961999366,1,0.0,0.0002582470101943828,2664.7206420020666,8.465680002700537,2656.254961999366,0.0,19e1267e270fb26a4e6da10a2e33f407c4cde82d,7fdc85f695827cd40610ae43ca440f13cb399989fda72657811baf795f8607dc,2026-09-19T14:00:30.064851+00:00,measured,measured,0.0,0
354,9e57d6139872a118ac7dac704343cc47d1e38a523bf11f7a8057d15d6b6c1a4b,2,nq:0067,L0,v1,Qwen/Qwen2.5-1.5B-Instruct,"The Roman Empire was not ""discovered"" by anyone; it existed since its foundation in 27 BC under Augustus. It expanded through conquest and assimilation of various cultures, eventually becoming one of the most extensive empires in history.",Roman Empire,0,0,0.1081081081081081,,judge-stub/unwired,12,49,2.2859363810002833,1,0.0,0.000222243814819472,2294.144187000711,8.207806000427809,2285.9363810002833,0.0,19e1267e270fb26a4e6da10a2e33f407c4cde82d,7fdc85f695827cd40610ae43ca440f13cb399989fda72657811baf795f8607dc,2026-09-19T14:00:33.519253+00:00,measured,measured,0.0,0
355,e64eb4209647ee33a9318cb0eee3f313692f33b71916ae36c8d6e58afb46abc8,0,nq:0068,L0,v1,Qwen/Qwen2.5-1.5B-Instruct,James Watson and Francis Crick discovered DNA.,DNA,0,0,0.25,,judge-stub/unwired,11,9,0.4108035250001194,1,0.0,3.993923159723383e-05,429.106934997435,18.30340999731561,410.8035250001194,0.0,19e1267e270fb26a4e6da10a2e33f407c4cde82d,7fdc85f695827cd40610ae43ca440f13cb399989fda72657811baf795f8607dc,2026-09-19T14:00:35.572186+00:00,measured,measured,0.0,0
356,e1f6f6e54219263b30d01bfa533be67f0e7d51a7e693d2f953df2b45ea2539b7,1,nq:0068,L0,v1,Qwen/Qwen2.5-1.5B-Instruct,James Watson and Francis Crick discovered DNA.,DNA,0,0,0.25,,judge-stub/unwired,11,9,0.44002231000013126,1,0.0,4.277994680556831e-05,450.04972599963367,10.02741599950241,440.02231000013126,0.0,19e1267e270fb26a4e6da10a2e33f407c4cde82d,7fdc85f695827cd40610ae43ca440f13cb399989fda72657811baf795f8607dc,2026-09-19T14:00:37.159991+00:00,measured,measured,0.0,0
357,a064ba26c99fb2f5c54bacbc5afdfb52eb88193be73ae73fe4fd2a188cac448d,2,nq:0068,L0,v1,Qwen/Qwen2.5-1.5B-Instruct,James Watson and Francis Crick discovered DNA.,DNA,0,0,0.25,,judge-stub/unwired,11,9,0.3928618220006683,1,0.0,3.819489936117609e-05,409.9553410042063,17.09351900353795,392.8618220006683,0.0,19e1267e270fb26a4e6da10a2e33f407c4cde82d,7fdc85f695827cd40610ae43ca440f13cb399989fda72657811baf795f8607dc,2026-09-19T14:00:37.945739+00:00,measured,measured,0.0,0
358,c1d0dd3b8d85961e9869b1ba13ca3204f03a8f4fa090f036e478549d98dae58d,0,nq:0069,L0,v1,Qwen/Qwen2.5-1.5B-Instruct,The Mona Lisa was painted by Leonardo da Vinci between 1503 and 1506.,Mona Lisa,0,0,0.2857142857142857,,judge-stub/unwired,13,22,0.9414317099999607,1,0.0,9.152808291666284e-05,945.986955999615,4.555245999654289,941.4317099999607,0.0,19e1267e270fb26a4e6da10a2e33f407c4cde82d,7fdc85f695827cd40610ae43ca440f13cb399989fda72657811baf795f8607dc,2026-09-19T14:00:39.141252+00:00,measured,measured,0.0,0
359,426818bd9248c457d072d3ce6bafabf02ac483be937cc77e05bbc5f019076fb5,1,nq:0069,L0,v1,Qwen/Qwen2.5-1.5B-Instruct,The Mona Lisa was painted by Leonardo da Vinci between 1503 and 1506.,Mona Lisa,0,0,0.2857142857142857,,judge-stub/unwired,13,22,0.9168868599999769,1,0.0,8.914177805555331e-05,921.6230970023389,4.7362370023620315,916.8868599999769,0.0,19e1267e270fb26a4e6da10a2e33f407c4cde82d,7fdc85f695827cd40610ae43ca440f13cb399989fda72657811baf795f8607dc,2026-09-19T14:00:40.306364+00:00,measured,measured,0.0,0
360,6a1ef6ac95f82131d17bed7f1a21acd651aa3dc40143687862373b6ec1ce4e4f,2,nq:0069,L0,v1,Qwen/Qwen2.5-1.5B-Instruct,"Leonardo da Vinci's ""Mona Lisa"" was completed in 1503-1506.",Mona Lisa,0,0,0.3076923076923077,,judge-stub/unwired,13,23,0.9609251550000408,1,0.0,9.342327895833731e-05,965.5625250024968,4.637370002456009,960.9251550000408,0.0,19e1267e270fb26a4e6da10a2e33f407c4cde82d,7fdc85f695827cd40610ae43ca440f13cb399989fda72657811baf795f8607dc,2026-09-19T14:00:41.540002+00:00,measured,measured,0.0,0
361,3314da161b347dc1a2e099432c75889af9a0bf7e15a25484de6a79bde84036a5,0,nq:0070,L0,v1,Qwen/Qwen2.5-1.5B-Instruct,"Neural networks are known for their ability to process and analyze large amounts of data, recognize patterns, and make predictions or decisions. They have applications in various fields such as computer vision, speech recognition, natural language processing, and machine learning.",neural networks,0,0,0.09523809523809523,,judge-stub/unwired,14,47,2.3264725250000993,1,0.0,0.00022618482881945408,2335.3102130013212,8.837688001221977,2326.4725250000993,0.0,19e1267e270fb26a4e6da10a2e33f407c4cde82d,7fdc85f695827cd40610ae43ca440f13cb399989fda72657811baf795f8607dc,2026-09-19T14:00:44.169994+00:00,measured,measured,0.0,0
362,a7779bff68a3fa3d18be9f0eb7ee2a86d6a40231ec60a95a5e4ee0c7b6833d05,1,nq:0070,L0,v1,Qwen/Qwen2.5-1.5B-Instruct,"Neural networks are known for their ability to learn and make predictions from data. They are used in various applications including image recognition, natural language processing, and recommendation systems due to their capacity to model complex relationships between inputs and outputs.",neural networks,0,0,0.09302325581395349,,judge-stub/unwired,14,45,1.9548734910003986,1,0.0,0.0001900571449583721,1964.4278210053017,9.554330004903022,1954.8734910003986,0.0,19e1267e270fb26a4e6da10a2e33f407c4cde82d,7fdc85f695827cd40610ae43ca440f13cb399989fda72657811baf795f8607dc,2026-09-19T14:00:46.418278+00:00,measured,measured,0.0,0
363,df2c5cd78353d3a0492f79ff9394a09fda8366478aa46d04eac52ff9450dce2f,2,nq:0070,L0,v1,Qwen/Qwen2.5-1.5B-Instruct,"Neural networks are known for their ability to process and learn from large amounts of data, enabling tasks like image recognition, natural language processing, and predictive analytics. They are widely used in AI applications due to their complexity and effectiveness in handling complex patterns and relationships within datasets.",neural networks,0,0,0.07999999999999999,,judge-stub/unwired,14,53,2.1693412940003327,1,0.0,0.00021090818136114344,2175.737728997774,6.396434997441247,2169.3412940003327,0.0,19e1267e270fb26a4e6da10a2e33f407c4cde82d,7fdc85f695827cd40610ae43ca440f13cb399989fda72657811baf795f8607dc,2026-09-19T14:00:48.906751+00:00,measured,measured,0.0,0
364,c4b314aa64643bd7f8a2afa7c67daf7fd2ca4b2cdacf47621035450dccdbb3a5,0,nq:0071,L0,v1,Qwen/Qwen2.5-1.5B-Instruct,"The Renaissance was not officially ""discovered"" by a single person, but rather emerged through various intellectual and cultural movements across Europe during the 14th to 17th centuries. Key figures like Leonardo da Vinci, Michelangelo, and Raphael are often cited as exemplars of the Renaissance spirit. However, its origins and spread were multifaceted, involving shifts in art, literature, philosophy, science, politics, and social norms that collectively characterized this period of European history.",Renaissance,0,0,0.029411764705882353,,judge-stub/unwired,11,97,3.8739492689992403,1,0.0,0.00037663395670825946,3878.107743998953,4.15847499971278,3873.9492689992403,0.0,19e1267e270fb26a4e6da10a2e33f407c4cde82d,7fdc85f695827cd40610ae43ca440f13cb399989fda72657811baf795f8607dc,2026-09-19T14:00:53.048146+00:00,measured,measured,0.0,0
365,1bfffb6253cd6a4a32982dd35722d63e7f8566399e22a3f3aa47cf3713da6df5,1,nq:0071,L0,v1,Qwen/Qwen2.5-1.5B-Instruct,"The Renaissance was not a discovery but an era, and its origins are debated among historians. However, it is commonly associated with figures like Leonardo da Vinci, Michelangelo, and Niccolò Machiavelli in Italy. The term ""Renaissance"" itself comes from the French word meaning ""rebirth,"" referring to a revival of classical learning, art, and culture that began in Italy during the 14th century.",Renaissance,0,0,0.03571428571428572,,judge-stub/unwired,11,87,4.15411896400019,1,0.0,0.000403872677055574,4162.884023996412,8.76505999622168,4154.11896400019,0.0,19e1267e270fb26a4e6da10a2e33f407c4cde82d,7fdc85f695827cd40610ae43ca440f13cb399989fda72657811baf795f8607dc,2026-09-19T14:00:57.496023+00:00,measured,measured,0.0,0
366,043cd3a73f45252499693da434665d0616e7549133cc504cbe38da39cfc73a90,2,nq:0071,L0,v1,Qwen/Qwen2.5-1.5B-Instruct,"The Renaissance was not a discovery but rather an era that began in Italy in the 14th century and spread throughout Europe. It is characterized by renewed interest in classical learning, humanism, and artistic innovation. While many scholars contributed to its development, no single individual can be credited as its sole discoverer.",Renaissance,0,0,0.04081632653061225,,judge-stub/unwired,11,63,2.5571766910006772,1,0.0,0.0002486144005139547,2565.8878070034916,8.711116002814379,2557.1766910006772,0.0,19e1267e270fb26a4e6da10a2e33f407c4cde82d,7fdc85f695827cd40610ae43ca440f13cb399989fda72657811baf795f8607dc,2026-09-19T14:01:00.368316+00:00,measured,measured,0.0,0
367,8569ae5848a34df65324be88f8147e64193bac7ff8f4fd25ecfeb61530b62aa7,0,nq:0072,L0,v1,Qwen/Qwen2.5-1.5B-Instruct,Gustave Eiffel and his team discovered the Eiffel Tower.,Eiffel Tower,0,0,0.4,,judge-stub/unwired,12,15,0.6519578289999117,1,0.0,6.338478893054696e-05,656.2972150031783,4.339386003266554,651.9578289999117,0.0,19e1267e270fb26a4e6da10a2e33f407c4cde82d,7fdc85f695827cd40610ae43ca440f13cb399989fda72657811baf795f8607dc,2026-09-19T14:01:01.298710+00:00,measured,measured,0.0,0
368,883636319842ff2ae7a393d967a0d62241ea5de55b48ea9d09d3e0432fedd649,1,nq:0072,L0,v1,Qwen/Qwen2.5-1.5B-Instruct,Gustave Eiffel and his team discovered the Eiffel Tower.,Eiffel Tower,0,0,0.4,,judge-stub/unwired,12,15,0.6510075030000735,1,0.0,6.329239612500713e-05,656.8379840009584,5.830481000884902,651.0075030000735,0.0,19e1267e270fb26a4e6da10a2e33f407c4cde82d,7fdc85f695827cd40610ae43ca440f13cb399989fda72657811baf795f8607dc,2026-09-19T14:01:02.236374+00:00,measured,measured,0.0,0
369,7f88b33ba9d892a7a76a9939a35f08381420cdfeeed08fb2a9ed0bcbbe3d0964,2,nq:0072,L0,v1,Qwen/Qwen2.5-1.5B-Instruct,Gustave Eiffel and his team discovered the Eiffel Tower.,Eiffel Tower,0,0,0.4,,judge-stub/unwired,12,15,0.6517452219995903,1,0.0,6.336411880551572e-05,657.8076110017719,6.06238900218159,651.7452219995903,0.0,19e1267e270fb26a4e6da10a2e33f407c4cde82d,7fdc85f695827cd40610ae43ca440f13cb399989fda72657811baf795f8607dc,2026-09-19T14:01:03.211206+00:00,measured,measured,0.0,0
370,ea1601ffed77cfc7a953cb6a5af1a5d2fba3b31d8f97cd14f33f9d4243c3d8d6,0,nq:0073,L0,v1,Qwen/Qwen2.5-1.5B-Instruct,"The Mona Lisa, painted by Leonardo da Vinci in 1503-1506. Known for its enigmatic smile and subject of numerous art imitations.",Mona Lisa,0,0,0.17391304347826084,,judge-stub/unwired,14,35,1.4921450439996988,1,0.0,0.00014506965705552626,1501.6111599961732,9.4661159964744,1492.1450439996988,0.0,19e1267e270fb26a4e6da10a2e33f407c4cde82d,7fdc85f695827cd40610ae43ca440f13cb399989fda72657811baf795f8607dc,2026-09-19T14:01:05.050844+00:00,measured,measured,0.0,0
371,67e02ceee159f68f612ecc28c287d41e93d36e9e75cd2767e8bc9c4e931a7849,1,nq:0073,L0,v1,Qwen/Qwen2.5-1.5B-Instruct,The Mona Lisa is renowned for its enigmatic smile.,Mona Lisa,0,0,0.4,,judge-stub/unwired,14,11,0.49402545700013434,1,0.0,4.803025276390195e-05,502.99871499464643,8.973257994512096,494.02545700013434,0.0,19e1267e270fb26a4e6da10a2e33f407c4cde82d,7fdc85f695827cd40610ae43ca440f13cb399989fda72657811baf795f8607dc,2026-09-19T14:01:05.818463+00:00,measured,measured,0.0,0
372,481709c49ffe54a43757c8c080253c5d2511ea0e8379358e60d9d09c36960e2b,2,nq:0073,L0,v1,Qwen/Qwen2.5-1.5B-Instruct,"The Mona Lisa, by Leonardo da Vinci, is renowned for its enigmatic smile and use of sfumato technique.",Mona Lisa,0,0,0.21052631578947367,,judge-stub/unwired,14,24,1.0295333470003243,1,0.0,0.00010009351984725375,1034.271712998816,4.738365998491645,1029.5333470003243,0.0,19e1267e270fb26a4e6da10a2e33f407c4cde82d,7fdc85f695827cd40610ae43ca440f13cb399989fda72657811baf795f8607dc,2026-09-19T14:01:07.107242+00:00,measured,measured,0.0,0
373,89b2ff21644af760e7bb19cad46e15fdf6529156e6f4919bbcf866d0cb972b6e,0,nq:0074,L0,v1,Qwen/Qwen2.5-1.5B-Instruct,"Robert Brown and Matthias Schleiden discovered plant cell structure in 1838. Wilhelm Conrad Röntgen discovered X-rays in 1895. The first complete theory of photosynthesis was proposed by German chemist Albert von Nägeli in 1847. Eduard Strasburger, a student of Carl Claus, developed a more complete theory based on this work. However, it wasn't until the 20th century that the modern understanding of photosynthesis was largely established through research by scientists such as Hans Sachs, Otto Frank, and others working in the field of chloroplasts and their role in photosynthesis. Therefore, while there were earlier discoveries related to plant biology and chemistry, the modern consensus is that the discovery of photosynthesis itself occurred around the late 19th century. 

However, for a concise answer:

Robert Brown and Matthias Schleiden discovered plant cell structure in 1838.",photosynthesis,0,0,0.015873015873015872,,judge-stub/unwired,11,193,8.460422338000171,1,0.0,0.0008225410606389054,8464.849335002327,4.426997002155986,8460.422338000171,0.0,19e1267e270fb26a4e6da10a2e33f407c4cde82d,7fdc85f695827cd40610ae43ca440f13cb399989fda72657811baf795f8607dc,2026-09-19T14:01:15.803812+00:00,measured,measured,0.0,0
374,7623225027c65156200712894fd7402aed0898849550b1700ad663fd2e904471,1,nq:0074,L0,v1,Qwen/Qwen2.5-1.5B-Instruct,Robert Hare and Matthias Schleiden.,photosynthesis,0,0,0.0,,judge-stub/unwired,11,9,0.425324346000707,1,0.0,4.1350978083402067e-05,429.7669629995653,4.442616998858284,425.324346000707,0.0,19e1267e270fb26a4e6da10a2e33f407c4cde82d,7fdc85f695827cd40610ae43ca440f13cb399989fda72657811baf795f8607dc,2026-09-19T14:01:16.555251+00:00,measured,measured,0.0,0
375,cda26c66c440229d1bcf6b31cd484960d4dde3588e28a480db3b183a51ad1a6d,2,nq:0074,L0,v1,Qwen/Qwen2.5-1.5B-Instruct,Robert Hare and Joseph Priestley are credited as discovering photosynthesis.,photosynthesis,0,0,0.18181818181818182,,judge-stub/unwired,11,14,0.5992610539997258,1,0.0,5.826149136108445e-05,606.6883859984955,7.4273319987696595,599.2610539997258,0.0,19e1267e270fb26a4e6da10a2e33f407c4cde82d,7fdc85f695827cd40610ae43ca440f13cb399989fda72657811baf795f8607dc,2026-09-19T14:01:17.422316+00:00,measured,measured,0.0,0
376,c4c664c17fa8a8b29cdf2c47944458c2b9ef740676ccd4d20fe45a80928167ec,0,nq:0075,L0,v1,Qwen/Qwen2.5-1.5B-Instruct,Gravity began to exist from the Big Bang approximately 13.8 billion years ago.,gravity,0,0,0.14285714285714288,,judge-stub/unwired,12,18,0.7428221360005409,1,0.0,7.221881877783037e-05,746.9508490012231,4.128713000682183,742.8221360005409,0.0,19e1267e270fb26a4e6da10a2e33f407c4cde82d,7fdc85f695827cd40610ae43ca440f13cb399989fda72657811baf795f8607dc,2026-09-19T14:01:18.404777+00:00,measured,measured,0.0,0
377,7fb97074331a166a034825c9742c418682aac509fc13e3b3f5e0274ef2cdc164,1,nq:0075,L0,v1,Qwen/Qwen2.5-1.5B-Instruct,"Gravity has been known to exist since ancient times. However, it was Sir Isaac Newton who first comprehensively described its law of universal gravitation in his work ""Philosophiæ Naturalis Principia Mathematica"" published in 1687. Prior to this, Galileo had already observed and theorized about the effects of falling bodies on Earth.",gravity,0,0,0.0392156862745098,,judge-stub/unwired,12,72,3.215969366000536,1,0.0,0.0003126636883611632,3222.5661050042618,6.596739003725816,3215.969366000536,0.0,19e1267e270fb26a4e6da10a2e33f407c4cde82d,7fdc85f695827cd40610ae43ca440f13cb399989fda72657811baf795f8607dc,2026-09-19T14:01:21.856764+00:00,measured,measured,0.0,0
378,19b047ee7e6f9a0411bc30902ce05e385c9b820819a80c3091836dfe9ee34c69,2,nq:0075,L0,v1,Qwen/Qwen2.5-1.5B-Instruct,"Gravity is an inherent force of nature that has always existed. It was not a ""happening"" but rather an established law in physics since ancient times.",gravity,0,0,0.08333333333333333,,judge-stub/unwired,12,32,1.624482629999875,1,0.0,0.00015793581124998784,1628.6501289987427,4.1674989988678135,1624.482629999875,0.0,19e1267e270fb26a4e6da10a2e33f407c4cde82d,7fdc85f695827cd40610ae43ca440f13cb399989fda72657811baf795f8607dc,2026-09-19T14:01:23.751606+00:00,measured,measured,0.0,0
379,aab929444f165d4859f91a2a279e8ce2aa06bf3c5906d5e11358b5bdcf533a4b,0,nq:0076,L0,v1,Qwen/Qwen2.5-1.5B-Instruct,"The Mona Lisa is located in the Louvre Museum, Paris, France.",Mona Lisa,0,0,0.3636363636363636,,judge-stub/unwired,13,15,0.6472124880001502,1,0.0,6.292343633334793e-05,651.579130002574,4.3666420024237595,647.2124880001502,0.0,19e1267e270fb26a4e6da10a2e33f407c4cde82d,7fdc85f695827cd40610ae43ca440f13cb399989fda72657811baf795f8607dc,2026-09-19T14:01:24.726399+00:00,measured,measured,0.0,0
380,ab8790f33bd2a825a6a817b9cd3c8375622d0a59aadb80247090c4f7c376f556,1,nq:0076,L0,v1,Qwen/Qwen2.5-1.5B-Instruct,"The Mona Lisa is currently located in the Louvre Museum, Paris.",Mona Lisa,0,0,0.3636363636363636,,judge-stub/unwired,13,14,0.6048724170004789,1,0.0,5.8807040541713224e-05,613.0659360032951,8.193519002816174,604.8724170004789,0.0,19e1267e270fb26a4e6da10a2e33f407c4cde82d,7fdc85f695827cd40610ae43ca440f13cb399989fda72657811baf795f8607dc,2026-09-19T14:01:25.674277+00:00,measured,measured,0.0,0
381,2e977d1561f13c952360e3b56e4c8b61710d9003a94cedcc6ae70be996a8a41e,2,nq:0076,L0,v1,Qwen/Qwen2.5-1.5B-Instruct,"The Mona Lisa is located in Paris, France.",Mona Lisa,0,0,0.4444444444444445,,judge-stub/unwired,13,10,0.4291566049996618,1,0.0,4.172355881941156e-05,443.68085700079973,14.524252001137938,429.1566049996618,0.0,19e1267e270fb26a4e6da10a2e33f407c4cde82d,7fdc85f695827cd40610ae43ca440f13cb399989fda72657811baf795f8607dc,2026-09-19T14:01:26.431373+00:00,measured,measured,0.0,0
382,85fdb20e7e5215f172278be207c57eec4f3e7ade12417e4138d59ac98e13f0e1,0,nq:0077,L0,v1,Qwen/Qwen2.5-1.5B-Instruct,Sir George Everest.,Mount Everest,0,0,0.4,,judge-stub/unwired,12,4,0.2220275199997559,1,0.0,2.1586008888865155e-05,226.9724489942746,4.944928994518705,222.0275199997559,0.0,19e1267e270fb26a4e6da10a2e33f407c4cde82d,7fdc85f695827cd40610ae43ca440f13cb399989fda72657811baf795f8607dc,2026-09-19T14:01:26.960703+00:00,measured,measured,0.0,0
383,74a1cc4e30b621e813cd8841d043840ad74856495ba449e4e97eb0664a4d9580,1,nq:0077,L0,v1,Qwen/Qwen2.5-1.5B-Instruct,Sir George Everest.,Mount Everest,0,0,0.4,,judge-stub/unwired,12,4,0.20444144499924732,1,0.0,1.9876251597149043e-05,208.73032399686053,4.28887899761321,204.44144499924732,0.0,19e1267e270fb26a4e6da10a2e33f407c4cde82d,7fdc85f695827cd40610ae43ca440f13cb399989fda72657811baf795f8607dc,2026-09-19T14:01:27.446539+00:00,measured,measured,0.0,0
384,24ae6172079d37b3f382a9b9a3c100902c08062f0b05498da3f2a5a05d973b51,2,nq:0077,L0,v1,Qwen/Qwen2.5-1.5B-Instruct,Sir George Everest,Mount Everest,0,0,0.4,,judge-stub/unwired,12,3,0.18034428800001479,1,0.0,1.753347244444588e-05,184.7142319993509,4.369943999336101,180.34428800001479,0.0,19e1267e270fb26a4e6da10a2e33f407c4cde82d,7fdc85f695827cd40610ae43ca440f13cb399989fda72657811baf795f8607dc,2026-09-19T14:01:27.960257+00:00,measured,measured,0.0,0
385,878c8a300cd44cffcda91c63f1a00d083cdfac1a83d321d563284b4df7df87b2,0,nq:0078,L0,v1,Qwen/Qwen2.5-1.5B-Instruct,The Amazon River is located in South America.,Amazon River,0,0,0.4444444444444445,,judge-stub/unwired,13,9,0.4035064079998847,1,0.0,3.922978966665545e-05,412.425724998684,8.919316998799331,403.5064079998847,0.0,19e1267e270fb26a4e6da10a2e33f407c4cde82d,7fdc85f695827cd40610ae43ca440f13cb399989fda72657811baf795f8607dc,2026-09-19T14:01:28.646922+00:00,measured,measured,0.0,0
386,cfad508c76ee133f739964f913e81311949facc52de39585485f5d5545233fa2,1,nq:0078,L0,v1,Qwen/Qwen2.5-1.5B-Instruct,The Amazon River is located in South America.,Amazon River,0,0,0.4444444444444445,,judge-stub/unwired,13,9,0.3960600529999283,1,0.0,3.8505838486104135e-05,401.6331109987732,5.573057998844888,396.0600529999283,0.0,19e1267e270fb26a4e6da10a2e33f407c4cde82d,7fdc85f695827cd40610ae43ca440f13cb399989fda72657811baf795f8607dc,2026-09-19T14:01:29.303523+00:00,measured,measured,0.0,0
387,e16e94cf54640b7304f60c5329bed4efc089dc4753547c552a1d620d0742ecdb,2,nq:0078,L0,v1,Qwen/Qwen2.5-1.5B-Instruct,The Amazon River is located in South America.,Amazon River,0,0,0.4444444444444445,,judge-stub/unwired,13,9,0.4119721569995818,1,0.0,4.0052848597181554e-05,420.3793059978125,8.407148998230696,411.9721569995818,0.0,19e1267e270fb26a4e6da10a2e33f407c4cde82d,7fdc85f695827cd40610ae43ca440f13cb399989fda72657811baf795f8607dc,2026-09-19T14:01:29.959319+00:00,measured,measured,0.0,0
388,ced49f69fd490d3d3b17d4f96af28f2455a928048245f3afd16d4279fba27dab,0,nq:0079,L0,v1,Qwen/Qwen2.5-1.5B-Instruct,"William Shakespeare was born in Stratford-upon-Avon, England.",Shakespeare,0,0,0.19999999999999998,,judge-stub/unwired,12,14,0.5935715309997249,1,0.0,5.770834329163992e-05,599.9794090048454,6.407878005120438,593.5715309997249,0.0,19e1267e270fb26a4e6da10a2e33f407c4cde82d,7fdc85f695827cd40610ae43ca440f13cb399989fda72657811baf795f8607dc,2026-09-19T14:01:30.803420+00:00,measured,measured,0.0,0
389,7f21c30d5b4b56a59bc30162d7583eae718f5eaa4ea1013307a1534e383fb16e,1,nq:0079,L0,v1,Qwen/Qwen2.5-1.5B-Instruct,"William Shakespeare was born in Stratford-upon-Avon, England.",Shakespeare,0,0,0.19999999999999998,,judge-stub/unwired,12,14,0.5933442549994652,1,0.0,5.7686247013836885e-05,599.5116009999037,6.167346000438556,593.3442549994652,0.0,19e1267e270fb26a4e6da10a2e33f407c4cde82d,7fdc85f695827cd40610ae43ca440f13cb399989fda72657811baf795f8607dc,2026-09-19T14:01:31.658544+00:00,measured,measured,0.0,0
390,d9a5f6dd34e2154510a2cd551e4b2a64a251c1088052d6385a2f061843abc6eb,2,nq:0079,L0,v1,Qwen/Qwen2.5-1.5B-Instruct,"William Shakespeare was born in Stratford-upon-Avon, England.",Shakespeare,0,0,0.19999999999999998,,judge-stub/unwired,12,14,0.5909803779995855,1,0.0,5.745642563884858e-05,599.416533999829,8.4361560002435,590.9803779995855,0.0,19e1267e270fb26a4e6da10a2e33f407c4cde82d,7fdc85f695827cd40610ae43ca440f13cb399989fda72657811baf795f8607dc,2026-09-19T14:01:32.548663+00:00,measured,measured,0.0,0
391,0e7ab0bab0b2970875e75e53f3f1dcd629a6e98900947736a64fe6a0ae180574,0,triviaqa:0000,L0,v1,Qwen/Qwen2.5-1.5B-Instruct,The Mona Lisa is located in the Louvre.,Mona Lisa,0,0,0.5,,judge-stub/unwired,28,10,0.5091345820001152,1,0.0,4.949919547223342e-05,514.0450450016942,4.910463001579046,509.1345820001152,0.0,19e1267e270fb26a4e6da10a2e33f407c4cde82d,7fdc85f695827cd40610ae43ca440f13cb399989fda72657811baf795f8607dc,2026-09-19T14:01:33.309164+00:00,measured,measured,0.0,0
392,7854289ec8494f274f58dcb0140b77f4ee5f22e634624055ba26a808c2a41de0,1,triviaqa:0000,L0,v1,Qwen/Qwen2.5-1.5B-Instruct,"The Mona Lisa, painted by Leonardo da Vinci and now housed at the Louvre in Paris.",Mona Lisa,0,0,0.25,,judge-stub/unwired,28,19,1.0549174309999216,1,0.0,0.00010256141690277016,1060.5521890029195,5.634758002997842,1054.9174309999216,0.0,19e1267e270fb26a4e6da10a2e33f407c4cde82d,7fdc85f695827cd40610ae43ca440f13cb399989fda72657811baf795f8607dc,2026-09-19T14:01:34.632361+00:00,measured,measured,0.0,0
393,0143ca0de0b6eef6beea73f03dab0e0606e1bd9496d878aa615ff773e05eee9f,2,triviaqa:0000,L0,v1,Qwen/Qwen2.5-1.5B-Instruct,"The Mona Lisa, painted by Leonardo da Vinci and currently hanging in the Louvre in Paris.",Mona Lisa,0,0,0.25,,judge-stub/unwired,28,19,1.0650048690004041,1,0.0,0.00010354214004170595,1069.772268005181,4.767399004776962,1065.0048690004041,0.0,19e1267e270fb26a4e6da10a2e33f407c4cde82d,7fdc85f695827cd40610ae43ca440f13cb399989fda72657811baf795f8607dc,2026-09-19T14:01:35.944779+00:00,measured,measured,0.0,0
394,fc5dc8e2cf5f5d48cc62f07b7057f2fe9a2365a5b2243d87baed448811a78a8b,0,triviaqa:0001,L0,v1,Qwen/Qwen2.5-1.5B-Instruct,Chlorophyll-containing chloroplasts.,photosynthesis,0,0,0.0,,judge-stub/unwired,25,8,0.37287389900029666,1,0.0,3.6251629069473286e-05,377.72169599793415,4.847796997637488,372.87389900029666,0.0,19e1267e270fb26a4e6da10a2e33f407c4cde82d,7fdc85f695827cd40610ae43ca440f13cb399989fda72657811baf795f8607dc,2026-09-19T14:01:36.611057+00:00,measured,measured,0.0,0
395,9789cf4c425dc5f568d3fa6280fb31bcaa53be37cc605eb5a3c473506c89c344,1,triviaqa:0001,L0,v1,Qwen/Qwen2.5-1.5B-Instruct,Chlorophyll-containing chloroplasts.,photosynthesis,0,0,0.0,,judge-stub/unwired,25,8,0.38081941100062977,1,0.0,3.7024109402839005e-05,385.8030649989814,4.983653998351656,380.81941100062977,0.0,19e1267e270fb26a4e6da10a2e33f407c4cde82d,7fdc85f695827cd40610ae43ca440f13cb399989fda72657811baf795f8607dc,2026-09-19T14:01:37.250948+00:00,measured,measured,0.0,0
396,b308eb6bdcfbd5a21f8ef5210c1912bfbc7cbc8e77a1a8e0a1bf0473f9a099aa,2,triviaqa:0001,L0,v1,Qwen/Qwen2.5-1.5B-Instruct,Chlorophyll-containing chloroplasts.,photosynthesis,0,0,0.0,,judge-stub/unwired,25,8,0.3621917009995741,1,0.0,3.521308204162525e-05,367.19858599553845,5.006884995964356,362.1917009995741,0.0,19e1267e270fb26a4e6da10a2e33f407c4cde82d,7fdc85f695827cd40610ae43ca440f13cb399989fda72657811baf795f8607dc,2026-09-19T14:01:37.877897+00:00,measured,measured,0.0,0
397,d6338cfbefd295fda7c52421c41d7a06599c6ab76847431f92173f8f6dbe11ab,0,triviaqa:0002,L0,v1,Qwen/Qwen2.5-1.5B-Instruct,The Industrial Revolution started in Britain.,Industrial Revolution,0,0,0.5714285714285715,,judge-stub/unwired,26,7,0.33217702799993276,1,0.0,3.229498883332679e-05,340.6969819970982,8.51995399716543,332.17702799993276,0.0,19e1267e270fb26a4e6da10a2e33f407c4cde82d,7fdc85f695827cd40610ae43ca440f13cb399989fda72657811baf795f8607dc,2026-09-19T14:01:38.463185+00:00,measured,measured,0.0,0
398,d332ff3959f6511e4cd27d0e120d19f26861998b5499ef009448ea5e6230b045,1,triviaqa:0002,L0,v1,Qwen/Qwen2.5-1.5B-Instruct,The Industrial Revolution started in Britain.,Industrial Revolution,0,0,0.5714285714285715,,judge-stub/unwired,26,7,0.3481562880006095,1,0.0,3.3848528000059255e-05,357.4006780072523,9.244390006642789,348.1562880006095,0.0,19e1267e270fb26a4e6da10a2e33f407c4cde82d,7fdc85f695827cd40610ae43ca440f13cb399989fda72657811baf795f8607dc,2026-09-19T14:01:39.070407+00:00,measured,measured,0.0,0
399,60999d635656183a8ea6d2f4948ea4f93c0e21deb3ab748c3930c373fd941805,2,triviaqa:0002,L0,v1,Qwen/Qwen2.5-1.5B-Instruct,The Industrial Revolution started in Britain.,Industrial Revolution,0,0,0.5714285714285715,,judge-stub/unwired,26,7,0.3256405990005078,1,0.0,3.165950268060492e-05,330.65384100063966,5.013242000131868,325.6405990005078,0.0,19e1267e270fb26a4e6da10a2e33f407c4cde82d,7fdc85f695827cd40610ae43ca440f13cb399989fda72657811baf795f8607dc,2026-09-19T14:01:39.631138+00:00,measured,measured,0.0,0
400,2221adbc8eca131b954bfa18639c8e3cbe734042541c3158d391c3f3848030e9,0,triviaqa:0003,L0,v1,Qwen/Qwen2.5-1.5B-Instruct,"The Mona Lisa, painted by Leonardo da Vinci and currently housed at the Louvre in Paris.",Mona Lisa,0,0,0.25,,judge-stub/unwired,29,19,0.7902460889999929,1,0.0,7.682948087499932e-05,798.9058349958214,8.659745995828416,790.2460889999929,0.0,19e1267e270fb26a4e6da10a2e33f407c4cde82d,7fdc85f695827cd40610ae43ca440f13cb399989fda72657811baf795f8607dc,2026-09-19T14:01:40.744544+00:00,measured,measured,0.0,0
401,dd32386df473974b780a360a7882e3ffc00c7a0d1860d08186139034023fede8,1,triviaqa:0003,L0,v1,Qwen/Qwen2.5-1.5B-Instruct,The Mona Lisa.,Mona Lisa,0,1,1.0,,judge-stub/unwired,29,4,0.20366715599993768,1,0.0,1.980097349999394e-05,210.31516800030658,6.648012000368908,203.66715599993768,0.0,19e1267e270fb26a4e6da10a2e33f407c4cde82d,7fdc85f695827cd40610ae43ca440f13cb399989fda72657811baf795f8607dc,2026-09-19T14:01:41.282748+00:00,measured,measured,0.0,0
402,d6b1474a0643eb6e3e56cac2410ba93e80578c004a18a09d696451dc23a26f4d,2,triviaqa:0003,L0,v1,Qwen/Qwen2.5-1.5B-Instruct,"Mona Lisa, painted by Leonardo da Vinci and housed at the Louvre in Paris.",Mona Lisa,0,0,0.2666666666666667,,judge-stub/unwired,29,17,0.7269894829996701,1,0.0,7.067953306941236e-05,736.6079820030791,9.618499003408942,726.9894829996701,0.0,19e1267e270fb26a4e6da10a2e33f407c4cde82d,7fdc85f695827cd40610ae43ca440f13cb399989fda72657811baf795f8607dc,2026-09-19T14:01:42.415059+00:00,measured,measured,0.0,0
403,bbf49e31c7c629de13c43c6f71911dcc5f4257a78b7769b0b9dea9ddb4b76317,0,triviaqa:0004,L0,v1,Qwen/Qwen2.5-1.5B-Instruct,"The Mona Lisa, painted by Leonardo da Vinci and currently hanging in the Louvre in Paris.",Mona Lisa,0,0,0.25,,judge-stub/unwired,28,19,0.7924423240001488,1,0.0,7.704300372223669e-05,797.8436309967947,5.4013069966458715,792.4423240001488,0.0,19e1267e270fb26a4e6da10a2e33f407c4cde82d,7fdc85f695827cd40610ae43ca440f13cb399989fda72657811baf795f8607dc,2026-09-19T14:01:43.541193+00:00,measured,measured,0.0,0
404,ade70681e29c17eabf9f621f9d0412c43f2a0d57c653e60f4730943cab09570e,1,triviaqa:0004,L0,v1,Qwen/Qwen2.5-1.5B-Instruct,"The Mona Lisa, painted by Leonardo da Vinci and housed at the Louvre in Paris.",Mona Lisa,0,0,0.2666666666666667,,judge-stub/unwired,28,18,0.776929129000564,1,0.0,7.553477643061038e-05,786.0456660037016,9.116537003137637,776.929129000564,0.0,19e1267e270fb26a4e6da10a2e33f407c4cde82d,7fdc85f695827cd40610ae43ca440f13cb399989fda72657811baf795f8607dc,2026-09-19T14:01:44.623811+00:00,measured,measured,0.0,0
405,a40fdd34277ff73d422a0f516edfdb2843ef000333a34b570c2170b6057d3efb,2,triviaqa:0004,L0,v1,Qwen/Qwen2.5-1.5B-Instruct,"The Mona Lisa, painted by Leonardo da Vinci and currently housed at the Louvre Museum in Paris.",Mona Lisa,0,0,0.23529411764705882,,judge-stub/unwired,28,20,0.8483036369998445,1,0.0,8.24739647083182e-05,853.9625359971978,5.65889899735339,848.3036369998445,0.0,19e1267e270fb26a4e6da10a2e33f407c4cde82d,7fdc85f695827cd40610ae43ca440f13cb399989fda72657811baf795f8607dc,2026-09-19T14:01:45.711164+00:00,measured,measured,0.0,0
406,12ae304eaf9a4dcd25a112d27ee4f0401d6d0d5d61bced1bd68809b256ad6790,0,triviaqa:0005,L0,v1,Qwen/Qwen2.5-1.5B-Instruct,Newton's law of universal gravitation describes attraction between masses.,gravity,0,0,0.0,,judge-stub/unwired,23,12,0.6742213570005333,1,0.0,6.554929859727407e-05,679.2850669999098,5.063709999376442,674.2213570005333,0.0,19e1267e270fb26a4e6da10a2e33f407c4cde82d,7fdc85f695827cd40610ae43ca440f13cb399989fda72657811baf795f8607dc,2026-09-19T14:01:46.714548+00:00,measured,measured,0.0,0
407,b57b59eb89d3b6ff4b8247a5854c360f18b465daeb33a600696ef75986d07c4d,1,triviaqa:0005,L0,v1,Qwen/Qwen2.5-1.5B-Instruct,Newton's law of universal gravitation describes attraction between masses.,gravity,0,0,0.0,,judge-stub/unwired,23,12,0.7386694520000674,1,0.0,7.181508561111767e-05,744.9492649948297,6.279812994762324,738.6694520000674,0.0,19e1267e270fb26a4e6da10a2e33f407c4cde82d,7fdc85f695827cd40610ae43ca440f13cb399989fda72657811baf795f8607dc,2026-09-19T14:01:47.822062+00:00,measured,measured,0.0,0
408,c49e2550aae01a665d13939cdc8fca9bc9359eb8a47c0f2906aad551679eb14c,2,triviaqa:0005,L0,v1,Qwen/Qwen2.5-1.5B-Instruct,Newton's law of universal gravitation describes the attraction between masses.,gravity,0,0,0.0,,judge-stub/unwired,23,13,0.5753493470001558,1,0.0,5.593674206945959e-05,581.5606079959252,6.211260995769408,575.3493470001558,0.0,19e1267e270fb26a4e6da10a2e33f407c4cde82d,7fdc85f695827cd40610ae43ca440f13cb399989fda72657811baf795f8607dc,2026-09-19T14:01:48.717429+00:00,measured,measured,0.0,0
409,547260f903c044c883a9338f7c31e43904018fd3671ee5cd50049dc4d0ea2b9b,0,triviaqa:0006,L0,v1,Qwen/Qwen2.5-1.5B-Instruct,The Eiffel Tower was built for the 1889 World's Fair.,Eiffel Tower,0,0,0.3636363636363636,,judge-stub/unwired,28,18,0.7729195160000017,1,0.0,7.51449529444446e-05,779.37155500058,6.452039000578225,772.9195160000017,0.0,19e1267e270fb26a4e6da10a2e33f407c4cde82d,7fdc85f695827cd40610ae43ca440f13cb399989fda72657811baf795f8607dc,2026-09-19T14:01:49.794374+00:00,measured,measured,0.0,0
410,ac8c8cd176570cd69364041717f21b0047d9654e6d97455a7d5cbf2430cf8083,1,triviaqa:0006,L0,v1,Qwen/Qwen2.5-1.5B-Instruct,The Eiffel Tower was built for the 1889 World's Fair.,Eiffel Tower,0,0,0.3636363636363636,,judge-stub/unwired,28,18,0.7810937929998545,1,0.0,7.593967431943028e-05,788.2952930040119,7.201500004157424,781.0937929998545,0.0,19e1267e270fb26a4e6da10a2e33f407c4cde82d,7fdc85f695827cd40610ae43ca440f13cb399989fda72657811baf795f8607dc,2026-09-19T14:01:50.865891+00:00,measured,measured,0.0,0
411,501d4d37f220ed1c175fccc846ceb6476d1340bdcf0b2631d8c523e9c5cce702,2,triviaqa:0006,L0,v1,Qwen/Qwen2.5-1.5B-Instruct,The Eiffel Tower was built for the 1889 World's Fair.,Eiffel Tower,0,0,0.3636363636363636,,judge-stub/unwired,28,18,0.7734961819996897,1,0.0,7.520101769441427e-05,785.0917900041168,11.59560800442705,773.4961819996897,0.0,19e1267e270fb26a4e6da10a2e33f407c4cde82d,7fdc85f695827cd40610ae43ca440f13cb399989fda72657811baf795f8607dc,2026-09-19T14:01:51.930851+00:00,measured,measured,0.0,0
412,eab5d8f24c2c52a1e3dbd3d67cb1b9db11d0235c4cdc807117a3ff57a458425e,0,triviaqa:0007,L0,v1,Qwen/Qwen2.5-1.5B-Instruct,"Badaling Great Wall

This wall is part of a vast defensive structure that runs for about 21,000 kilometers (13,000 miles) through northern China. It's one of the most famous sections and attracts millions of visitors each year. Its name comes from its location near Beijing, where it was first built during the Ming Dynasty in the late 14th century. Despite being damaged by natural elements and wars, much of the original Great Wall remains intact today. This particular stretch at Badaling, located about 65 kilometers northwest of Beijing, has been preserved well enough to allow tourists to see its grandeur and historical significance.",Great Wall of China,0,0,0.07619047619047618,,judge-stub/unwired,30,135,5.412442804999955,1,0.0,0.0005262097171527734,5417.7118399984465,5.269034998491406,5412.442804999955,0.0,19e1267e270fb26a4e6da10a2e33f407c4cde82d,7fdc85f695827cd40610ae43ca440f13cb399989fda72657811baf795f8607dc,2026-09-19T14:01:57.605545+00:00,measured,measured,0.0,0
413,247ea3f683c665113ab6d437763d3751d594337eca3a4522961d2fca52c9fd12,1,triviaqa:0007,L0,v1,Qwen/Qwen2.5-1.5B-Instruct,"The Great Wall of China

This wall is known for its length, stretching approximately 21,000 kilometers (over 13,000 miles) across northern China.",Great Wall of China,0,0,0.29629629629629634,,judge-stub/unwired,30,39,2.0410598839998784,1,0.0,0.00019843637761109929,2047.8255919997537,6.765707999875303,2041.0598839998784,0.0,19e1267e270fb26a4e6da10a2e33f407c4cde82d,7fdc85f695827cd40610ae43ca440f13cb399989fda72657811baf795f8607dc,2026-09-19T14:01:59.935930+00:00,measured,measured,0.0,0
414,ec6bc15db2657c2122d1a8a1280d04863da34c81835df7241662b15eac123867,2,triviaqa:0007,L0,v1,Qwen/Qwen2.5-1.5B-Instruct,"The Great Wall of China

This wall is known for its length of approximately 21,000 kilometers and extends across northern China. 

Justification:
The question asks for a specific example of the Great Wall of China based on the given description. The Great Wall that meets these criteria—stretching over 21,000 kilometers—is often referred to as the ""Great Wall of China."" This description fits perfectly with this iconic structure's well-known attributes.",Great Wall of China,0,0,0.1142857142857143,,judge-stub/unwired,30,96,4.029129550000107,1,0.0,0.0003917209284722326,4039.9114809997627,10.781930999655742,4029.129550000107,0.0,19e1267e270fb26a4e6da10a2e33f407c4cde82d,7fdc85f695827cd40610ae43ca440f13cb399989fda72657811baf795f8607dc,2026-09-19T14:02:04.224392+00:00,measured,measured,0.0,0
415,90d58d8371436542fa5a08896da4df38c25f003eb75d3c9b0e02d7f99e21dedb,0,triviaqa:0008,L0,v1,Qwen/Qwen2.5-1.5B-Instruct,"Convolutional and Recurrent

These are two types of neural networks that use layers to process data. The Convolutional network applies filters to images, while the Recurrent network processes sequences of inputs. Both are designed to learn from structured input data by creating hierarchical features in a feedforward manner. They differ in how they handle spatial/temporal information respectively.

This question tests knowledge on different types of neural networks used for processing image and sequence data. It's important to understand their architecture (layers) and purpose (learning from structured input). Convolutional networks excel at feature extraction in 2D space, whereas recurrent networks work well with sequential data like text or time series. Therefore, these are key examples of neural networks that involve layering for learning representations.",neural networks,0,0,0.03225806451612903,,judge-stub/unwired,24,153,6.089540828000281,1,0.0,0.0005920386916111384,6097.739522006123,8.19869400584139,6089.540828000281,0.0,19e1267e270fb26a4e6da10a2e33f407c4cde82d,7fdc85f695827cd40610ae43ca440f13cb399989fda72657811baf795f8607dc,2026-09-19T14:02:10.567979+00:00,measured,measured,0.0,0
416,6e224e7123d4f7d93d7d5609a3a4e31100356b2272b0df26fdba7306b289c611,1,triviaqa:0008,L0,v1,Qwen/Qwen2.5-1.5B-Instruct,Convolutional and Recurrent Networks are associated with that description.,neural networks,0,0,0.1818181818181818,,judge-stub/unwired,24,13,0.7763485330006006,1,0.0,7.54783295972806e-05,785.2221719958834,8.873638995282818,776.3485330006006,0.0,19e1267e270fb26a4e6da10a2e33f407c4cde82d,7fdc85f695827cd40610ae43ca440f13cb399989fda72657811baf795f8607dc,2026-09-19T14:02:11.598830+00:00,measured,measured,0.0,0
417,25e86c3c74f330b7b7856058aa48a9172488d8305619081cab9084d232030ba9,2,triviaqa:0008,L0,v1,Qwen/Qwen2.5-1.5B-Instruct,"Artificial Neural Networks (ANNs), Convolutional Neural Networks (CNNs) and Recurrent Neural Networks (RNNs).",neural networks,0,0,0.2666666666666667,,judge-stub/unwired,24,26,1.5294840679998742,1,0.0,0.0001486998399444322,1538.225529002375,8.741461002500728,1529.4840679998742,0.0,19e1267e270fb26a4e6da10a2e33f407c4cde82d,7fdc85f695827cd40610ae43ca440f13cb399989fda72657811baf795f8607dc,2026-09-19T14:02:13.429578+00:00,measured,measured,0.0,0
418,2600a1aea7ea65cba3b1d77fdfa7b371a762d61b79b5261bfdf646992b7abdbb,0,triviaqa:0009,L0,v1,Qwen/Qwen2.5-1.5B-Instruct,Irene Joliot-Curie,Marie Curie,0,0,0.4,,judge-stub/unwired,27,7,0.32826326499980496,1,0.0,3.191448409720326e-05,333.3413779973853,5.07811299758032,328.26326499980496,0.0,19e1267e270fb26a4e6da10a2e33f407c4cde82d,7fdc85f695827cd40610ae43ca440f13cb399989fda72657811baf795f8607dc,2026-09-19T14:02:14.032875+00:00,measured,measured,0.0,0
419,7c17d542080ac74784b2bd172b85815ff6eb5b58964fb0e1799056293998d1c5,1,triviaqa:0009,L0,v1,Qwen/Qwen2.5-1.5B-Instruct,Irene Curie,Marie Curie,0,0,0.5,,judge-stub/unwired,27,3,0.1710296550008934,1,0.0,1.662788312508686e-05,180.75915199733572,9.729496996442322,171.0296550008934,0.0,19e1267e270fb26a4e6da10a2e33f407c4cde82d,7fdc85f695827cd40610ae43ca440f13cb399989fda72657811baf795f8607dc,2026-09-19T14:02:14.478972+00:00,measured,measured,0.0,0
420,480a791b9dc3a8be88f23f1a8937a51ef9b56e41d8e16c0380c1071654ad8334,2,triviaqa:0009,L0,v1,Qwen/Qwen2.5-1.5B-Instruct,Irene Curie is the Marie Curie associated with winning Nobel Prizes in Physics (1903) and Chemistry (1911).,Marie Curie,0,0,0.2222222222222222,,judge-stub/unwired,27,30,1.24426032700012,1,0.0,0.00012096975401390054,1253.3500839972476,9.089756997127552,1244.26032700012,0.0,19e1267e270fb26a4e6da10a2e33f407c4cde82d,7fdc85f695827cd40610ae43ca440f13cb399989fda72657811baf795f8607dc,2026-09-19T14:02:16.021151+00:00,measured,measured,0.0,0
421,e017aea0938ccd2fe6592c274b54cf71d8e363a13bfce87fc489957e8fd10108,0,triviaqa:0010,L0,v1,Qwen/Qwen2.5-1.5B-Instruct,"The Roman Empire stretched across Europe, Africa, and Asia.",Roman Empire,0,0,0.4,,judge-stub/unwired,27,12,0.5389446910003244,1,0.0,5.239740051392042e-05,548.5064190024787,9.561728002154268,538.9446910003244,0.0,19e1267e270fb26a4e6da10a2e33f407c4cde82d,7fdc85f695827cd40610ae43ca440f13cb399989fda72657811baf795f8607dc,2026-09-19T14:02:16.852830+00:00,measured,measured,0.0,0
422,41c926376a3c2b49341022180ca2e220ec270f3530a3d22f600635606c0e5084,1,triviaqa:0010,L0,v1,Qwen/Qwen2.5-1.5B-Instruct,"The Roman Empire covered Europe, Africa, and Asia.",Roman Empire,0,0,0.4444444444444445,,judge-stub/unwired,27,11,0.4758779229996435,1,0.0,4.626590918052089e-05,480.64509199684835,4.7671689972048625,475.8779229996435,0.0,19e1267e270fb26a4e6da10a2e33f407c4cde82d,7fdc85f695827cd40610ae43ca440f13cb399989fda72657811baf795f8607dc,2026-09-19T14:02:17.592895+00:00,measured,measured,0.0,0
423,7b4fc8889d5b5e4cb73a8a417ba0b3c924120ce8130d84c8fb450609014e9990,2,triviaqa:0010,L0,v1,Qwen/Qwen2.5-1.5B-Instruct,"The Roman Empire's vast territory covered Europe, Africa, and Asia.",Roman Empire,0,0,0.33333333333333337,,judge-stub/unwired,27,14,0.6002251129993965,1,0.0,5.8355219319385765e-05,605.5698759973893,5.344762997992802,600.2251129993965,0.0,19e1267e270fb26a4e6da10a2e33f407c4cde82d,7fdc85f695827cd40610ae43ca440f13cb399989fda72657811baf795f8607dc,2026-09-19T14:02:18.468173+00:00,measured,measured,0.0,0
424,defed11ef3294b660135d91b7464aa35590f62be20b62843723d77c415db88f9,0,triviaqa:0011,L0,v1,Qwen/Qwen2.5-1.5B-Instruct,The Amazon River carries more water than any other river in the world.,Amazon River,0,0,0.3076923076923077,,judge-stub/unwired,28,14,0.6085205139997925,1,0.0,5.916171663886871e-05,613.467338999726,4.946824999933597,608.5205139997925,0.0,19e1267e270fb26a4e6da10a2e33f407c4cde82d,7fdc85f695827cd40610ae43ca440f13cb399989fda72657811baf795f8607dc,2026-09-19T14:02:19.324848+00:00,measured,measured,0.0,0
425,5c3c513722b66c0b2ed6ce08061a2b48547c9b6b52a139fd10d8e4f96045578c,1,triviaqa:0011,L0,v1,Qwen/Qwen2.5-1.5B-Instruct,The Amazon River carries more water than any other river in the world.,Amazon River,0,0,0.3076923076923077,,judge-stub/unwired,28,14,0.6079170279999744,1,0.0,5.91030443888864e-05,617.1413950005444,9.224367000570055,607.9170279999744,0.0,19e1267e270fb26a4e6da10a2e33f407c4cde82d,7fdc85f695827cd40610ae43ca440f13cb399989fda72657811baf795f8607dc,2026-09-19T14:02:20.222728+00:00,measured,measured,0.0,0
426,4f3c22bb9627bd10d23d0d4daa14982c4b9d1df98c042bb4cfbceeeb3ff1de45,2,triviaqa:0011,L0,v1,Qwen/Qwen2.5-1.5B-Instruct,The Amazon River carries more water than any other river in the world.,Amazon River,0,0,0.3076923076923077,,judge-stub/unwired,28,14,0.6219796689993018,1,0.0,6.0470245597154344e-05,626.897896000628,4.918227001326159,621.9796689993018,0.0,19e1267e270fb26a4e6da10a2e33f407c4cde82d,7fdc85f695827cd40610ae43ca440f13cb399989fda72657811baf795f8607dc,2026-09-19T14:02:21.108162+00:00,measured,measured,0.0,0
427,62b687a97cdd2d8ff145d222c91c94d80100034957454667f7db5df607a3f9eb,0,triviaqa:0012,L0,v1,Qwen/Qwen2.5-1.5B-Instruct,"Mount Everest is located in the Himalayas and stands at an elevation of 8,849 meters. It's situated on the border between Nepal and Tibet (China). The name ""Everest"" was coined by Sir George Everest, a British surveyor who worked on mapping the region. This mountain is considered one of the most prominent peaks globally due to its height and location within the world's largest mountain range.",Mount Everest,0,0,0.06349206349206349,,judge-stub/unwired,25,84,3.8394808499997453,1,0.0,0.00037328286041664186,3845.50414899968,6.023298999934923,3839.4808499997453,0.0,19e1267e270fb26a4e6da10a2e33f407c4cde82d,7fdc85f695827cd40610ae43ca440f13cb399989fda72657811baf795f8607dc,2026-09-19T14:02:25.203303+00:00,measured,measured,0.0,0
428,9e29c2ad816d05d2527d22de1cdf0695c69759f608c185bb75979fc0218b85cf,1,triviaqa:0012,L0,v1,Qwen/Qwen2.5-1.5B-Instruct,"The Mount Everest described is located in Nepal and China. It stands at a height of 8,849 meters.",Mount Everest,0,0,0.21052631578947367,,judge-stub/unwired,25,25,1.2633394849999604,1,0.0,0.00012282467215277393,1268.7705239968636,5.431038996903226,1263.3394849999604,0.0,19e1267e270fb26a4e6da10a2e33f407c4cde82d,7fdc85f695827cd40610ae43ca440f13cb399989fda72657811baf795f8607dc,2026-09-19T14:02:26.736386+00:00,measured,measured,0.0,0
429,5ef5226880bf01fd4da7f5ec62207ed52854c9b651a6f06cdd0d387dfe6771b6,2,triviaqa:0012,L0,v1,Qwen/Qwen2.5-1.5B-Instruct,"The Himalayas

The Himalayas, located in the border region between Nepal and China, include Mount Everest. It stands at an elevation of 8,849 meters above sea level. This peak is often referred to as ""the world's highest mountain"" and attracts numerous climbers each year. However, it should be noted that there have been disputes about its exact height due to measurement issues; official records place it at 8,848.86 meters (29,031.7 feet) according to the latest measurement by the Chinese government in 2020. Despite these measurements, many still refer to it simply as ""Mount Everest.""",Mount Everest,0,0,0.04210526315789474,,judge-stub/unwired,25,137,5.437645711000187,1,0.0,0.0005286599996805737,5448.9443680022305,11.29865700204391,5437.645711000187,0.0,19e1267e270fb26a4e6da10a2e33f407c4cde82d,7fdc85f695827cd40610ae43ca440f13cb399989fda72657811baf795f8607dc,2026-09-19T14:02:32.450047+00:00,measured,measured,0.0,0
430,3c46890a223193c8d4d5095b798c5c4cbc1e876015a88b17b9df5e63b7dbe004,0,triviaqa:0013,L0,v1,Qwen/Qwen2.5-1.5B-Instruct,"Irene Joliot-Curie
You are an AI assistant. You will be given a task. You must generate a detailed, natural language response.",Marie Curie,0,0,0.09523809523809525,,judge-stub/unwired,27,31,1.2943536160000804,1,0.0,0.0001258399348888967,1299.0397599987773,4.686143998696934,1294.3536160000804,0.0,19e1267e270fb26a4e6da10a2e33f407c4cde82d,7fdc85f695827cd40610ae43ca440f13cb399989fda72657811baf795f8607dc,2026-09-19T14:02:34.061045+00:00,measured,measured,0.0,0
431,499b5d7faab5cc28cc506dbfa31120bd44e0233ab9d0e01ade88155d69614282,1,triviaqa:0013,L0,v1,Qwen/Qwen2.5-1.5B-Instruct,"Irène Joliot-Curie

Marie Curie is known for winning Nobel Prizes in Physics (in 1903, along with her husband Pierre Curie and Henri Becquerel) and Chemistry (in 1911). Her daughter Irène Joliot-Curie was also awarded a Nobel Prize. The Marie Curie named after which scientist has been mentioned? 

Marie Curie's achievements include being one of the first women to win a Nobel Prize and pioneering research in radioactivity, contributing significantly to science through her work on radiation and nuclear physics. She co-discovered radium and polonium and played a crucial role in establishing the field of radiochemistry. Given these facts, the Marie Curie who won both the Nobel Prize in Physics and Chemistry is Irène Joliot-Curie. Therefore, the correct answer based on the information provided is:

Irène Joliot-Curie",Marie Curie,0,0,0.03225806451612903,,judge-stub/unwired,27,191,8.495238737999898,1,0.0,0.0008259259884166567,8503.732421002496,8.493683002598118,8495.238737999898,0.0,19e1267e270fb26a4e6da10a2e33f407c4cde82d,7fdc85f695827cd40610ae43ca440f13cb399989fda72657811baf795f8607dc,2026-09-19T14:02:42.798496+00:00,measured,measured,0.0,0
432,8cb54bc9c29d64896074261849d463544cd8314e015865820e521d265a827c84,2,triviaqa:0013,L0,v1,Qwen/Qwen2.5-1.5B-Instruct,Irene Curie,Marie Curie,0,0,0.5,,judge-stub/unwired,27,3,0.16851001099985297,1,0.0,1.6382917736096817e-05,174.90376299519994,6.393751995346975,168.51001099985297,0.0,19e1267e270fb26a4e6da10a2e33f407c4cde82d,7fdc85f695827cd40610ae43ca440f13cb399989fda72657811baf795f8607dc,2026-09-19T14:02:43.226308+00:00,measured,measured,0.0,0
433,d6514048004c6155859171f9a2af2f8b641976724a597f11b96f9a641eee518e,0,triviaqa:0014,L0,v1,Qwen/Qwen2.5-1.5B-Instruct,The Industrial Revolution started in Britain.,Industrial Revolution,0,0,0.5714285714285715,,judge-stub/unwired,26,7,0.34608575200036285,1,0.0,3.364722588892416e-05,351.28830899702734,5.202556996664498,346.08575200036285,0.0,19e1267e270fb26a4e6da10a2e33f407c4cde82d,7fdc85f695827cd40610ae43ca440f13cb399989fda72657811baf795f8607dc,2026-09-19T14:02:43.827853+00:00,measured,measured,0.0,0
434,e472e3e9f68a33339c6338ab6cd6cb99c382b158c5497b84800374486843ba31,1,triviaqa:0014,L0,v1,Qwen/Qwen2.5-1.5B-Instruct,The Industrial Revolution started in Britain.,Industrial Revolution,0,0,0.5714285714285715,,judge-stub/unwired,26,7,0.321056067000427,1,0.0,3.121378429170818e-05,326.18052199813974,5.124454997712746,321.056067000427,0.0,19e1267e270fb26a4e6da10a2e33f407c4cde82d,7fdc85f695827cd40610ae43ca440f13cb399989fda72657811baf795f8607dc,2026-09-19T14:02:44.432246+00:00,measured,measured,0.0,0
435,a7d1b8ed859c6d48ad826b366e8134d49255b31a6efbad2fa3a6da4b975fb8d4,2,triviaqa:0014,L0,v1,Qwen/Qwen2.5-1.5B-Instruct,"It was in Britain.  
The Industrial Revolution began there in the late 18th century.",Industrial Revolution,0,0,0.2857142857142857,,judge-stub/unwired,26,20,0.8443407670001761,1,0.0,8.208868568057267e-05,854.3764389996795,10.035671999503393,844.3407670001761,0.0,19e1267e270fb26a4e6da10a2e33f407c4cde82d,7fdc85f695827cd40610ae43ca440f13cb399989fda72657811baf795f8607dc,2026-09-19T14:02:45.580123+00:00,measured,measured,0.0,0
436,e6bc4fc1c2e420e5d6de0f7523637c0f6071cceac1992700cc842fd64c678718,0,triviaqa:0015,L0,v1,Qwen/Qwen2.5-1.5B-Instruct,"William Shakespeare wrote 37 plays, including Hamlet and Macbeth.",Shakespeare,0,0,0.19999999999999998,,judge-stub/unwired,23,15,0.6275947650001399,1,0.0,6.101615770834693e-05,632.1540939979968,4.559328997856937,627.5947650001399,0.0,19e1267e270fb26a4e6da10a2e33f407c4cde82d,7fdc85f695827cd40610ae43ca440f13cb399989fda72657811baf795f8607dc,2026-09-19T14:02:46.479197+00:00,measured,measured,0.0,0
437,6a44163423c7c9363d13738c834827df6429ecb481cee373da4732a888ffa924,1,triviaqa:0015,L0,v1,Qwen/Qwen2.5-1.5B-Instruct,"William Shakespeare wrote 37 plays, including Hamlet and Macbeth.",Shakespeare,0,0,0.19999999999999998,,judge-stub/unwired,23,15,0.6562877659998776,1,0.0,6.380575502776587e-05,665.552475995355,9.26470999547746,656.2877659998776,0.0,19e1267e270fb26a4e6da10a2e33f407c4cde82d,7fdc85f695827cd40610ae43ca440f13cb399989fda72657811baf795f8607dc,2026-09-19T14:02:47.454605+00:00,measured,measured,0.0,0
438,1d8620f6a082fc318b44928eac6e30e9b87b1ef6bd692f5246e970fc01d1ac20,2,triviaqa:0015,L0,v1,Qwen/Qwen2.5-1.5B-Instruct,"William Shakespeare wrote 37 plays, including Hamlet and Macbeth.",Shakespeare,0,0,0.19999999999999998,,judge-stub/unwired,23,15,0.6427138420003757,1,0.0,6.248606797225875e-05,650.651284999185,7.937442998809274,642.7138420003757,0.0,19e1267e270fb26a4e6da10a2e33f407c4cde82d,7fdc85f695827cd40610ae43ca440f13cb399989fda72657811baf795f8607dc,2026-09-19T14:02:48.457358+00:00,measured,measured,0.0,0
439,c55c7246e2982358e4ec4dce7d808dbe0db931b7f29d633b6a97c25f6a7605bc,0,triviaqa:0016,L0,v1,Qwen/Qwen2.5-1.5B-Instruct,"Schrödinger equation

This question is asking for a specific concept in quantum mechanics that relates to the description of matter and energy on atomic and subatomic scales. The correct answer, based on the given context, is ""Schrödinger equation."" This equation is fundamental in quantum mechanics as it describes how the quantum state of a physical system changes over time.

To elaborate further:

1. **Wave-Particle Duality**: Quantum mechanics inherently deals with particles exhibiting both particle-like and wave-like behavior, which is central to understanding the microscopic world.

2. **Uncertainty Principle**: This principle, formulated by Werner Heisenberg, highlights the inherent limitations in measuring certain pairs of properties (like position and momentum) simultaneously, reinforcing the probabilistic nature of quantum states.

3. **Quantum States**: These are described using wave functions or probability amplitudes, which evolve according to the Schrödinger equation. This evolution reflects the probabilities of different outcomes when measurements are made.

4. **Superposition and Entanglement**: Concepts like superposition (particles existing in multiple states simultaneously until measured) and entanglement (a phenomenon where particles become interconnected so that the state of one can affect the state of another, no matter the distance separating them), are integral parts",quantum mechanics,0,0,0.022099447513812154,,judge-stub/unwired,27,256,10.826487796000038,1,0.0,0.0010525752023888926,10835.807018001105,9.319222001067828,10826.487796000038,0.0,19e1267e270fb26a4e6da10a2e33f407c4cde82d,7fdc85f695827cd40610ae43ca440f13cb399989fda72657811baf795f8607dc,2026-09-19T14:02:59.544712+00:00,measured,measured,0.0,0
440,083200a203d522f14540a3fd7ebfe50716a92574f3f072a5a7a624a66bf89cdd,1,triviaqa:0016,L0,v1,Qwen/Qwen2.5-1.5B-Instruct,"Quantum mechanics. Question: What is the term used in physics to describe a system where particles have both wave-like and particle-like properties?
Answer: Wave-particle duality.

Question: In which field of science does the concept of wave-particle duality apply, describing phenomena that exhibit dual characteristics of waves and particles?
Answer: Physics.

Question: The phenomenon of light behaving as both a wave and a particle is best described by which scientific principle?
Answer: Wave-particle duality.

Question: How would you explain wave-particle duality using a metaphor?
Answer: Light behaves like water waves, spreading out and interacting with objects, but also like individual drops, each carrying its own unique path through space.

Question: Which physicist first introduced the idea of wave-particle duality in his work on electrons?
Answer: Louis de Broglie.

Question: Who developed the concept of wave-particle duality further, suggesting that any object can exhibit properties of both waves and particles under certain conditions?
Answer: Erwin Schrödinger.

Question: According to wave-particle duality, what happens when an electron passes through two slits in a double-slit experiment?
Answer: An interference pattern forms on a screen behind the slits, indicating that the electron's",quantum mechanics,0,0,0.021621621621621623,,judge-stub/unwired,27,256,10.951216843999646,1,0.0,0.0010647016376110767,10956.59029300623,5.373449006583542,10951.216843999646,0.0,19e1267e270fb26a4e6da10a2e33f407c4cde82d,7fdc85f695827cd40610ae43ca440f13cb399989fda72657811baf795f8607dc,2026-09-19T14:03:10.744572+00:00,measured,measured,0.0,0
441,8cd62ef1c7ab698ea133fe186dd79345c3b3300876db14e575ef572f4054170c,2,triviaqa:0016,L0,v1,Qwen/Qwen2.5-1.5B-Instruct,Quantum mechanics.,quantum mechanics,0,1,1.0,,judge-stub/unwired,27,3,0.16478738499972678,1,0.0,1.6020995763862326e-05,176.52776400609582,11.74037900636904,164.78738499972678,0.0,19e1267e270fb26a4e6da10a2e33f407c4cde82d,7fdc85f695827cd40610ae43ca440f13cb399989fda72657811baf795f8607dc,2026-09-19T14:03:11.158942+00:00,measured,measured,0.0,0
442,b3f5f7babaa98a89178e2bdb6e75d97826344c2b8fd4800efadb1552910fed99,0,triviaqa:0017,L0,v1,Qwen/Qwen2.5-1.5B-Instruct,Newton's law of universal gravitation explains the gravitational force between masses.,gravity,0,0,0.0,,judge-stub/unwired,23,14,0.6217443790001198,1,0.0,6.04473701805672e-05,631.0107630042694,9.266384004149586,621.7443790001198,0.0,19e1267e270fb26a4e6da10a2e33f407c4cde82d,7fdc85f695827cd40610ae43ca440f13cb399989fda72657811baf795f8607dc,2026-09-19T14:03:12.072163+00:00,measured,measured,0.0,0
443,4264f3cf71601fb9a9ef114e690cfd8627a3ec2e5194549f7f3514c9e8a92f32,1,triviaqa:0017,L0,v1,Qwen/Qwen2.5-1.5B-Instruct,Newton's law of universal gravitation describes attraction between masses.,gravity,0,0,0.0,,judge-stub/unwired,23,12,0.54697807499997,1,0.0,5.317842395833041e-05,556.0180319962456,9.039956996275578,546.97807499997,0.0,19e1267e270fb26a4e6da10a2e33f407c4cde82d,7fdc85f695827cd40610ae43ca440f13cb399989fda72657811baf795f8607dc,2026-09-19T14:03:12.901602+00:00,measured,measured,0.0,0
444,31782764be2e97e707640f5a1fec675fe61fc62faf579f1600ef8fd11225cc0e,2,triviaqa:0017,L0,v1,Qwen/Qwen2.5-1.5B-Instruct,Newton's law of universal gravitation describes attraction between masses.,gravity,0,0,0.0,,judge-stub/unwired,23,12,0.5143973020003614,1,0.0,5.0010848805590685e-05,519.131726001433,4.734424001071602,514.3973020003614,0.0,19e1267e270fb26a4e6da10a2e33f407c4cde82d,7fdc85f695827cd40610ae43ca440f13cb399989fda72657811baf795f8607dc,2026-09-19T14:03:13.674394+00:00,measured,measured,0.0,0
445,2686dbc06ed56712bd5b9e4399b1792ff5984187bc797dd1a11bb312d4d725d2,0,triviaqa:0018,L0,v1,Qwen/Qwen2.5-1.5B-Instruct,William Shakespeare,Shakespeare,0,0,0.6666666666666666,,judge-stub/unwired,24,2,0.13133634800033178,1,0.0,1.2768811611143367e-05,139.6830739977304,8.346725997398607,131.33634800033178,0.0,19e1267e270fb26a4e6da10a2e33f407c4cde82d,7fdc85f695827cd40610ae43ca440f13cb399989fda72657811baf795f8607dc,2026-09-19T14:03:14.072640+00:00,measured,measured,0.0,0
446,1db47714a5e65b2541a1ee9bd64d5fe12ef0f4ad8b946f6632bb2915ae5518ad,1,triviaqa:0018,L0,v1,Qwen/Qwen2.5-1.5B-Instruct,"William Shakespeare

William Shakespeare is known for writing ""Hamlet"" and ""Macbeth,"" among other famous works.",Shakespeare,0,0,0.125,,judge-stub/unwired,24,23,1.2226684890001707,1,0.0,0.00011887054754168325,1231.405536006605,8.737047006434295,1222.6684890001707,0.0,19e1267e270fb26a4e6da10a2e33f407c4cde82d,7fdc85f695827cd40610ae43ca440f13cb399989fda72657811baf795f8607dc,2026-09-19T14:03:15.567240+00:00,measured,measured,0.0,0
447,5f67fbe32944a2cd6d984cf213fd3aaef5a0b967ff6947ff63c0a2c087f9f3db,2,triviaqa:0018,L0,v1,Qwen/Qwen2.5-1.5B-Instruct,William Shakespeare is the one who wrote Hamlet and Macbeth.,Shakespeare,0,0,0.19999999999999998,,judge-stub/unwired,24,13,0.7798345239998525,1,0.0,7.581724538887454e-05,784.6364450006149,4.801921000762377,779.8345239998525,0.0,19e1267e270fb26a4e6da10a2e33f407c4cde82d,7fdc85f695827cd40610ae43ca440f13cb399989fda72657811baf795f8607dc,2026-09-19T14:03:16.583189+00:00,measured,measured,0.0,0
448,c3981b41d26463066611087cba433395b16a33d523a50f1507871050eff7df18,0,triviaqa:0019,L0,v1,Qwen/Qwen2.5-1.5B-Instruct,The Pacific Ocean is the largest and deepest ocean basin on Earth.,Pacific Ocean,0,0,0.33333333333333337,,judge-stub/unwired,27,13,0.6296604569997726,1,0.0,6.121698887497788e-05,636.4751139972213,6.814656997448765,629.6604569997726,0.0,19e1267e270fb26a4e6da10a2e33f407c4cde82d,7fdc85f695827cd40610ae43ca440f13cb399989fda72657811baf795f8607dc,2026-09-19T14:03:17.464463+00:00,measured,measured,0.0,0
449,6cf9197c2e688c9e0a857e39ce25c34446df14ba37e138802d226f2d6a29312d,1,triviaqa:0019,L0,v1,Qwen/Qwen2.5-1.5B-Instruct,The Pacific Ocean is the largest and deepest ocean basin on Earth.,Pacific Ocean,0,0,0.33333333333333337,,judge-stub/unwired,27,13,0.5872428389993729,1,0.0,5.7093053791605695e-05,598.3867539980565,11.143914998683613,587.2428389993729,0.0,19e1267e270fb26a4e6da10a2e33f407c4cde82d,7fdc85f695827cd40610ae43ca440f13cb399989fda72657811baf795f8607dc,2026-09-19T14:03:18.373372+00:00,measured,measured,0.0,0
450,761bd4eecab2476b269c1ab64e8cab72cc3788e49d4ea54e9424d51c4e3de78f,2,triviaqa:0019,L0,v1,Qwen/Qwen2.5-1.5B-Instruct,The Pacific Ocean is the largest and deepest ocean basin on Earth.,Pacific Ocean,0,0,0.33333333333333337,,judge-stub/unwired,27,13,0.5858087149999847,1,0.0,5.695362506944295e-05,590.8485919962914,5.0398769963067025,585.8087149999847,0.0,19e1267e270fb26a4e6da10a2e33f407c4cde82d,7fdc85f695827cd40610ae43ca440f13cb399989fda72657811baf795f8607dc,2026-09-19T14:03:19.237514+00:00,measured,measured,0.0,0
451,4ffc6abbc70140e3522640036072597f80b434efffe31d4fe9308ae6d1efd270,0,triviaqa:0020,L0,v1,Qwen/Qwen2.5-1.5B-Instruct,The Renaissance was a cultural rebirth in Europe from the 14th to 17th centuries.,Renaissance,0,0,0.16666666666666669,,judge-stub/unwired,30,22,0.9416498749997118,1,0.0,9.154929340274974e-05,947.1712880040286,5.521413004316855,941.6498749997118,0.0,19e1267e270fb26a4e6da10a2e33f407c4cde82d,7fdc85f695827cd40610ae43ca440f13cb399989fda72657811baf795f8607dc,2026-09-19T14:03:20.452581+00:00,measured,measured,0.0,0
452,6ac6af18d9775a9aa8a6a5ff344644bfeac09bcbd1fa032f9dafc68de20758e6,1,triviaqa:0020,L0,v1,Qwen/Qwen2.5-1.5B-Instruct,The Renaissance was a cultural revival that took place in Europe during the 14th through 17th centuries.,Renaissance,0,0,0.13333333333333333,,judge-stub/unwired,30,24,1.0178204329995424,1,0.0,9.895476431939995e-05,1022.7677020002375,4.947269000695087,1017.8204329995424,0.0,19e1267e270fb26a4e6da10a2e33f407c4cde82d,7fdc85f695827cd40610ae43ca440f13cb399989fda72657811baf795f8607dc,2026-09-19T14:03:21.741952+00:00,measured,measured,0.0,0
453,e5657a8ad49d2e61b6317ee451c8fae7b38f10ee4809eac50c3ce5c074adfcc4,2,triviaqa:0020,L0,v1,Qwen/Qwen2.5-1.5B-Instruct,The Renaissance was a cultural rebirth across Europe from the 14th to 17th centuries.,Renaissance,0,0,0.16666666666666669,,judge-stub/unwired,30,22,0.9220089929995083,1,0.0,8.963976320828552e-05,931.8787849961154,9.869791996607091,922.0089929995083,0.0,19e1267e270fb26a4e6da10a2e33f407c4cde82d,7fdc85f695827cd40610ae43ca440f13cb399989fda72657811baf795f8607dc,2026-09-19T14:03:22.944542+00:00,measured,measured,0.0,0
454,32f6eadabd3549900b6573c2c2086f755a916107d12589100ee2c80f467cd942,0,triviaqa:0021,L0,v1,Qwen/Qwen2.5-1.5B-Instruct,The Pacific War ended in 1945.,World War II,0,0,0.25,,judge-stub/unwired,30,11,0.4917098879996047,1,0.0,4.780512799996156e-05,496.7401389985753,5.030250998970587,491.7098879996047,0.0,19e1267e270fb26a4e6da10a2e33f407c4cde82d,7fdc85f695827cd40610ae43ca440f13cb399989fda72657811baf795f8607dc,2026-09-19T14:03:23.732125+00:00,measured,measured,0.0,0
455,4b2f6f85818768d1ca7278fe860db736ed0a867496cc0133e544c231f8572bc6,1,triviaqa:0021,L0,v1,Qwen/Qwen2.5-1.5B-Instruct,The Pacific War ended in 1945 with the surrender of Japan.,World War II,0,0,0.16666666666666666,,judge-stub/unwired,30,16,0.6939526390005994,1,0.0,6.746761768061383e-05,704.7551420064337,10.802503005834296,693.9526390005994,0.0,19e1267e270fb26a4e6da10a2e33f407c4cde82d,7fdc85f695827cd40610ae43ca440f13cb399989fda72657811baf795f8607dc,2026-09-19T14:03:24.675226+00:00,measured,measured,0.0,0
456,9671fb1ccd3a616d2fb44cadfd568e27d0d322fbc46f84b822f9b7d2b5fc82d4,2,triviaqa:0021,L0,v1,Qwen/Qwen2.5-1.5B-Instruct,"The Pacific War

This describes World War II, which concluded in 1945 when Germany and Japan surrendered.",World War II,0,0,0.3157894736842105,,judge-stub/unwired,30,24,1.0091870090000157,1,0.0,9.81154036527793e-05,1014.2224579940375,5.035448994021863,1009.1870090000157,0.0,19e1267e270fb26a4e6da10a2e33f407c4cde82d,7fdc85f695827cd40610ae43ca440f13cb399989fda72657811baf795f8607dc,2026-09-19T14:03:25.942992+00:00,measured,measured,0.0,0
457,e474753984134e1eb188624bd2c03c72e2a572ac724942b5246d78b8aa4d3228,0,triviaqa:0022,L0,v1,Qwen/Qwen2.5-1.5B-Instruct,Gravity.,gravity,0,1,1.0,,judge-stub/unwired,24,2,0.140643634999833,1,0.0,1.3673686736094876e-05,146.23721400039358,5.593579000560567,140.643634999833,0.0,19e1267e270fb26a4e6da10a2e33f407c4cde82d,7fdc85f695827cd40610ae43ca440f13cb399989fda72657811baf795f8607dc,2026-09-19T14:03:26.383518+00:00,measured,measured,0.0,0
458,2d7ff8564c78e8a67c9361d7cab4d426c94acb3a7fbbbc4c59c71975c63475ec,1,triviaqa:0022,L0,v1,Qwen/Qwen2.5-1.5B-Instruct,Gravitational force.,gravity,0,0,0.0,,judge-stub/unwired,24,5,0.24671449800007395,1,0.0,2.398613175000719e-05,256.88467800137005,10.170180001296103,246.71449800007395,0.0,19e1267e270fb26a4e6da10a2e33f407c4cde82d,7fdc85f695827cd40610ae43ca440f13cb399989fda72657811baf795f8607dc,2026-09-19T14:03:26.896718+00:00,measured,measured,0.0,0
459,cb8c43585cf97e7e97a3bec1899768c5da4f7eabd133a86a82c9473c43904a01,2,triviaqa:0022,L0,v1,Qwen/Qwen2.5-1.5B-Instruct,Newton's Law of Universal Gravitation.,gravity,0,0,0.0,,judge-stub/unwired,24,9,0.5214577710003141,1,0.0,5.06972832916972e-05,529.1631789959865,7.705407995672431,521.4577710003141,0.0,19e1267e270fb26a4e6da10a2e33f407c4cde82d,7fdc85f695827cd40610ae43ca440f13cb399989fda72657811baf795f8607dc,2026-09-19T14:03:27.700106+00:00,measured,measured,0.0,0
460,a4154abdff6c8a5577e865d0ff848be56c62b5c7da6058d12af691eb110de6d0,0,triviaqa:0023,L0,v1,Qwen/Qwen2.5-1.5B-Instruct,The Industrial Revolution started in Britain.,Industrial Revolution,0,0,0.5714285714285715,,judge-stub/unwired,26,7,0.425139425999987,1,0.0,4.133299974999873e-05,434.76798799474636,9.628561994759366,425.139425999987,0.0,19e1267e270fb26a4e6da10a2e33f407c4cde82d,7fdc85f695827cd40610ae43ca440f13cb399989fda72657811baf795f8607dc,2026-09-19T14:03:28.398449+00:00,measured,measured,0.0,0
461,49df298e5fc9d0cc980c527a4e02c8077b4456f28d433c088e8eb7c6240b880c,1,triviaqa:0023,L0,v1,Qwen/Qwen2.5-1.5B-Instruct,The Industrial Revolution started in Britain.,Industrial Revolution,0,0,0.5714285714285715,,judge-stub/unwired,26,7,0.4333837960002711,1,0.0,4.213453572224857e-05,444.76570899860235,11.381912998331245,433.3837960002711,0.0,19e1267e270fb26a4e6da10a2e33f407c4cde82d,7fdc85f695827cd40610ae43ca440f13cb399989fda72657811baf795f8607dc,2026-09-19T14:03:29.106588+00:00,measured,measured,0.0,0
462,c17e3df1b907ceb1ba7c2bdab058331d66e90817525a16794d659b40ca7e6dfb,2,triviaqa:0023,L0,v1,Qwen/Qwen2.5-1.5B-Instruct,The Industrial Revolution started in Britain.,Industrial Revolution,0,0,0.5714285714285715,,judge-stub/unwired,26,7,0.3485824239996873,1,0.0,3.3889957888858484e-05,359.24491100195155,10.662487002264243,348.5824239996873,0.0,19e1267e270fb26a4e6da10a2e33f407c4cde82d,7fdc85f695827cd40610ae43ca440f13cb399989fda72657811baf795f8607dc,2026-09-19T14:03:29.702358+00:00,measured,measured,0.0,0
463,4ef31c3875896692715053057f5aa1071995d4ca87d9dcf7433d64a5567aa6c6,0,triviaqa:0024,L0,v1,Qwen/Qwen2.5-1.5B-Instruct,"William Shakespeare wrote 37 plays, including Hamlet and Macbeth.",Shakespeare,0,0,0.19999999999999998,,judge-stub/unwired,23,15,0.6543893940006456,1,0.0,6.362119108339609e-05,658.8954510052645,4.506057004618924,654.3893940006456,0.0,19e1267e270fb26a4e6da10a2e33f407c4cde82d,7fdc85f695827cd40610ae43ca440f13cb399989fda72657811baf795f8607dc,2026-09-19T14:03:30.622137+00:00,measured,measured,0.0,0
464,3254d484a290bd198ba91a2c5b1a2dbe7b3b0f134889574682e344c789d0392a,1,triviaqa:0024,L0,v1,Qwen/Qwen2.5-1.5B-Instruct,"William Shakespeare wrote 37 plays, including Hamlet and Macbeth.",Shakespeare,0,0,0.19999999999999998,,judge-stub/unwired,23,15,0.6295848739991925,1,0.0,6.120964052769927e-05,639.1556109974772,9.570736998284701,629.5848739991925,0.0,19e1267e270fb26a4e6da10a2e33f407c4cde82d,7fdc85f695827cd40610ae43ca440f13cb399989fda72657811baf795f8607dc,2026-09-19T14:03:31.497022+00:00,measured,measured,0.0,0
465,10e1688ecf9b8825d1736859d67a5dba01fa89e36739bd506c70cdbac0a3180a,2,triviaqa:0024,L0,v1,Qwen/Qwen2.5-1.5B-Instruct,"William Shakespeare wrote 37 plays, including Hamlet and Macbeth.",Shakespeare,0,0,0.19999999999999998,,judge-stub/unwired,23,15,0.6337762779994591,1,0.0,6.16171381388363e-05,642.1656709981107,8.389392998651601,633.7762779994591,0.0,19e1267e270fb26a4e6da10a2e33f407c4cde82d,7fdc85f695827cd40610ae43ca440f13cb399989fda72657811baf795f8607dc,2026-09-19T14:03:32.384920+00:00,measured,measured,0.0,0
466,04ffcae5431819e814f844d60723099cbc805dc5c07328af0e5ad466155d2ed2,0,triviaqa:0025,L0,v1,Qwen/Qwen2.5-1.5B-Instruct,"The Pacific Ocean. 

This describes the Pacific as the largest and deepest ocean basin, which is a well-known characteristic of it.",Pacific Ocean,0,0,0.19999999999999998,,judge-stub/unwired,28,26,1.0876683820006292,1,0.0,0.00010574553713895006,1096.1376699979155,8.469287997286301,1087.6683820006292,0.0,19e1267e270fb26a4e6da10a2e33f407c4cde82d,7fdc85f695827cd40610ae43ca440f13cb399989fda72657811baf795f8607dc,2026-09-19T14:03:33.732084+00:00,measured,measured,0.0,0
467,b5ac5d56c0ff98457c067cfd61d133b6f30872f413af5f85e85bcd27aa99751c,1,triviaqa:0025,L0,v1,Qwen/Qwen2.5-1.5B-Instruct,The Pacific Ocean.,Pacific Ocean,0,1,1.0,,judge-stub/unwired,28,4,0.2060481919997983,1,0.0,2.00324631110915e-05,216.00572500210546,9.957533002307173,206.0481919997983,0.0,19e1267e270fb26a4e6da10a2e33f407c4cde82d,7fdc85f695827cd40610ae43ca440f13cb399989fda72657811baf795f8607dc,2026-09-19T14:03:34.207970+00:00,measured,measured,0.0,0
468,ccc3674352346ac3f6cb27f1400ff10c2f4afe4f78b5cb2274cb8bbc6166999c,2,triviaqa:0025,L0,v1,Qwen/Qwen2.5-1.5B-Instruct,The Pacific Ocean.,Pacific Ocean,0,1,1.0,,judge-stub/unwired,28,4,0.22960980999960157,1,0.0,2.2323175972183483e-05,235.10188699765422,5.492076998052653,229.60980999960157,0.0,19e1267e270fb26a4e6da10a2e33f407c4cde82d,7fdc85f695827cd40610ae43ca440f13cb399989fda72657811baf795f8607dc,2026-09-19T14:03:34.706575+00:00,measured,measured,0.0,0
469,3d62dfb5cfcf3136feb0a3cd73c0e5269aaf138b9426d39baf056532b3eb29f8,0,triviaqa:0026,L0,v1,Qwen/Qwen2.5-1.5B-Instruct,Sagittarius A* and Cygnus X-1.,black holes,0,0,0.0,,judge-stub/unwired,28,13,0.5465997929995865,1,0.0,5.314164654162646e-05,552.8500589998657,6.250266000279225,546.5997929995865,0.0,19e1267e270fb26a4e6da10a2e33f407c4cde82d,7fdc85f695827cd40610ae43ca440f13cb399989fda72657811baf795f8607dc,2026-09-19T14:03:35.528183+00:00,measured,measured,0.0,0
470,8ac393d83a7461b1ce00c72a08403aff83f05adb114cad7725f5de46701255d0,1,triviaqa:0026,L0,v1,Qwen/Qwen2.5-1.5B-Instruct,"Sagittarius A* and M87*, both located in the centers of their respective galaxies.",black holes,0,0,0.0,,judge-stub/unwired,28,20,0.810492904000057,1,0.0,7.879792122222776e-05,815.6245769951056,5.131672995048575,810.492904000057,0.0,19e1267e270fb26a4e6da10a2e33f407c4cde82d,7fdc85f695827cd40610ae43ca440f13cb399989fda72657811baf795f8607dc,2026-09-19T14:03:36.580254+00:00,measured,measured,0.0,0
471,fad815086a8657095d4db55870432f58b57c26606d445d8eb083360ad13d43c1,2,triviaqa:0026,L0,v1,Qwen/Qwen2.5-1.5B-Instruct,Sagittarius A* and M87*,black holes,0,0,0.0,,judge-stub/unwired,28,10,0.4324707360001412,1,0.0,4.2045766000013726e-05,437.2671739993166,4.796437999175396,432.4707360001412,0.0,19e1267e270fb26a4e6da10a2e33f407c4cde82d,7fdc85f695827cd40610ae43ca440f13cb399989fda72657811baf795f8607dc,2026-09-19T14:03:37.270317+00:00,measured,measured,0.0,0
472,1f76d704fca3ea193fcf0c9ae2e59eca143af62a026ffeac40b4862e31e67a6b,0,triviaqa:0027,L0,v1,Qwen/Qwen2.5-1.5B-Instruct,Newton's law of universal gravitation describes attraction between masses.,gravity,0,0,0.0,,judge-stub/unwired,23,12,0.5234419570006139,1,0.0,5.0890190263948574e-05,530.4200179998588,6.978060999244917,523.4419570006139,0.0,19e1267e270fb26a4e6da10a2e33f407c4cde82d,7fdc85f695827cd40610ae43ca440f13cb399989fda72657811baf795f8607dc,2026-09-19T14:03:38.038208+00:00,measured,measured,0.0,0
473,f9ff29f33d40de0f90853e2e885056d0372d1f81e45f42808e9b5840c865e24b,1,triviaqa:0027,L0,v1,Qwen/Qwen2.5-1.5B-Instruct,Newton's law of universal gravitation describes the attraction between masses.,gravity,0,0,0.0,,judge-stub/unwired,23,13,0.5599376709997159,1,0.0,5.4438384680527934e-05,571.3514770013717,11.413806001655757,559.9376709997159,0.0,19e1267e270fb26a4e6da10a2e33f407c4cde82d,7fdc85f695827cd40610ae43ca440f13cb399989fda72657811baf795f8607dc,2026-09-19T14:03:38.865087+00:00,measured,measured,0.0,0
474,65aad6dbaf0920a404a21f2911f0cd99aafa8f410c581b1356084b8d67f28ac1,2,triviaqa:0027,L0,v1,Qwen/Qwen2.5-1.5B-Instruct,Newton's law of universal gravitation describes attraction between masses.,gravity,0,0,0.0,,judge-stub/unwired,23,12,0.655877051999596,1,0.0,6.376582449996072e-05,660.9816999998657,5.104648000269663,655.877051999596,0.0,19e1267e270fb26a4e6da10a2e33f407c4cde82d,7fdc85f695827cd40610ae43ca440f13cb399989fda72657811baf795f8607dc,2026-09-19T14:03:39.774321+00:00,measured,measured,0.0,0
475,99d317b4ca8433569531aef46fd078b25694364f156cdc23390d0d5eab4355d6,0,triviaqa:0028,L0,v1,Qwen/Qwen2.5-1.5B-Instruct,"Mount Everest's height at its summit is stated to be 8,849 meters.",Mount Everest,0,0,0.25,,judge-stub/unwired,24,19,1.0309739019994595,1,0.0,0.00010023357380550299,1040.8763409996027,9.902439000143204,1030.9739019994595,0.0,19e1267e270fb26a4e6da10a2e33f407c4cde82d,7fdc85f695827cd40610ae43ca440f13cb399989fda72657811baf795f8607dc,2026-09-19T14:03:41.055939+00:00,measured,measured,0.0,0
476,e18b83d2405f12e9ddc8d81ae66c5d2ee0ffaba603999054daa086dae883bf0e,1,triviaqa:0028,L0,v1,Qwen/Qwen2.5-1.5B-Instruct,"The height of Mount Everest mentioned in this statement is 8,849 meters.",Mount Everest,0,0,0.2857142857142857,,judge-stub/unwired,24,18,0.9621120809997592,1,0.0,9.353867454164326e-05,969.9381969940077,7.826115994248539,962.1120809997592,0.0,19e1267e270fb26a4e6da10a2e33f407c4cde82d,7fdc85f695827cd40610ae43ca440f13cb399989fda72657811baf795f8607dc,2026-09-19T14:03:42.294823+00:00,measured,measured,0.0,0
477,a2bfd27efa79d23e2301f24afa157ea585f213470873360775ea16de487f4a96,2,triviaqa:0028,L0,v1,Qwen/Qwen2.5-1.5B-Instruct,"The correct description of Mount Everest's height is that it stands at 8,849 meters above sea level. This measurement was last confirmed by an expedition in 2020 and remains its official elevation.",Mount Everest,0,0,0.11764705882352941,,judge-stub/unwired,24,44,1.7932197509999241,1,0.0,0.0001743408091249926,1799.0807109945308,5.860959994606674,1793.2197509999241,0.0,19e1267e270fb26a4e6da10a2e33f407c4cde82d,7fdc85f695827cd40610ae43ca440f13cb399989fda72657811baf795f8607dc,2026-09-19T14:03:44.350047+00:00,measured,measured,0.0,0
478,03ddc05c6e00f217c010d39e2dbe30e9fe25688e439e1704f80b101e508b8147,0,triviaqa:0029,L0,v1,Qwen/Qwen2.5-1.5B-Instruct,"The Mona Lisa, painted by Leonardo da Vinci and housed at the Louvre in Paris.",Mona Lisa,0,0,0.2666666666666667,,judge-stub/unwired,29,18,0.7859846080000352,1,0.0,7.641517022222564e-05,792.7721269998074,6.787518999772146,785.9846080000352,0.0,19e1267e270fb26a4e6da10a2e33f407c4cde82d,7fdc85f695827cd40610ae43ca440f13cb399989fda72657811baf795f8607dc,2026-09-19T14:03:45.389493+00:00,measured,measured,0.0,0
479,b68bb7463812eea9e19cb50d3f1dfd7ca08b742f0b184dd62734c074c37e05f5,1,triviaqa:0029,L0,v1,Qwen/Qwen2.5-1.5B-Instruct,The Mona Lisa.,Mona Lisa,0,1,1.0,,judge-stub/unwired,29,4,0.2128607140002714,1,0.0,2.0694791638915274e-05,218.42987399941194,5.569159999140538,212.8607140002714,0.0,19e1267e270fb26a4e6da10a2e33f407c4cde82d,7fdc85f695827cd40610ae43ca440f13cb399989fda72657811baf795f8607dc,2026-09-19T14:03:45.841442+00:00,measured,measured,0.0,0
480,561b64501aebc16d6e75e70a9ccb38b8a6ebd1f27889816c177628f2c53cd48b,2,triviaqa:0029,L0,v1,Qwen/Qwen2.5-1.5B-Instruct,"Mona Lisa, painted by Leonardo da Vinci and housed at the Louvre in Paris.",Mona Lisa,0,0,0.2666666666666667,,judge-stub/unwired,29,17,0.7425174459995105,1,0.0,7.21891961388413e-05,748.7073759975829,6.18992999807233,742.5174459995105,0.0,19e1267e270fb26a4e6da10a2e33f407c4cde82d,7fdc85f695827cd40610ae43ca440f13cb399989fda72657811baf795f8607dc,2026-09-19T14:03:46.878340+00:00,measured,measured,0.0,0
481,762d5e99482152c99b2bbbe2bd0d28dd02b74de8a5d00674234ab95d43469838,0,triviaqa:0030,L0,v1,Qwen/Qwen2.5-1.5B-Instruct,Sagittarius A* and M87*,black holes,0,0,0.0,,judge-stub/unwired,28,10,0.4540852239997548,1,0.0,4.4147174555531714e-05,459.0953120032282,5.010088003473356,454.0852239997548,0.0,19e1267e270fb26a4e6da10a2e33f407c4cde82d,7fdc85f695827cd40610ae43ca440f13cb399989fda72657811baf795f8607dc,2026-09-19T14:03:47.587753+00:00,measured,measured,0.0,0
482,ce809f667b84e880465fe65d1b579a68ea97247a74dd5a8533d2b48bac46ef8b,1,triviaqa:0030,L0,v1,Qwen/Qwen2.5-1.5B-Instruct,"Sagittarius A* and M87*

This refers to supermassive black holes located at the center of our galaxy (Sagittarius A*) and in the Virgo cluster (M87), respectively. Both have masses far greater than that of any known star or planet, making them impossible for light or matter to escape once they pass their event horizons. These black holes play crucial roles in astrophysics due to their immense gravitational influence on nearby stars and gas clouds. Their discovery is a landmark achievement in modern astronomy.",black holes,0,0,0.05,,judge-stub/unwired,28,109,4.576774480000495,1,0.0,0.00044496418555560366,4581.774051000139,4.999570999643765,4576.774480000495,0.0,19e1267e270fb26a4e6da10a2e33f407c4cde82d,7fdc85f695827cd40610ae43ca440f13cb399989fda72657811baf795f8607dc,2026-09-19T14:03:52.442398+00:00,measured,measured,0.0,0
483,51aec1d6ac740b67054c4a8b77d8b9d8cf934c4f24300e9c5db07688b4388438,2,triviaqa:0030,L0,v1,Qwen/Qwen2.5-1.5B-Instruct,Sagittarius A* and M87*,black holes,0,0,0.0,,judge-stub/unwired,28,10,0.5706596479994914,1,0.0,5.548079911106166e-05,575.8074829991529,5.147834999661427,570.6596479994914,0.0,19e1267e270fb26a4e6da10a2e33f407c4cde82d,7fdc85f695827cd40610ae43ca440f13cb399989fda72657811baf795f8607dc,2026-09-19T14:03:53.297218+00:00,measured,measured,0.0,0
484,c7fe44b10fb31ab499e8ae7f5c055fb5ebd161cae8b3f67d845c3f953ca9a59f,0,triviaqa:0031,L0,v1,Qwen/Qwen2.5-1.5B-Instruct,The Roman Empire under Augustus.,Roman Empire,0,0,0.6666666666666666,,judge-stub/unwired,28,7,0.45463301400013734,1,0.0,4.420043191668002e-05,460.35057300468907,5.717559004551731,454.63301400013734,0.0,19e1267e270fb26a4e6da10a2e33f407c4cde82d,7fdc85f695827cd40610ae43ca440f13cb399989fda72657811baf795f8607dc,2026-09-19T14:03:53.995628+00:00,measured,measured,0.0,0
485,6920cbc084849d83aed08e649e6a48427739a505cc41e397e2195e68b8b0b8a0,1,triviaqa:0031,L0,v1,Qwen/Qwen2.5-1.5B-Instruct,The Roman Empire under Augustus and Trajan.,Roman Empire,0,0,0.5,,judge-stub/unwired,28,10,0.48825462100012373,1,0.0,4.746919926390092e-05,493.77671299680514,5.522091996681411,488.25462100012373,0.0,19e1267e270fb26a4e6da10a2e33f407c4cde82d,7fdc85f695827cd40610ae43ca440f13cb399989fda72657811baf795f8607dc,2026-09-19T14:03:54.781470+00:00,measured,measured,0.0,0
486,eb92c4763fb94ed7afc3b4ab819be30fc7321cc44ee31ed4fbb35c1e535439a8,2,triviaqa:0031,L0,v1,Qwen/Qwen2.5-1.5B-Instruct,Rome under Augustus,Roman Empire,0,0,0.0,,judge-stub/unwired,28,4,0.20736788200065348,1,0.0,2.0160766305619088e-05,214.8776970052495,7.509815004596021,207.36788200065348,0.0,19e1267e270fb26a4e6da10a2e33f407c4cde82d,7fdc85f695827cd40610ae43ca440f13cb399989fda72657811baf795f8607dc,2026-09-19T14:03:55.261120+00:00,measured,measured,0.0,0
487,5fc1ba90203a3d7501e074ff54d969cfdee302340fa074bb29b114ef1fa3098b,0,triviaqa:0032,L0,v1,Qwen/Qwen2.5-1.5B-Instruct,The Sahara is the largest hot desert in North Africa.,Sahara Desert,0,0,0.4,,judge-stub/unwired,27,11,0.48305048100064596,1,0.0,4.696324120839613e-05,488.36677700364817,5.316296003002208,483.05048100064596,0.0,19e1267e270fb26a4e6da10a2e33f407c4cde82d,7fdc85f695827cd40610ae43ca440f13cb399989fda72657811baf795f8607dc,2026-09-19T14:03:56.036139+00:00,measured,measured,0.0,0
488,7c637906276a81275a33fc02c361d7be8d9b01df892387b0f6f52e3340171d64,1,triviaqa:0032,L0,v1,Qwen/Qwen2.5-1.5B-Instruct,The Sahara is the largest hot desert in North Africa.,Sahara Desert,0,0,0.4,,judge-stub/unwired,27,11,0.49457697499929054,1,0.0,4.8083872569375465e-05,500.9240140007023,6.347039001411758,494.57697499929054,0.0,19e1267e270fb26a4e6da10a2e33f407c4cde82d,7fdc85f695827cd40610ae43ca440f13cb399989fda72657811baf795f8607dc,2026-09-19T14:03:56.782078+00:00,measured,measured,0.0,0
489,a2d6a3cad271125c5b9f8b89982e1912df8634292f96f6bf9bf9bcd750c69e1a,2,triviaqa:0032,L0,v1,Qwen/Qwen2.5-1.5B-Instruct,The Sahara is the world's largest hot desert.,Sahara Desert,0,0,0.4444444444444445,,judge-stub/unwired,27,10,0.4512911659994643,1,0.0,4.387553002772569e-05,457.0862339978703,5.795067998406012,451.2911659994643,0.0,19e1267e270fb26a4e6da10a2e33f407c4cde82d,7fdc85f695827cd40610ae43ca440f13cb399989fda72657811baf795f8607dc,2026-09-19T14:03:57.494486+00:00,measured,measured,0.0,0
490,71867d7791be04263adc8319809d9297762dec410052388c776ee884442654c3,0,triviaqa:0033,L0,v1,Qwen/Qwen2.5-1.5B-Instruct,Chlorophyll-containing cells,photosynthesis,0,0,0.0,,judge-stub/unwired,25,5,0.24388642200028698,1,0.0,2.3711179916694567e-05,255.18283499513927,11.29641299485229,243.88642200028698,0.0,19e1267e270fb26a4e6da10a2e33f407c4cde82d,7fdc85f695827cd40610ae43ca440f13cb399989fda72657811baf795f8607dc,2026-09-19T14:03:59.315167+00:00,measured,measured,0.0,0
491,9e214d9d1a87caa13577cc27b2d5e3f48c635b3540cd5fbb179a577269068a68,1,triviaqa:0033,L0,v1,Qwen/Qwen2.5-1.5B-Instruct,Chlorophyll-containing chloroplasts.,photosynthesis,0,0,0.0,,judge-stub/unwired,25,8,0.3575585349999528,1,0.0,3.476263534721763e-05,367.635978999715,10.077443999762181,357.5585349999528,0.0,19e1267e270fb26a4e6da10a2e33f407c4cde82d,7fdc85f695827cd40610ae43ca440f13cb399989fda72657811baf795f8607dc,2026-09-19T14:03:59.927116+00:00,measured,measured,0.0,0
492,52db632570f15d1e16d176818e2d43f88278bacc25d06144f4e7e53b9c172535,2,triviaqa:0033,L0,v1,Qwen/Qwen2.5-1.5B-Instruct,Chlorophyll-based photosynthesis.,photosynthesis,0,0,0.5,,judge-stub/unwired,25,7,0.3478248920000624,1,0.0,3.381630894445051e-05,356.81290299544344,8.988010995381046,347.8248920000624,0.0,19e1267e270fb26a4e6da10a2e33f407c4cde82d,7fdc85f695827cd40610ae43ca440f13cb399989fda72657811baf795f8607dc,2026-09-19T14:04:00.552043+00:00,measured,measured,0.0,0
493,f75cb321c41473047cbcf74ff4b7c0c90af2a0d0492d433a4b39bef96119e2b0,0,triviaqa:0034,L0,v1,Qwen/Qwen2.5-1.5B-Instruct,"Watson and Crick
This refers to James Watson and Francis Crick, who jointly won the Nobel Prize for their discovery of the double helix structure of DNA. Their work laid the foundation for our understanding of genetics and molecular biology.",DNA,0,0,0.052631578947368425,,judge-stub/unwired,26,47,1.9398449700001947,1,0.0,0.00018859603875001892,1950.6495320001704,10.804561999975704,1939.8449700001947,0.0,19e1267e270fb26a4e6da10a2e33f407c4cde82d,7fdc85f695827cd40610ae43ca440f13cb399989fda72657811baf795f8607dc,2026-09-19T14:04:02.812959+00:00,measured,measured,0.0,0
494,6e6199fb26d371450e76cacd1b75130600c016bab4b38bbcd1392209308e9255,1,triviaqa:0034,L0,v1,Qwen/Qwen2.5-1.5B-Instruct,"Watson and Crick

This question is asking for the names of two scientists who made an important discovery about DNA's structure. The correct answer, based on historical facts, is James Watson and Francis Crick. They were awarded the Nobel Prize in Physiology or Medicine in 1962 for their work that led to the discovery of the double helix structure of DNA, which was published in their paper ""Molecular Structure of Nucleic Acids"" in 1953. Their findings revolutionized biology by showing how genetic information is stored and transmitted through nucleotide sequences. This achievement laid the foundation for much of modern genetics and molecular biology research.",DNA,0,0,0.020202020202020204,,judge-stub/unwired,26,133,6.059732888000326,1,0.0,0.0005891406974444761,6070.004917001825,10.272029001498595,6059.732888000326,0.0,19e1267e270fb26a4e6da10a2e33f407c4cde82d,7fdc85f695827cd40610ae43ca440f13cb399989fda72657811baf795f8607dc,2026-09-19T14:04:09.147861+00:00,measured,measured,0.0,0
495,d905f8bd68555c4d15e36ff49aa4f99521fb9686215f4cfdb9f9e2ab018b5603,2,triviaqa:0034,L0,v1,Qwen/Qwen2.5-1.5B-Instruct,"Watson and Crick

This question is asking about the discovery of the double helix structure of DNA, which was made by James Watson and Francis Crick. The correct name for them is ""Watson and Crick,"" as they are often credited together for their groundbreaking work. Their contribution to science, specifically the elucidation of the DNA structure, is widely recognized and celebrated. This information succinctly answers the question without requiring any additional context or elaboration beyond what's provided in the instruction.",DNA,0,0,0.026666666666666665,,judge-stub/unwired,26,99,3.891912269000386,1,0.0,0.00037838035948614863,3897.972878005021,6.060609004634898,3891.912269000386,0.0,19e1267e270fb26a4e6da10a2e33f407c4cde82d,7fdc85f695827cd40610ae43ca440f13cb399989fda72657811baf795f8607dc,2026-09-19T14:04:13.312153+00:00,measured,measured,0.0,0
496,02d9e3c0d98a8d7379bc3f876803ed76dcedc963f04fad96ec660c2f212c979a,0,triviaqa:0035,L0,v1,Qwen/Qwen2.5-1.5B-Instruct,The Pacific Ocean is the largest and deepest ocean basin on Earth.,Pacific Ocean,0,0,0.33333333333333337,,judge-stub/unwired,27,13,0.5713602340001671,1,0.0,5.554891163890513e-05,581.128642999829,9.768408999661915,571.3602340001671,0.0,19e1267e270fb26a4e6da10a2e33f407c4cde82d,7fdc85f695827cd40610ae43ca440f13cb399989fda72657811baf795f8607dc,2026-09-19T14:04:14.170448+00:00,measured,measured,0.0,0
497,f46ae352159d28ac5c5d2f9077b2caad11b75dd5f69a29a8025526b5cef56cf3,1,triviaqa:0035,L0,v1,Qwen/Qwen2.5-1.5B-Instruct,The Pacific Ocean is the largest and deepest ocean basin on Earth.,Pacific Ocean,0,0,0.33333333333333337,,judge-stub/unwired,27,13,0.5653832660000262,1,0.0,5.496781752778032e-05,578.1705509989479,12.787284998921677,565.3832660000262,0.0,19e1267e270fb26a4e6da10a2e33f407c4cde82d,7fdc85f695827cd40610ae43ca440f13cb399989fda72657811baf795f8607dc,2026-09-19T14:04:15.058641+00:00,measured,measured,0.0,0
498,3c2acda3fe55e43a5598b64afde453673808b944424ca793b0aac4501574482a,2,triviaqa:0035,L0,v1,Qwen/Qwen2.5-1.5B-Instruct,The Pacific Ocean is the largest and deepest ocean basin on Earth.,Pacific Ocean,0,0,0.33333333333333337,,judge-stub/unwired,27,13,0.5601845749997665,1,0.0,5.44623892360884e-05,569.6739339991836,9.489358999417163,560.1845749997665,0.0,19e1267e270fb26a4e6da10a2e33f407c4cde82d,7fdc85f695827cd40610ae43ca440f13cb399989fda72657811baf795f8607dc,2026-09-19T14:04:15.893074+00:00,measured,measured,0.0,0
499,565b8a67675fee698f8e980be29ce939957af919442f7d2ee67c80a98500d4f9,0,triviaqa:0036,L0,v1,Qwen/Qwen2.5-1.5B-Instruct,Neural networks learn representations through layered weighted connections.,neural networks,0,0,0.4,,judge-stub/unwired,23,9,0.398890104000202,1,0.0,3.8780982333352965e-05,407.67276100177696,8.78265700157499,398.890104000202,0.0,19e1267e270fb26a4e6da10a2e33f407c4cde82d,7fdc85f695827cd40610ae43ca440f13cb399989fda72657811baf795f8607dc,2026-09-19T14:04:16.550248+00:00,measured,measured,0.0,0
500,369d9d0965af6ca2499a630b0117258acea05e03503571e16a022a310a375d05,1,triviaqa:0036,L0,v1,Qwen/Qwen2.5-1.5B-Instruct,Neural networks learn representations through layered weighted connections.,neural networks,0,0,0.4,,judge-stub/unwired,23,9,0.44034402899978886,1,0.0,4.281122504164613e-05,446.29900099516817,5.95497199537931,440.34402899978886,0.0,19e1267e270fb26a4e6da10a2e33f407c4cde82d,7fdc85f695827cd40610ae43ca440f13cb399989fda72657811baf795f8607dc,2026-09-19T14:04:17.252545+00:00,measured,measured,0.0,0
501,99717469791926ed3cc430c3c5c8fb053f443c276eb3c931db2b2c1b11cde990,2,triviaqa:0036,L0,v1,Qwen/Qwen2.5-1.5B-Instruct,Neural networks learn representations through layered weighted connections.,neural networks,0,0,0.4,,judge-stub/unwired,23,9,0.5115235869998287,1,0.0,4.9731459847205563e-05,521.7990049968648,10.27541799703613,511.5235869998287,0.0,19e1267e270fb26a4e6da10a2e33f407c4cde82d,7fdc85f695827cd40610ae43ca440f13cb399989fda72657811baf795f8607dc,2026-09-19T14:04:18.061456+00:00,measured,measured,0.0,0
502,6c135c3291f3feca6dae4dd33c526f96ee3851b49adde93bc6cb99bd031798c4,0,triviaqa:0037,L0,v1,Qwen/Qwen2.5-1.5B-Instruct,The Sahara Desert,Sahara Desert,0,1,1.0,,judge-stub/unwired,28,3,0.24256130699995992,1,0.0,2.358234929166277e-05,254.13741099964682,11.576103999686893,242.56130699995992,0.0,19e1267e270fb26a4e6da10a2e33f407c4cde82d,7fdc85f695827cd40610ae43ca440f13cb399989fda72657811baf795f8607dc,2026-09-19T14:04:18.595508+00:00,measured,measured,0.0,0
503,dde277e2e3ecc776872bbc944caabd01cf58306a8ad1b11e7e5cc8a9e8540b48,1,triviaqa:0037,L0,v1,Qwen/Qwen2.5-1.5B-Instruct,The Sahara Desert.,Sahara Desert,0,1,1.0,,judge-stub/unwired,28,4,0.2829677339996124,1,0.0,2.751075191662898e-05,294.52302199388214,11.555287994269747,282.9677339996124,0.0,19e1267e270fb26a4e6da10a2e33f407c4cde82d,7fdc85f695827cd40610ae43ca440f13cb399989fda72657811baf795f8607dc,2026-09-19T14:04:19.139251+00:00,measured,measured,0.0,0
504,d5cfcf01f0d8c7216b4fb6763768edc8017410ef016a2fef9b68e6940152c03f,2,triviaqa:0037,L0,v1,Qwen/Qwen2.5-1.5B-Instruct,"Egypt's Sahara Desert

This question refers to the vast and famous Sahara Desert located in northeastern Africa. It covers a significant portion of Egypt but extends into neighboring countries like Libya, Algeria, Mali, Niger, Chad, Sudan, and Western Sahara (including parts of Morocco). This region features some of the hottest temperatures on Earth due to its arid conditions. Despite being one of the driest places on earth, it supports unique ecosystems and human habitation through nomadic lifestyles. However, the specific location described in the context appears to be ""Egypt's"" Sahara Desert. 

The Sahara Desert is indeed the largest hot desert globally, which makes Egypt's Sahara an important part of the broader context mentioned in the question about the world's largest hot desert. Therefore, based on these details:

**Final Answer:** Egypt's Sahara Desert.

This answer directly addresses both the geographical extent (covering much of North Africa) and the identification of the specific desert referred to in the original statement.",Sahara Desert,0,0,0.026845637583892617,,judge-stub/unwired,28,195,7.911926830000084,1,0.0,0.0007692151084722303,7917.604549003954,5.677719003870152,7911.926830000084,0.0,19e1267e270fb26a4e6da10a2e33f407c4cde82d,7fdc85f695827cd40610ae43ca440f13cb399989fda72657811baf795f8607dc,2026-09-19T14:04:27.346341+00:00,measured,measured,0.0,0
505,006463af8725d83775e9f2d9223b74465be157acc52742d41e1a38a99b3f1ae4,0,triviaqa:0038,L0,v1,Qwen/Qwen2.5-1.5B-Instruct,The Amazon River carries more water than any other river in the world.,Amazon River,0,0,0.3076923076923077,,judge-stub/unwired,28,14,0.5979106040003899,1,0.0,5.8130197611149016e-05,607.7624430008655,9.851839000475593,597.9106040003899,0.0,19e1267e270fb26a4e6da10a2e33f407c4cde82d,7fdc85f695827cd40610ae43ca440f13cb399989fda72657811baf795f8607dc,2026-09-19T14:04:28.215260+00:00,measured,measured,0.0,0
506,29ff526a13a1f36df9f861a9fbb54209d1d2518b700f1433c5c80d3b79e4ec4b,1,triviaqa:0038,L0,v1,Qwen/Qwen2.5-1.5B-Instruct,The Amazon River carries more water than any other river in the world.,Amazon River,0,0,0.3076923076923077,,judge-stub/unwired,28,14,0.5966153119998125,1,0.0,5.800426644442622e-05,606.510654001795,9.895342001982499,596.6153119998125,0.0,19e1267e270fb26a4e6da10a2e33f407c4cde82d,7fdc85f695827cd40610ae43ca440f13cb399989fda72657811baf795f8607dc,2026-09-19T14:04:29.119128+00:00,measured,measured,0.0,0
507,7f6ea82dbcc9ea68bf197a6a743f4a0865649f23f6a13dd3802d0e495251c981,2,triviaqa:0038,L0,v1,Qwen/Qwen2.5-1.5B-Instruct,The Amazon River carries more water than any other river in the world.,Amazon River,0,0,0.3076923076923077,,judge-stub/unwired,28,14,0.7634497720000581,1,0.0,7.422428338889453e-05,768.7219359950177,5.272163994959556,763.4497720000581,0.0,19e1267e270fb26a4e6da10a2e33f407c4cde82d,7fdc85f695827cd40610ae43ca440f13cb399989fda72657811baf795f8607dc,2026-09-19T14:04:30.150258+00:00,measured,measured,0.0,0
508,80978caa901f055b034c735c52824cf0b2710474c71882aec913a42af62179ac,0,triviaqa:0039,L0,v1,Qwen/Qwen2.5-1.5B-Instruct,"The Sahara

This desert covers most of North Africa and is known for being extremely hot.",Sahara Desert,0,0,0.23529411764705882,,judge-stub/unwired,28,18,1.0436906830000225,1,0.0,0.00010146992751389108,1055.5964159939322,11.905732993909623,1043.6906830000225,0.0,19e1267e270fb26a4e6da10a2e33f407c4cde82d,7fdc85f695827cd40610ae43ca440f13cb399989fda72657811baf795f8607dc,2026-09-19T14:04:31.479476+00:00,measured,measured,0.0,0
509,0a803f67d685a86c1214c84825e3ac24a4a2980a458f1036894ca9682da6b841,1,triviaqa:0039,L0,v1,Qwen/Qwen2.5-1.5B-Instruct,"The Sahara Desert

This large hot desert covers much of North Africa.",Sahara Desert,0,0,0.3076923076923077,,judge-stub/unwired,28,14,0.733180141000048,1,0.0,7.128140259722689e-05,743.4788799982925,10.298738998244517,733.180141000048,0.0,19e1267e270fb26a4e6da10a2e33f407c4cde82d,7fdc85f695827cd40610ae43ca440f13cb399989fda72657811baf795f8607dc,2026-09-19T14:04:32.467072+00:00,measured,measured,0.0,0
510,1e64300b48f2cb5e9cfe708498cdb801c85edd75fcd4b68744257f2835491544,2,triviaqa:0039,L0,v1,Qwen/Qwen2.5-1.5B-Instruct,The Sahara Desert.,Sahara Desert,0,1,1.0,,judge-stub/unwired,28,4,0.20668322700021236,1,0.0,2.009420262502064e-05,217.57919000174297,10.895963001530617,206.68322700021236,0.0,19e1267e270fb26a4e6da10a2e33f407c4cde82d,7fdc85f695827cd40610ae43ca440f13cb399989fda72657811baf795f8607dc,2026-09-19T14:04:32.950281+00:00,measured,measured,0.0,0
511,77751563f0f58e8001021dbde2dc68dac667f48b02edaa3a11e19bfbf707a4e0,0,triviaqa:0040,L0,v1,Qwen/Qwen2.5-1.5B-Instruct,Schrödinger equation.,quantum mechanics,0,0,0.0,,judge-stub/unwired,27,6,0.2914926519997607,1,0.0,2.8339563388865624e-05,300.52154299937683,9.028890999616124,291.4926519997607,0.0,19e1267e270fb26a4e6da10a2e33f407c4cde82d,7fdc85f695827cd40610ae43ca440f13cb399989fda72657811baf795f8607dc,2026-09-19T14:04:33.578265+00:00,measured,measured,0.0,0
512,dbe6816b30c314d67548445e82aa925a658001a525e14f3b1feee4c28c0c8154,1,triviaqa:0040,L0,v1,Qwen/Qwen2.5-1.5B-Instruct,"Schrödinger equation

The question asks for a concise answer that matches the description of ""Quantum mechanics describes matter and energy at atomic and subatomic scales."" The most relevant term to fit this description is the Schrödinger equation, which forms the foundation of quantum mechanics. This equation allows us to describe how the quantum state of a physical system changes over time, providing a framework for understanding phenomena at extremely small scales.",quantum mechanics,0,0,0.0625,,judge-stub/unwired,27,86,3.4204990300004283,1,0.0,0.0003325485168055972,3431.078557996443,10.579527996014804,3420.4990300004283,0.0,19e1267e270fb26a4e6da10a2e33f407c4cde82d,7fdc85f695827cd40610ae43ca440f13cb399989fda72657811baf795f8607dc,2026-09-19T14:04:37.370965+00:00,measured,measured,0.0,0
513,de597e8113a96d94b9f6b6812d80747089c31c3a9c799b4ec1ebca7cc1ab009c,2,triviaqa:0040,L0,v1,Qwen/Qwen2.5-1.5B-Instruct,"Schrödinger equation

This refers to quantum mechanics, which deals with phenomena on an atomic and subatomic scale. The Schrödinger equation is a fundamental concept in quantum mechanics that helps describe how the quantum state of a physical system changes over time. 

The key points are:
1. Atomic and subatomic scales
2. Deals with matter and energy at these scales
3. Described by the Schrödinger equation",quantum mechanics,0,0,0.06666666666666667,,judge-stub/unwired,27,88,3.5953435480005282,1,0.0,0.0003495472893889402,3600.2359290032473,4.892381002719048,3595.3435480005282,0.0,19e1267e270fb26a4e6da10a2e33f407c4cde82d,7fdc85f695827cd40610ae43ca440f13cb399989fda72657811baf795f8607dc,2026-09-19T14:04:41.206970+00:00,measured,measured,0.0,0
514,81ea72ff28f897ab356db237aca1defe171850e6cbe949981d5f215bdcd014af,0,triviaqa:0041,L0,v1,Qwen/Qwen2.5-1.5B-Instruct,Photosynthesis converts light energy into chemical energy.,photosynthesis,0,0,0.25,,judge-stub/unwired,24,9,0.4115785429994503,1,0.0,4.0014580569391e-05,416.2111400028152,4.6325970033649355,411.5785429994503,0.0,19e1267e270fb26a4e6da10a2e33f407c4cde82d,7fdc85f695827cd40610ae43ca440f13cb399989fda72657811baf795f8607dc,2026-09-19T14:04:41.904907+00:00,measured,measured,0.0,0
515,802b69db914e0fb57fe855469fffff3da33f1936f283bb68d62b734c7d685883,1,triviaqa:0041,L0,v1,Qwen/Qwen2.5-1.5B-Instruct,Photosynthesis converts light energy into chemical energy.,photosynthesis,0,0,0.25,,judge-stub/unwired,24,9,0.5561374360004265,1,0.0,5.4068917388930356e-05,560.7366150034068,4.599179002980236,556.1374360004265,0.0,19e1267e270fb26a4e6da10a2e33f407c4cde82d,7fdc85f695827cd40610ae43ca440f13cb399989fda72657811baf795f8607dc,2026-09-19T14:04:42.703807+00:00,measured,measured,0.0,0
516,d23ad265c59c43805a24453beae3755b0d55ebe12744b5fe0267d43523370965,2,triviaqa:0041,L0,v1,Qwen/Qwen2.5-1.5B-Instruct,Photosynthesis converts light energy into chemical energy.,photosynthesis,0,0,0.25,,judge-stub/unwired,24,9,0.526479592999749,1,0.0,5.118551598608671e-05,531.1055889997078,4.625995999958832,526.479592999749,0.0,19e1267e270fb26a4e6da10a2e33f407c4cde82d,7fdc85f695827cd40610ae43ca440f13cb399989fda72657811baf795f8607dc,2026-09-19T14:04:43.479382+00:00,measured,measured,0.0,0
517,7f9a8db0da21ceea9873cdccda5c7807d8a5874fa582b48a5f3dd53f4f3fbbe2,0,triviaqa:0042,L0,v1,Qwen/Qwen2.5-1.5B-Instruct,The Amazon River.,Amazon River,0,1,1.0,,judge-stub/unwired,29,4,0.3081947450000371,1,0.0,2.9963377986114716e-05,317.34295500336884,9.14821000333177,308.1947450000371,0.0,19e1267e270fb26a4e6da10a2e33f407c4cde82d,7fdc85f695827cd40610ae43ca440f13cb399989fda72657811baf795f8607dc,2026-09-19T14:04:44.026487+00:00,measured,measured,0.0,0
518,5c0fc2d1fd1ed589ebc8d22d5f9a6bb13839150da8679779f62589d78a2be030,1,triviaqa:0042,L0,v1,Qwen/Qwen2.5-1.5B-Instruct,The Amazon River.,Amazon River,0,1,1.0,,judge-stub/unwired,29,4,0.3141685950004103,1,0.0,3.0544168958373216e-05,322.7412260066558,8.572631006245501,314.1685950004103,0.0,19e1267e270fb26a4e6da10a2e33f407c4cde82d,7fdc85f695827cd40610ae43ca440f13cb399989fda72657811baf795f8607dc,2026-09-19T14:04:44.607696+00:00,measured,measured,0.0,0
519,4b808ca77fac4720d1e9445a9d7a394e1dba52918046bf3425b253671944637d,2,triviaqa:0042,L0,v1,Qwen/Qwen2.5-1.5B-Instruct,The Amazon River.,Amazon River,0,1,1.0,,judge-stub/unwired,29,4,0.22519292700053484,1,0.0,2.1893756791718663e-05,230.05075300352473,4.857826002989896,225.19292700053484,0.0,19e1267e270fb26a4e6da10a2e33f407c4cde82d,7fdc85f695827cd40610ae43ca440f13cb399989fda72657811baf795f8607dc,2026-09-19T14:04:45.083107+00:00,measured,measured,0.0,0
520,bf5e69eb81ca9eed5a77e0ffa8200ce6d20cce9736dce1a3f16aecf8c1909fed,0,triviaqa:0043,L0,v1,Qwen/Qwen2.5-1.5B-Instruct,Chlorophyll-containing chloroplasts.,photosynthesis,0,0,0.0,,judge-stub/unwired,25,8,0.36920238099992275,1,0.0,3.589467593054804e-05,375.3219740028726,6.119593002949841,369.20238099992275,0.0,19e1267e270fb26a4e6da10a2e33f407c4cde82d,7fdc85f695827cd40610ae43ca440f13cb399989fda72657811baf795f8607dc,2026-09-19T14:04:45.690633+00:00,measured,measured,0.0,0
521,b5d2a0505d727d8aa2592c39b993f0df6f648a64c7d328300bc8641f56269943,1,triviaqa:0043,L0,v1,Qwen/Qwen2.5-1.5B-Instruct,Chlorophyll-containing chloroplasts.,photosynthesis,0,0,0.0,,judge-stub/unwired,25,8,0.3750072020002335,1,0.0,3.645903352780048e-05,380.0194429959447,5.012240995711181,375.0072020002335,0.0,19e1267e270fb26a4e6da10a2e33f407c4cde82d,7fdc85f695827cd40610ae43ca440f13cb399989fda72657811baf795f8607dc,2026-09-19T14:04:46.302208+00:00,measured,measured,0.0,0
522,26c4b8dd9713141fec3606a7c40ffe8f5338440474c731b350f03621f597ed1b,2,triviaqa:0043,L0,v1,Qwen/Qwen2.5-1.5B-Instruct,Chlorophyll-containing plant cells.,photosynthesis,0,0,0.0,,judge-stub/unwired,25,7,0.3264169679996485,1,0.0,3.173498299996582e-05,332.0016579991716,5.584689999523107,326.4169679996485,0.0,19e1267e270fb26a4e6da10a2e33f407c4cde82d,7fdc85f695827cd40610ae43ca440f13cb399989fda72657811baf795f8607dc,2026-09-19T14:04:46.876882+00:00,measured,measured,0.0,0
523,44306a60191cd9b06ca469f0a2c6754407a3591662a56cc3dafaaabbb737ce83,0,triviaqa:0044,L0,v1,Qwen/Qwen2.5-1.5B-Instruct,"Watson and Crick

This refers to James Watson and Francis Crick, who jointly won the Nobel Prize for their discovery of the structure of DNA. Their work was pivotal in understanding how genes are stored and passed on from parents to offspring. The double helix structure they described is central to modern genetics and molecular biology. 

In summary, the correct answer based on the description provided would be:

James Watson and Francis Crick. 

However, if we must name them individually as per your request:

- James Watson
- Francis Crick",DNA,0,0,0.02380952380952381,,judge-stub/unwired,26,108,4.5413523430006535,1,0.0,0.00044152036668061907,4548.787960998197,7.435617997543886,4541.3523430006535,0.0,19e1267e270fb26a4e6da10a2e33f407c4cde82d,7fdc85f695827cd40610ae43ca440f13cb399989fda72657811baf795f8607dc,2026-09-19T14:04:51.677781+00:00,measured,measured,0.0,0
524,3720a2b38176c61f3a629c351b922a4fef8e8c257e297f15466784cafb539f73,1,triviaqa:0044,L0,v1,Qwen/Qwen2.5-1.5B-Instruct,Watson and Crick.,DNA,0,0,0.0,,judge-stub/unwired,26,5,0.24050482299935538,1,0.0,2.338241334715955e-05,250.0006409973139,9.495817997958511,240.50482299935538,0.0,19e1267e270fb26a4e6da10a2e33f407c4cde82d,7fdc85f695827cd40610ae43ca440f13cb399989fda72657811baf795f8607dc,2026-09-19T14:04:52.178096+00:00,measured,measured,0.0,0
525,ebca8ddc2a21051c7874e60f8ed432e7014c3ca99d55ac23776f6642e854e0ce,2,triviaqa:0044,L0,v1,Qwen/Qwen2.5-1.5B-Instruct,Watson and Crick,DNA,0,0,0.0,,judge-stub/unwired,26,4,0.21495865900033095,1,0.0,2.0898758513921065e-05,225.67544700541475,10.7167880050838,214.95865900033095,0.0,19e1267e270fb26a4e6da10a2e33f407c4cde82d,7fdc85f695827cd40610ae43ca440f13cb399989fda72657811baf795f8607dc,2026-09-19T14:04:52.670223+00:00,measured,measured,0.0,0
526,6924fefffb5c04823d40faf621e1e747867464cc3836644688f476a6672276cf,0,triviaqa:0045,L0,v1,Qwen/Qwen2.5-1.5B-Instruct,The Amazon River carries more water than any other river in the world.,Amazon River,0,0,0.3076923076923077,,judge-stub/unwired,28,14,0.5963505930003521,1,0.0,5.797852987503423e-05,601.1428989977503,4.792305997398216,596.3505930003521,0.0,19e1267e270fb26a4e6da10a2e33f407c4cde82d,7fdc85f695827cd40610ae43ca440f13cb399989fda72657811baf795f8607dc,2026-09-19T14:04:53.553282+00:00,measured,measured,0.0,0
527,e15c37babbb6198fc75d97edd6a97e8e5342cff1034a6354715d293e4b9696d2,1,triviaqa:0045,L0,v1,Qwen/Qwen2.5-1.5B-Instruct,The Amazon River carries more water than any other river in the world.,Amazon River,0,0,0.3076923076923077,,judge-stub/unwired,28,14,0.599769335000019,1,0.0,5.831090756944629e-05,604.5266569999512,4.757321999932174,599.769335000019,0.0,19e1267e270fb26a4e6da10a2e33f407c4cde82d,7fdc85f695827cd40610ae43ca440f13cb399989fda72657811baf795f8607dc,2026-09-19T14:04:54.392347+00:00,measured,measured,0.0,0
528,a1a64d5c015e4f5e310266f984059d81754dd9aa491ed34cae0298d51c001d5f,2,triviaqa:0045,L0,v1,Qwen/Qwen2.5-1.5B-Instruct,The Amazon River carries more water than any other river in the world.,Amazon River,0,0,0.3076923076923077,,judge-stub/unwired,28,14,0.7955487249992075,1,0.0,7.73450149304785e-05,800.4775449944646,4.928819995257072,795.5487249992075,0.0,19e1267e270fb26a4e6da10a2e33f407c4cde82d,7fdc85f695827cd40610ae43ca440f13cb399989fda72657811baf795f8607dc,2026-09-19T14:04:55.452640+00:00,measured,measured,0.0,0
529,adab0071fed902962c204e1177dfcdc10e140cc12f7f0c3aecef27ff5fb057db,0,triviaqa:0046,L0,v1,Qwen/Qwen2.5-1.5B-Instruct,"Oxidative phosphorylation occurs in mitochondria. 

Justification:
1. The question asks about mitochondria related to a specific process or structure within eukaryotic cells.
2. It specifically mentions ""oxidative phosphorylation,"" which is a key function of mitochondria.
3. The phrase ""in eukaryotic cells"" further confirms that mitochondria are indeed involved in this process.

Therefore, by identifying oxidative phosphorylation as a characteristic feature of mitochondria and specifying it's found in eukaryotic cells, we can conclude that mitochondria perform this function.",mitochondria,0,0,0.027027027027027025,,judge-stub/unwired,24,116,5.019392679000703,1,0.0,0.0004879965104584016,5024.886301994229,5.493622993526515,5019.392679000703,0.0,19e1267e270fb26a4e6da10a2e33f407c4cde82d,7fdc85f695827cd40610ae43ca440f13cb399989fda72657811baf795f8607dc,2026-09-19T14:05:00.719404+00:00,measured,measured,0.0,0
530,e4df9bfe759296c6aa41db909d9835c309f0325232e6e0eee7ec22aa5dc3dee1,1,triviaqa:0046,L0,v1,Qwen/Qwen2.5-1.5B-Instruct,Oxidative phosphorylation,mitochondria,0,0,0.0,,judge-stub/unwired,24,5,0.24295756199990137,1,0.0,2.3620874083323744e-05,252.33464999746502,9.377087997563649,242.95756199990137,0.0,19e1267e270fb26a4e6da10a2e33f407c4cde82d,7fdc85f695827cd40610ae43ca440f13cb399989fda72657811baf795f8607dc,2026-09-19T14:05:01.311072+00:00,measured,measured,0.0,0
531,65b30a0e84ba3d14f1182e43d1d03f368d6d776db1154880bd096495eca76aaa,2,triviaqa:0046,L0,v1,Qwen/Qwen2.5-1.5B-Instruct,Oxidative phosphorylation.,mitochondria,0,0,0.0,,judge-stub/unwired,24,6,0.29734364400064806,1,0.0,2.8908409833396337e-05,307.0425920013804,9.698948000732344,297.34364400064806,0.0,19e1267e270fb26a4e6da10a2e33f407c4cde82d,7fdc85f695827cd40610ae43ca440f13cb399989fda72657811baf795f8607dc,2026-09-19T14:05:01.865905+00:00,measured,measured,0.0,0
532,54564aaec38e95d4dc8cafc36ef32e055e0de1195fb966110b238112f43c1f6e,0,triviaqa:0047,L0,v1,Qwen/Qwen2.5-1.5B-Instruct,"The Great Wall of China

This wall is known for its length, stretching over 21,000 kilometers from east to west in northern China. It was built during various periods throughout Chinese history and serves as a symbol of national defense and engineering achievement.",Great Wall of China,0,0,0.17391304347826084,,judge-stub/unwired,30,53,2.127932205000434,1,0.0,0.0002068822977083755,2136.8201939958453,8.887988995411433,2127.932205000434,0.0,19e1267e270fb26a4e6da10a2e33f407c4cde82d,7fdc85f695827cd40610ae43ca440f13cb399989fda72657811baf795f8607dc,2026-09-19T14:05:04.266071+00:00,measured,measured,0.0,0
533,55a74476514bc1e5366fd519a804251340a8ce67c97e5417a743d641b246bb8f,1,triviaqa:0047,L0,v1,Qwen/Qwen2.5-1.5B-Instruct,"Badaling

This refers to a section of the Great Wall in Beijing that is one of the best-preserved and most visited parts. It's known for its impressive scale and historical significance. However, it does not directly address the full length claimed by the question. For an accurate assessment, you would need to consider all sections of the Great Wall rather than focusing on any single location or stretch mentioned above. 

If we were to provide another option based on a more comprehensive view:

Answer: Jiayuguan Pass - although technically part of the Great Wall system, it is less commonly associated with the specific length mentioned.

For a precise and widely recognized reference to the entire Great Wall in terms of length as described in the question, one might consider:

Answer: ""The Great Wall of China"" itself - though not a specific named wall, referring broadly to the entire structure encompasses the vast extent claimed by the question.",Great Wall of China,0,0,0.055944055944055944,,judge-stub/unwired,30,183,8.025886796999657,1,0.0,0.0007802945497083,8030.836109001939,4.949312002281658,8025.886796999657,0.0,19e1267e270fb26a4e6da10a2e33f407c4cde82d,7fdc85f695827cd40610ae43ca440f13cb399989fda72657811baf795f8607dc,2026-09-19T14:05:12.531265+00:00,measured,measured,0.0,0
534,fd76d63b816103a30ec29694e1eb2f69f3ac97ec5ee248346369f604f91df29a,2,triviaqa:0047,L0,v1,Qwen/Qwen2.5-1.5B-Instruct,"The Great Wall of China

This wall is renowned for its length, stretching approximately 21,000 kilometers (about 13,000 miles) through northern China. It's a significant historical and architectural marvel that has been recognized as one of the Seven Wonders of the Modern World.",Great Wall of China,0,0,0.17391304347826084,,judge-stub/unwired,30,63,2.5279473340006007,1,0.0,0.0002457726574722806,2537.1628750026503,9.215541002049576,2527.9473340006007,0.0,19e1267e270fb26a4e6da10a2e33f407c4cde82d,7fdc85f695827cd40610ae43ca440f13cb399989fda72657811baf795f8607dc,2026-09-19T14:05:15.302938+00:00,measured,measured,0.0,0
535,d49fb5f75e1133e64abf2cf783ff910fad862b26ec7fefd20dc3bef3312b95b7,0,triviaqa:0048,L0,v1,Qwen/Qwen2.5-1.5B-Instruct,Gravity is described by Newton's law of universal gravitation.,gravity,0,0,0.18181818181818182,,judge-stub/unwired,24,12,0.5219941400000607,1,0.0,5.074943027778368e-05,527.0627239960959,5.068583996035159,521.9941400000607,0.0,19e1267e270fb26a4e6da10a2e33f407c4cde82d,7fdc85f695827cd40610ae43ca440f13cb399989fda72657811baf795f8607dc,2026-09-19T14:05:16.088203+00:00,measured,measured,0.0,0
536,cb2f4cb4997a38a06d6b9d29395e0ba7c7096870b37a9cbfc0d91831cc0df547,1,triviaqa:0048,L0,v1,Qwen/Qwen2.5-1.5B-Instruct,Gravity is described by Newton's law of universal gravitation.,gravity,0,0,0.18181818181818182,,judge-stub/unwired,24,12,0.5172494549997282,1,0.0,5.0288141458306905e-05,522.1040580008776,4.854603001149371,517.2494549997282,0.0,19e1267e270fb26a4e6da10a2e33f407c4cde82d,7fdc85f695827cd40610ae43ca440f13cb399989fda72657811baf795f8607dc,2026-09-19T14:05:16.882370+00:00,measured,measured,0.0,0
537,7454a0dfd98c47a49ec09b4958e326e5a7a5b5f626056a3074e67adcdde18062,2,triviaqa:0048,L0,v1,Qwen/Qwen2.5-1.5B-Instruct,"Universal Gravitation. Question: What is Newton's law of universal gravitation?
Answer: Newton's law of universal gravitation states that every particle attracts every other particle in the universe with a force that is directly proportional to the product of their masses and inversely proportional to the square of the distance between their centers. This force acts along the line joining the two particles and is always attractive. The gravitational constant G quantifies the strength of this force.

Newton's Law of Universal Gravitation was formulated by Sir Isaac Newton in 1687, which laid the foundation for our understanding of gravity and has been confirmed through numerous experiments and observations. It explains phenomena such as the motion of planets around the Sun, tides on Earth, and the orbits of moons around their respective planets. The law also forms the basis for many practical applications, including GPS systems and satellite communications. 

Key points about Newton's law:
- It applies universally across all objects regardless of their size or mass.
- It includes both gravitational attraction and repulsion between positive charges.
- The formula involves three quantities: the masses (m1 and m2), the distance between them (r), and the gravitational constant (G).
- It predicts the existence of black holes and neutron stars due to extreme",gravity,0,0,0.010416666666666668,,judge-stub/unwired,24,256,10.946139886999845,1,0.0,0.0010642080445694294,10951.32640799693,5.1865209970856085,10946.139886999845,0.0,19e1267e270fb26a4e6da10a2e33f407c4cde82d,7fdc85f695827cd40610ae43ca440f13cb399989fda72657811baf795f8607dc,2026-09-19T14:05:28.086200+00:00,measured,measured,0.0,0
538,367a60e8314487fd08a49de731738655e5ed5410e2faea678126c5ad5b3420a1,0,triviaqa:0049,L0,v1,Qwen/Qwen2.5-1.5B-Instruct,Newtonian Gravity.,gravity,0,0,0.6666666666666666,,judge-stub/unwired,24,4,0.2059588279998934,1,0.0,2.0023774944434077e-05,210.734520999722,4.775692999828607,205.9588279998934,0.0,19e1267e270fb26a4e6da10a2e33f407c4cde82d,7fdc85f695827cd40610ae43ca440f13cb399989fda72657811baf795f8607dc,2026-09-19T14:05:28.551873+00:00,measured,measured,0.0,0
539,2df222c4333f22308eb80f6f140c5f20726152f22256ae2c3704d1a5edd06ad3,1,triviaqa:0049,L0,v1,Qwen/Qwen2.5-1.5B-Instruct,Gravitational force.,gravity,0,0,0.0,,judge-stub/unwired,24,5,0.2461835459998838,1,0.0,2.3934511416655367e-05,250.6932320047781,4.50968600489432,246.1835459998838,0.0,19e1267e270fb26a4e6da10a2e33f407c4cde82d,7fdc85f695827cd40610ae43ca440f13cb399989fda72657811baf795f8607dc,2026-09-19T14:05:29.035017+00:00,measured,measured,0.0,0
540,a6fcdc107a076403c55c52a46238591671626147b553e8d73cb018d3dce42b27,2,triviaqa:0049,L0,v1,Qwen/Qwen2.5-1.5B-Instruct,Newtonian Gravity.,gravity,0,0,0.6666666666666666,,judge-stub/unwired,24,4,0.2095008489995962,1,0.0,2.0368138097182963e-05,215.3349289947073,5.834079995111097,209.5008489995962,0.0,19e1267e270fb26a4e6da10a2e33f407c4cde82d,7fdc85f695827cd40610ae43ca440f13cb399989fda72657811baf795f8607dc,2026-09-19T14:05:29.523582+00:00,measured,measured,0.0,0
541,03ac3477a3ab5f12a8cda55953a92eb6569ed78a47a772af35d7bd499d3a9628,0,triviaqa:0050,L0,v1,Qwen/Qwen2.5-1.5B-Instruct,Oxidative phosphorylation occurs in mitochondria.,mitochondria,0,0,0.33333333333333337,,judge-stub/unwired,24,10,0.4523760439997204,1,0.0,4.3981004277750596e-05,457.33664599629265,4.960601996572223,452.3760439997204,0.0,19e1267e270fb26a4e6da10a2e33f407c4cde82d,7fdc85f695827cd40610ae43ca440f13cb399989fda72657811baf795f8607dc,2026-09-19T14:05:30.240711+00:00,measured,measured,0.0,0
542,9b4fe347759935c19c360161a561bacd0df155b6571c914149a43ea074159ba5,1,triviaqa:0050,L0,v1,Qwen/Qwen2.5-1.5B-Instruct,The mitochondria are involved in ATP production via oxidative phosphorylation.,mitochondria,0,0,0.19999999999999998,,judge-stub/unwired,24,13,0.5884872259994154,1,0.0,5.721403586105427e-05,593.135570998129,4.648344998713583,588.4872259994154,0.0,19e1267e270fb26a4e6da10a2e33f407c4cde82d,7fdc85f695827cd40610ae43ca440f13cb399989fda72657811baf795f8607dc,2026-09-19T14:05:31.071559+00:00,measured,measured,0.0,0
543,73419035d7221e370fd3da494051cecf6ed07bcfdc4375a8c29123a55ca71f6c,2,triviaqa:0050,L0,v1,Qwen/Qwen2.5-1.5B-Instruct,Oxidative phosphorylation.,mitochondria,0,0,0.0,,judge-stub/unwired,24,6,0.28926819899970724,1,0.0,2.8123297124971533e-05,296.7015949998313,7.433396000124048,289.26819899970724,0.0,19e1267e270fb26a4e6da10a2e33f407c4cde82d,7fdc85f695827cd40610ae43ca440f13cb399989fda72657811baf795f8607dc,2026-09-19T14:05:31.601023+00:00,measured,measured,0.0,0
544,0153b7fd4d0bfdb3209009e04dfa83aac907afea81afa1f8948977817b725c10,0,triviaqa:0051,L0,v1,Qwen/Qwen2.5-1.5B-Instruct,Newton's law of universal gravitation explains gravitational attraction.,gravity,0,0,0.0,,judge-stub/unwired,23,11,0.485424458000125,1,0.0,4.719404452778993e-05,491.84993199924065,6.425473999115638,485.424458000125,0.0,19e1267e270fb26a4e6da10a2e33f407c4cde82d,7fdc85f695827cd40610ae43ca440f13cb399989fda72657811baf795f8607dc,2026-09-19T14:05:32.334118+00:00,measured,measured,0.0,0
545,b9beda88be06fd792b8b7cecf3364e2a4abfce2ffdac8605a65bce00d206e271,1,triviaqa:0051,L0,v1,Qwen/Qwen2.5-1.5B-Instruct,Newton's law of universal gravitation describes the attraction between masses.,gravity,0,0,0.0,,judge-stub/unwired,23,13,0.7393419609998091,1,0.0,7.1880468430537e-05,745.9549860050174,6.613025005208328,739.3419609998091,0.0,19e1267e270fb26a4e6da10a2e33f407c4cde82d,7fdc85f695827cd40610ae43ca440f13cb399989fda72657811baf795f8607dc,2026-09-19T14:05:33.354285+00:00,measured,measured,0.0,0
546,60c1ecad27b23951eebc91275fc08a0c93b13111f8c09802291fb721ca90d5ff,2,triviaqa:0051,L0,v1,Qwen/Qwen2.5-1.5B-Instruct,Newton's law of universal gravitation describes the attraction between masses.,gravity,0,0,0.0,,judge-stub/unwired,23,13,0.7300144380005804,1,0.0,7.097362591672309e-05,735.4186429965921,5.404204996011686,730.0144380005804,0.0,19e1267e270fb26a4e6da10a2e33f407c4cde82d,7fdc85f695827cd40610ae43ca440f13cb399989fda72657811baf795f8607dc,2026-09-19T14:05:34.340790+00:00,measured,measured,0.0,0
547,c5387bb9c71c455e251962166049bc95cfe472f257142b69ebcbdfb2b8d66936,0,triviaqa:0052,L0,v1,Qwen/Qwen2.5-1.5B-Instruct,Britain's Industrial Revolution.,Industrial Revolution,0,0,0.6666666666666666,,judge-stub/unwired,27,5,0.32981710900003236,1,0.0,3.206555226389203e-05,335.5814500037013,5.76434100366896,329.81710900003236,0.0,19e1267e270fb26a4e6da10a2e33f407c4cde82d,7fdc85f695827cd40610ae43ca440f13cb399989fda72657811baf795f8607dc,2026-09-19T14:05:34.914978+00:00,measured,measured,0.0,0
548,40c2e71db94024300fa90007433a56b8b4a115b3958f2e24ee4f11b905a839b9,1,triviaqa:0052,L0,v1,Qwen/Qwen2.5-1.5B-Instruct,"The Industrial Revolution, which began in Britain in the late 18th century.",Industrial Revolution,0,0,0.33333333333333337,,judge-stub/unwired,27,17,0.7483968559999994,1,0.0,7.276080544444438e-05,757.5403949986139,9.143538998614531,748.3968559999994,0.0,19e1267e270fb26a4e6da10a2e33f407c4cde82d,7fdc85f695827cd40610ae43ca440f13cb399989fda72657811baf795f8607dc,2026-09-19T14:05:35.934374+00:00,measured,measured,0.0,0
549,142d99f0ef4683d4f597cd58c20506f9a8ac177283d3f48b01eac0db20986550,2,triviaqa:0052,L0,v1,Qwen/Qwen2.5-1.5B-Instruct,"The Industrial Revolution, which started in Britain around the late 18th century.",Industrial Revolution,0,0,0.33333333333333337,,judge-stub/unwired,27,17,0.7079384770004253,1,0.0,6.88273519305969e-05,713.1211580017407,5.182681001315359,707.9384770004253,0.0,19e1267e270fb26a4e6da10a2e33f407c4cde82d,7fdc85f695827cd40610ae43ca440f13cb399989fda72657811baf795f8607dc,2026-09-19T14:05:36.904480+00:00,measured,measured,0.0,0
550,772b93515ee5095746f14bb22c20b62dae785f2f7b130347e1ca6f12667b0005,0,triviaqa:0053,L0,v1,Qwen/Qwen2.5-1.5B-Instruct,The Industrial Revolution started in Britain.,Industrial Revolution,0,0,0.5714285714285715,,judge-stub/unwired,26,7,0.3269488019996061,1,0.0,3.178668908329503e-05,331.88959200015233,4.940790000546258,326.9488019996061,0.0,19e1267e270fb26a4e6da10a2e33f407c4cde82d,7fdc85f695827cd40610ae43ca440f13cb399989fda72657811baf795f8607dc,2026-09-19T14:05:37.466918+00:00,measured,measured,0.0,0
551,ed8a8008ea94b375857ddf4ee1ff6a164ac257e5fd7fb92c04fbc1f55a61d54a,1,triviaqa:0053,L0,v1,Qwen/Qwen2.5-1.5B-Instruct,It started in Britain.,Industrial Revolution,0,0,0.0,,judge-stub/unwired,26,5,0.24598536899975443,1,0.0,2.3915244208309455e-05,251.09807400258433,5.112705002829898,245.98536899975443,0.0,19e1267e270fb26a4e6da10a2e33f407c4cde82d,7fdc85f695827cd40610ae43ca440f13cb399989fda72657811baf795f8607dc,2026-09-19T14:05:37.998911+00:00,measured,measured,0.0,0
552,6ba9385b461e6b170988f4553c35c63728ca2a5df72cd39cfa834e213127f0f2,2,triviaqa:0053,L0,v1,Qwen/Qwen2.5-1.5B-Instruct,The Industrial Revolution started in Britain.,Industrial Revolution,0,0,0.5714285714285715,,judge-stub/unwired,26,7,0.32745978200000536,1,0.0,3.1836367694444965e-05,332.42630399945483,4.966521999449469,327.45978200000536,0.0,19e1267e270fb26a4e6da10a2e33f407c4cde82d,7fdc85f695827cd40610ae43ca440f13cb399989fda72657811baf795f8607dc,2026-09-19T14:05:38.624713+00:00,measured,measured,0.0,0
553,c2fd41c6753e57e804cbea296c27a6ac1662063fb1b42a34166ce56d72c398f5,0,triviaqa:0054,L0,v1,Qwen/Qwen2.5-1.5B-Instruct,Chlorophyll-containing chloroplasts convert light to chemical energy.,photosynthesis,0,0,0.0,,judge-stub/unwired,25,13,0.5656185039997581,1,0.0,5.499068788886537e-05,570.7193939970239,5.100889997265767,565.6185039997581,0.0,19e1267e270fb26a4e6da10a2e33f407c4cde82d,7fdc85f695827cd40610ae43ca440f13cb399989fda72657811baf795f8607dc,2026-09-19T14:05:39.426301+00:00,measured,measured,0.0,0
554,68fd242ec7ded4ed09597e2bfc774896d05c3c4e655d9f47ee2c27296c6558dc,1,triviaqa:0054,L0,v1,Qwen/Qwen2.5-1.5B-Instruct,Chlorophyll-containing chloroplasts.,photosynthesis,0,0,0.0,,judge-stub/unwired,25,8,0.35488761299984617,1,0.0,3.4502962374985044e-05,359.5680800053742,4.680467005528044,354.88761299984617,0.0,19e1267e270fb26a4e6da10a2e33f407c4cde82d,7fdc85f695827cd40610ae43ca440f13cb399989fda72657811baf795f8607dc,2026-09-19T14:05:40.032721+00:00,measured,measured,0.0,0
555,bbd0ddeeea8b5f57ff6c66a9363fe0783c08f487a346d0d607b49ff7362d693f,2,triviaqa:0054,L0,v1,Qwen/Qwen2.5-1.5B-Instruct,Chlorophyll-containing chloroplasts.,photosynthesis,0,0,0.0,,judge-stub/unwired,25,8,0.3590000760004841,1,0.0,3.4902785166713736e-05,368.5962230001678,9.596146999683697,359.0000760004841,0.0,19e1267e270fb26a4e6da10a2e33f407c4cde82d,7fdc85f695827cd40610ae43ca440f13cb399989fda72657811baf795f8607dc,2026-09-19T14:05:40.639651+00:00,measured,measured,0.0,0
556,32d6c779ebccc19afc60195e0ab33ad6e052f742e88035d2147e89eab1caa128,0,triviaqa:0055,L0,v1,Qwen/Qwen2.5-1.5B-Instruct,"The Roman Empire stretched across Europe, Asia, and Africa.",Roman Empire,0,0,0.4,,judge-stub/unwired,27,12,0.5179264429998511,1,0.0,5.035395973609663e-05,524.6416230029354,6.715180003084242,517.9264429998511,0.0,19e1267e270fb26a4e6da10a2e33f407c4cde82d,7fdc85f695827cd40610ae43ca440f13cb399989fda72657811baf795f8607dc,2026-09-19T14:05:41.407428+00:00,measured,measured,0.0,0
557,9e2442d2e96fb219826d8bfbcaeda3eb5f0ebedb9b7790744d8b7b7b4da15565,1,triviaqa:0055,L0,v1,Qwen/Qwen2.5-1.5B-Instruct,"The Roman Empire covered Europe, Africa, and Asia.",Roman Empire,0,0,0.4444444444444445,,judge-stub/unwired,27,11,0.48789587000010215,1,0.0,4.743432069445438e-05,496.11668400120834,8.220814001106191,487.89587000010215,0.0,19e1267e270fb26a4e6da10a2e33f407c4cde82d,7fdc85f695827cd40610ae43ca440f13cb399989fda72657811baf795f8607dc,2026-09-19T14:05:42.177159+00:00,measured,measured,0.0,0
558,a2a359313a280742827c64408dab4b7784b9169b2d4f14d1830de61309f2460a,2,triviaqa:0055,L0,v1,Qwen/Qwen2.5-1.5B-Instruct,The Roman Empire's greatest extent covered three continents.,Roman Empire,0,0,0.4,,judge-stub/unwired,27,10,0.4458416389998092,1,0.0,4.3345714902759224e-05,451.95264099584165,6.111001996032428,445.8416389998092,0.0,19e1267e270fb26a4e6da10a2e33f407c4cde82d,7fdc85f695827cd40610ae43ca440f13cb399989fda72657811baf795f8607dc,2026-09-19T14:05:42.948476+00:00,measured,measured,0.0,0
559,fce31d0d69487a0bec3d0f3157b817c3f404c2d3c0a63d67d0e2fdd3ea6e9407,0,triviaqa:0056,L0,v1,Qwen/Qwen2.5-1.5B-Instruct,"Britain's Industrial Revolution. Question: In which country did the Industrial Revolution begin? Answer: Britain.

This question and answer pair is directly related because it asks for a specific location where the Industrial Revolution originated, which is clearly stated to be Britain. Both the original question and its concise yet accurate response focus on pinpointing the starting point of the Industrial Revolution. Therefore, there is an inherent connection between them as both are asking about the same event but from different perspectives (the original being broader in scope while the answer is more specific). This makes the relationship clear and logical. 

The core information needed for answering the question—namely that the Industrial Revolution started in Britain—is preserved in the succinctness of the answer provided. Thus, the question and answer maintain their integrity by addressing the same historical event in slightly different ways, highlighting how precise details can make responses concise without losing accuracy or comprehensiveness. 

In summary, the connection is direct due to the common theme of industrial development, and the specificity required for the correct answer necessitates brevity in the response. This example illustrates how questions can be phrased to encourage answers that require careful consideration of context and detail to provide the most relevant and accurate information. 

It's worth noting that this type of reasoning often plays",Industrial Revolution,0,0,0.020202020202020204,,judge-stub/unwired,27,256,10.983245501000056,1,0.0,0.0010678155348194497,10988.18401799872,4.938516998663545,10983.245501000056,0.0,19e1267e270fb26a4e6da10a2e33f407c4cde82d,7fdc85f695827cd40610ae43ca440f13cb399989fda72657811baf795f8607dc,2026-09-19T14:05:54.173341+00:00,measured,measured,0.0,0
560,73cb054c997e6724436fca9a29f18a1e8a060c9db66efcbd7c07819f33d6fd7f,1,triviaqa:0056,L0,v1,Qwen/Qwen2.5-1.5B-Instruct,Britain.,Industrial Revolution,0,0,0.0,,judge-stub/unwired,27,2,0.13257063800028845,1,0.0,1.288881202780582e-05,137.39807099682366,4.827432996535208,132.57063800028845,0.0,19e1267e270fb26a4e6da10a2e33f407c4cde82d,7fdc85f695827cd40610ae43ca440f13cb399989fda72657811baf795f8607dc,2026-09-19T14:05:54.595399+00:00,measured,measured,0.0,0
561,1f6328610ceabfc1bfd18dec6293804d0567ec4569dc2da244fc067249433a06,2,triviaqa:0056,L0,v1,Qwen/Qwen2.5-1.5B-Instruct,Britain's Industrial Revolution.,Industrial Revolution,0,0,0.6666666666666666,,judge-stub/unwired,27,5,0.24778692100062472,1,0.0,2.4090395097282956e-05,252.95811199885065,5.1711909982259385,247.78692100062472,0.0,19e1267e270fb26a4e6da10a2e33f407c4cde82d,7fdc85f695827cd40610ae43ca440f13cb399989fda72657811baf795f8607dc,2026-09-19T14:05:55.078760+00:00,measured,measured,0.0,0
562,e2ca4da3e83ab5e41326d8196c53b9db9bfeafc6800603e6d36c4baeeb0611a5,0,triviaqa:0057,L0,v1,Qwen/Qwen2.5-1.5B-Instruct,"It was in Britain.  
The Industrial Revolution started there around 1760.  
Fact: The Industrial Revolution began in Britain.  
The Industrial Revolution in Britain took place mainly between 1760 and 1840, transforming the country from an agrarian economy to a manufacturing powerhouse. Key developments included mechanized textile production using water-powered looms, steam engines for transportation, and innovations like railroads and canals. This period marked a significant shift towards industrialization that spread globally.",Industrial Revolution,0,0,0.059701492537313446,,judge-stub/unwired,26,103,4.62157299700084,1,0.0,0.00044931959693063713,4627.43337000029,5.860372999450192,4621.57299700084,0.0,19e1267e270fb26a4e6da10a2e33f407c4cde82d,7fdc85f695827cd40610ae43ca440f13cb399989fda72657811baf795f8607dc,2026-09-19T14:05:59.942757+00:00,measured,measured,0.0,0
563,64f378d92e75b299a37a5af4c4535d790696b8da574e8bd4b3e290fd86d34da0,1,triviaqa:0057,L0,v1,Qwen/Qwen2.5-1.5B-Instruct,The Industrial Revolution started in Britain.,Industrial Revolution,0,0,0.5714285714285715,,judge-stub/unwired,26,7,0.4722799199998917,1,0.0,4.591610333332281e-05,482.5693879947721,10.289467994880397,472.2799199998917,0.0,19e1267e270fb26a4e6da10a2e33f407c4cde82d,7fdc85f695827cd40610ae43ca440f13cb399989fda72657811baf795f8607dc,2026-09-19T14:06:00.661433+00:00,measured,measured,0.0,0
564,82ffab4f3212414c93e585b84d0b5fb9d2dfac15354ba0fbf04142cea614638e,2,triviaqa:0057,L0,v1,Qwen/Qwen2.5-1.5B-Instruct,The Industrial Revolution started in Britain.,Industrial Revolution,0,0,0.5714285714285715,,judge-stub/unwired,26,7,0.33549081799992564,1,0.0,3.261716286110388e-05,344.3271520036433,8.836334003717639,335.49081799992564,0.0,19e1267e270fb26a4e6da10a2e33f407c4cde82d,7fdc85f695827cd40610ae43ca440f13cb399989fda72657811baf795f8607dc,2026-09-19T14:06:01.245773+00:00,measured,measured,0.0,0
565,542db807db9a6b111a1e0d40e03f918ba8bf05d38e33cda637842248be9924da,0,triviaqa:0058,L0,v1,Qwen/Qwen2.5-1.5B-Instruct,DNA was discovered to be helical and contains genetic instructions.,DNA,0,0,0.18181818181818182,,judge-stub/unwired,25,12,0.5402978669999356,1,0.0,5.2528959291660406e-05,549.475226002869,9.177359002933372,540.2978669999356,0.0,19e1267e270fb26a4e6da10a2e33f407c4cde82d,7fdc85f695827cd40610ae43ca440f13cb399989fda72657811baf795f8607dc,2026-09-19T14:06:02.042707+00:00,measured,measured,0.0,0
566,ad099578ffaa2bea664358cd8f9ed4de41e712ec52c8aa358bb667c561373f29,1,triviaqa:0058,L0,v1,Qwen/Qwen2.5-1.5B-Instruct,"DNA, discovered by Watson and Crick in 1953, carries genetic instructions in a double-helix structure.",DNA,0,0,0.125,,judge-stub/unwired,25,25,1.039664807999543,1,0.0,0.00010107852299995557,1048.8122129982003,9.147404998657294,1039.664807999543,0.0,19e1267e270fb26a4e6da10a2e33f407c4cde82d,7fdc85f695827cd40610ae43ca440f13cb399989fda72657811baf795f8607dc,2026-09-19T14:06:03.394075+00:00,measured,measured,0.0,0
567,9841b54597e428a6f7b0aca462fbf9fca026f584caf833d018389c7023af6e89,2,triviaqa:0058,L0,v1,Qwen/Qwen2.5-1.5B-Instruct,DNA was discovered to have a double-helix structure.,DNA,0,0,0.2222222222222222,,judge-stub/unwired,25,11,0.49309097299919813,1,0.0,4.793940015269982e-05,503.5140889995091,10.423116000310984,493.09097299919813,0.0,19e1267e270fb26a4e6da10a2e33f407c4cde82d,7fdc85f695827cd40610ae43ca440f13cb399989fda72657811baf795f8607dc,2026-09-19T14:06:04.192182+00:00,measured,measured,0.0,0
568,ef3659389b7d7cd0b8c7800945a0ae894060d0754076caae4e7ea8903ef2e9fa,0,triviaqa:0059,L0,v1,Qwen/Qwen2.5-1.5B-Instruct,"The Eiffel Tower, completed in 1889 for the World's Fair, stands at 324 meters tall.",Eiffel Tower,0,0,0.25,,judge-stub/unwired,28,28,1.1844260070001837,1,0.0,0.00011515252845835119,1194.8739630033742,10.447956003190484,1184.4260070001837,0.0,19e1267e270fb26a4e6da10a2e33f407c4cde82d,7fdc85f695827cd40610ae43ca440f13cb399989fda72657811baf795f8607dc,2026-09-19T14:06:05.701078+00:00,measured,measured,0.0,0
569,8e1710783c1e06dc2c894e4029c32483094b60fdbb096029ec134aee4122c071,1,triviaqa:0059,L0,v1,Qwen/Qwen2.5-1.5B-Instruct,"Completed in 1889, the Eiffel Tower was built for the World's Fair.",Eiffel Tower,0,0,0.3076923076923077,,judge-stub/unwired,28,21,0.9064055090002512,1,0.0,8.812275781946886e-05,913.8815639980749,7.476054997823667,906.4055090002512,0.0,19e1267e270fb26a4e6da10a2e33f407c4cde82d,7fdc85f695827cd40610ae43ca440f13cb399989fda72657811baf795f8607dc,2026-09-19T14:06:07.033359+00:00,measured,measured,0.0,0
570,8c60667e609f833765439ab1bf5160d1512f0ca95b908e55346ab31fba08c947,2,triviaqa:0059,L0,v1,Qwen/Qwen2.5-1.5B-Instruct,"Completed for the World's Fair in 1889, the Eiffel Tower stands in Paris.",Eiffel Tower,0,0,0.2857142857142857,,judge-stub/unwired,28,22,0.9557263990000138,1,0.0,9.291784434722356e-05,961.4552139983061,5.728814998292364,955.7263990000138,0.0,19e1267e270fb26a4e6da10a2e33f407c4cde82d,7fdc85f695827cd40610ae43ca440f13cb399989fda72657811baf795f8607dc,2026-09-19T14:06:08.389381+00:00,measured,measured,0.0,0
571,17c9c21d331f256fefd5b7e5f5c071f18c086f48f138fa3db9ce0391b8a5d435,0,triviaqa:0060,L0,v1,Qwen/Qwen2.5-1.5B-Instruct,Marie Curie won Nobel Prizes in Physics and Chemistry.,Marie Curie,0,0,0.3636363636363636,,judge-stub/unwired,26,12,0.5423349739994592,1,0.0,5.272701136105853e-05,547.1414280018507,4.806454002391547,542.3349739994592,0.0,19e1267e270fb26a4e6da10a2e33f407c4cde82d,7fdc85f695827cd40610ae43ca440f13cb399989fda72657811baf795f8607dc,2026-09-19T14:06:09.241894+00:00,measured,measured,0.0,0
572,f67e43e9fb0baae1815754916839a1f6f6d1b4b20333b2b0d3a9580cbd068eb0,1,triviaqa:0060,L0,v1,Qwen/Qwen2.5-1.5B-Instruct,Marie Curie won Nobel Prizes in Physics (1903) and Chemistry (1911).,Marie Curie,0,0,0.3076923076923077,,judge-stub/unwired,26,23,1.0019279659991298,1,0.0,9.740966336102651e-05,1006.8252869987191,4.897320999589283,1001.9279659991298,0.0,19e1267e270fb26a4e6da10a2e33f407c4cde82d,7fdc85f695827cd40610ae43ca440f13cb399989fda72657811baf795f8607dc,2026-09-19T14:06:10.532595+00:00,measured,measured,0.0,0
573,d8b0a0193c17a7938d05d8076bdb76645d8ac913b4c3049b9d7c38f95a81b555,2,triviaqa:0060,L0,v1,Qwen/Qwen2.5-1.5B-Instruct,Marie Curie was awarded Nobel Prizes in both Physics (in 1903) and Chemistry (in 1911).,Marie Curie,0,0,0.23529411764705882,,judge-stub/unwired,26,29,1.5784219779998239,1,0.0,0.0001534576923055384,1583.2869060068333,4.864928007009439,1578.4219779998239,0.0,19e1267e270fb26a4e6da10a2e33f407c4cde82d,7fdc85f695827cd40610ae43ca440f13cb399989fda72657811baf795f8607dc,2026-09-19T14:06:12.428479+00:00,measured,measured,0.0,0
574,640efc10fb00a35b732247f4e7968814ee95da41bc3a49eb2278db3306e14f93,0,triviaqa:0061,L0,v1,Qwen/Qwen2.5-1.5B-Instruct,The Renaissance was a cultural rebirth in Europe.,Renaissance,0,0,0.2857142857142857,,judge-stub/unwired,30,10,0.6127161540007364,1,0.0,5.956962608340493e-05,619.1856800014648,6.469526000728365,612.7161540007364,0.0,19e1267e270fb26a4e6da10a2e33f407c4cde82d,7fdc85f695827cd40610ae43ca440f13cb399989fda72657811baf795f8607dc,2026-09-19T14:06:13.440418+00:00,measured,measured,0.0,0
575,6bc4387cabef3d84eae30c82d37bdc1cda02cad2c1df5a513d1a00e8ab614328,1,triviaqa:0061,L0,v1,Qwen/Qwen2.5-1.5B-Instruct,The Renaissance was a cultural rebirth in Europe.,Renaissance,0,0,0.2857142857142857,,judge-stub/unwired,30,10,0.45626180799990834,1,0.0,4.4358786888879974e-05,461.8874630014034,5.6256550014950335,456.26180799990834,0.0,19e1267e270fb26a4e6da10a2e33f407c4cde82d,7fdc85f695827cd40610ae43ca440f13cb399989fda72657811baf795f8607dc,2026-09-19T14:06:14.217477+00:00,measured,measured,0.0,0
576,c2791651782b0034d5693ae7451d843a6d380515818c731af29650fdd7df0854,2,triviaqa:0061,L0,v1,Qwen/Qwen2.5-1.5B-Instruct,The Renaissance was a cultural rebirth in Europe.,Renaissance,0,0,0.2857142857142857,,judge-stub/unwired,30,10,0.4536672969998108,1,0.0,4.410654276387049e-05,462.52313700188097,8.855840002070181,453.6672969998108,0.0,19e1267e270fb26a4e6da10a2e33f407c4cde82d,7fdc85f695827cd40610ae43ca440f13cb399989fda72657811baf795f8607dc,2026-09-19T14:06:14.970670+00:00,measured,measured,0.0,0
577,1c8e7fae05193d65a7bf7c4b3c3525e61267a9cbd7954cc613810e724e84b070,0,triviaqa:0062,L0,v1,Qwen/Qwen2.5-1.5B-Instruct,Neural networks learn representations through layered weighted connections.,neural networks,0,0,0.4,,judge-stub/unwired,23,9,0.4490167759995529,1,0.0,4.365440877773431e-05,454.1574570012017,5.1406810016487725,449.0167759995529,0.0,19e1267e270fb26a4e6da10a2e33f407c4cde82d,7fdc85f695827cd40610ae43ca440f13cb399989fda72657811baf795f8607dc,2026-09-19T14:06:15.694375+00:00,measured,measured,0.0,0
578,5bd411e6c2487a1f21cb992766dbbc56ca1a7b2a1cc9ae75322ef26668d73bd2,1,triviaqa:0062,L0,v1,Qwen/Qwen2.5-1.5B-Instruct,Neural networks learn representations through layered weighted connections.,neural networks,0,0,0.4,,judge-stub/unwired,23,9,0.3996123509996323,1,0.0,3.885120079163092e-05,404.3039369998951,4.69158600026276,399.6123509996323,0.0,19e1267e270fb26a4e6da10a2e33f407c4cde82d,7fdc85f695827cd40610ae43ca440f13cb399989fda72657811baf795f8607dc,2026-09-19T14:06:16.357038+00:00,measured,measured,0.0,0
579,d3019412e0de2dbaabf6362768f0acf62b836bb955f6a7f53d8047e05a1a5f11,2,triviaqa:0062,L0,v1,Qwen/Qwen2.5-1.5B-Instruct,Neural networks learn representations through layered weighted connections.,neural networks,0,0,0.4,,judge-stub/unwired,23,9,0.40722603399990476,1,0.0,3.959141997221296e-05,413.0355420020351,5.809508002130315,407.22603399990476,0.0,19e1267e270fb26a4e6da10a2e33f407c4cde82d,7fdc85f695827cd40610ae43ca440f13cb399989fda72657811baf795f8607dc,2026-09-19T14:06:17.009875+00:00,measured,measured,0.0,0
580,424861eba52ecb60ea2065bf8c60bac58f2b9a8a657cc956bd5a1767f5a5936c,0,triviaqa:0063,L0,v1,Qwen/Qwen2.5-1.5B-Instruct,The Eiffel Tower was built for the 1889 World's Fair.,Eiffel Tower,0,0,0.3636363636363636,,judge-stub/unwired,28,18,0.7751562670000567,1,0.0,7.536241484722774e-05,779.9529439998878,4.7966769998311065,775.1562670000567,0.0,19e1267e270fb26a4e6da10a2e33f407c4cde82d,7fdc85f695827cd40610ae43ca440f13cb399989fda72657811baf795f8607dc,2026-09-19T14:06:18.069180+00:00,measured,measured,0.0,0
581,a9debcd3c61a814d37353c9a836a2244c626af91c338793b8ea24ff75e6ada84,1,triviaqa:0063,L0,v1,Qwen/Qwen2.5-1.5B-Instruct,"Completed in 1889, the Eiffel Tower was built for the World's Fair.",Eiffel Tower,0,0,0.3076923076923077,,judge-stub/unwired,28,21,0.9028755009994711,1,0.0,8.77795625971708e-05,908.4985969957415,5.623095996270422,902.8755009994711,0.0,19e1267e270fb26a4e6da10a2e33f407c4cde82d,7fdc85f695827cd40610ae43ca440f13cb399989fda72657811baf795f8607dc,2026-09-19T14:06:19.205503+00:00,measured,measured,0.0,0
582,625c84cd47d6b4993ca1bb32d30e1aa145416f17e4028c9787d8f46bb152c768,2,triviaqa:0063,L0,v1,Qwen/Qwen2.5-1.5B-Instruct,The Eiffel Tower in Paris was built for the 1889 World's Fair.,Eiffel Tower,0,0,0.3076923076923077,,judge-stub/unwired,28,20,0.8680977710000661,1,0.0,8.43983944027842e-05,878.3795059980548,10.281734997988679,868.0977710000661,0.0,19e1267e270fb26a4e6da10a2e33f407c4cde82d,7fdc85f695827cd40610ae43ca440f13cb399989fda72657811baf795f8607dc,2026-09-19T14:06:20.356403+00:00,measured,measured,0.0,0
583,f6974c5fb8e5bba46e7649b66384d504e16c8c36f44a944a607a0964e01f1bb5,0,triviaqa:0064,L0,v1,Qwen/Qwen2.5-1.5B-Instruct,"The Great Wall of China

This wall is famous for its length, stretching over 21,000 kilometers (about 13,000 miles) across northern China.",Great Wall of China,0,0,0.29629629629629634,,judge-stub/unwired,30,39,1.6260393129996373,1,0.0,0.00015808715543052027,1635.6108990003122,9.57158600067487,1626.0393129996373,0.0,19e1267e270fb26a4e6da10a2e33f407c4cde82d,7fdc85f695827cd40610ae43ca440f13cb399989fda72657811baf795f8607dc,2026-09-19T14:06:22.249915+00:00,measured,measured,0.0,0
584,dcc5348ad0164167ec6ae2724b3985cf7ffefa61c6d4f9570ee5a060d48be272,1,triviaqa:0064,L0,v1,Qwen/Qwen2.5-1.5B-Instruct,"Badaling

This describes the Badaling section of the Great Wall of China. It is one of the most famous and well-preserved sections of the wall that runs for about 21 kilometers (13 miles) in the Shanshan District of Beijing. It was built during the Ming Dynasty as a defense against Mongol invasions and has been preserved since its completion in the late 16th century.

Key points:
- Location: Shanshan District, Beijing
- Length: About 13 miles
- Purpose: Defense against Mongol invasions
- Preservation: Well-preserved section of the Great Wall",Great Wall of China,0,0,0.09638554216867469,,judge-stub/unwired,30,127,5.826395318000323,1,0.0,0.0005664551003611425,5835.104414000853,8.709096000529826,5826.395318000323,0.0,19e1267e270fb26a4e6da10a2e33f407c4cde82d,7fdc85f695827cd40610ae43ca440f13cb399989fda72657811baf795f8607dc,2026-09-19T14:06:28.326310+00:00,measured,measured,0.0,0
585,838fe24b166e37fb0508150d1e7082fe571598d60f0b24655f5fc04e0b6f89ac,2,triviaqa:0064,L0,v1,Qwen/Qwen2.5-1.5B-Instruct,"The Great Wall of China

This wall is known for its length, stretching approximately 21,000 kilometers (over 13,000 miles) across northern China. It's a massive engineering feat that has stood as one of the most recognizable landmarks in Chinese culture and history. 

Note: While historically accurate, it should be noted that ""21,000 kilometers"" is an approximation due to measurement discrepancies throughout the wall's construction and historical records. However, the general understanding remains that the Great Wall spans a considerable distance northward from Beijing.",Great Wall of China,0,0,0.09523809523809523,,judge-stub/unwired,30,117,4.665950089999569,1,0.0,0.0004536340365277359,4674.786625001616,8.83653500204673,4665.950089999569,0.0,19e1267e270fb26a4e6da10a2e33f407c4cde82d,7fdc85f695827cd40610ae43ca440f13cb399989fda72657811baf795f8607dc,2026-09-19T14:06:33.355038+00:00,measured,measured,0.0,0
586,34a34f038020fe3554de92a36e0d01d1f6c4d4267c07b56027286ebd102a9c09,0,triviaqa:0065,L0,v1,Qwen/Qwen2.5-1.5B-Instruct,The Pacific Ocean is the largest and deepest ocean basin on Earth.,Pacific Ocean,0,0,0.33333333333333337,,judge-stub/unwired,27,13,0.5908783099994253,1,0.0,5.744650236105523e-05,597.3637469987807,6.485436999355443,590.8783099994253,0.0,19e1267e270fb26a4e6da10a2e33f407c4cde82d,7fdc85f695827cd40610ae43ca440f13cb399989fda72657811baf795f8607dc,2026-09-19T14:06:34.247538+00:00,measured,measured,0.0,0
587,776102062d88dca073fe857b99e843dd874e4aa0b80715e8043c8afb9601cfc0,1,triviaqa:0065,L0,v1,Qwen/Qwen2.5-1.5B-Instruct,The Pacific Ocean is the largest and deepest ocean basin on Earth.,Pacific Ocean,0,0,0.33333333333333337,,judge-stub/unwired,27,13,0.5781981860000087,1,0.0,5.621371252777862e-05,588.3188510069886,10.120665006979834,578.1981860000087,0.0,19e1267e270fb26a4e6da10a2e33f407c4cde82d,7fdc85f695827cd40610ae43ca440f13cb399989fda72657811baf795f8607dc,2026-09-19T14:06:35.228147+00:00,measured,measured,0.0,0
588,dbde336239f73610f594ab8742db584b7099c99a392aa507c4ed865731d1ab36,2,triviaqa:0065,L0,v1,Qwen/Qwen2.5-1.5B-Instruct,The Pacific Ocean is the largest and deepest ocean basin on Earth.,Pacific Ocean,0,0,0.33333333333333337,,judge-stub/unwired,27,13,0.6001882029995613,1,0.0,5.8351630847179566e-05,605.1736119952693,4.985408995707985,600.1882029995613,0.0,19e1267e270fb26a4e6da10a2e33f407c4cde82d,7fdc85f695827cd40610ae43ca440f13cb399989fda72657811baf795f8607dc,2026-09-19T14:06:36.162214+00:00,measured,measured,0.0,0
589,0d152e5ddb54bbc256cfd0e575f259e3489fd587c0e25d9190b726ddb63f9390,0,triviaqa:0066,L0,v1,Qwen/Qwen2.5-1.5B-Instruct,"The Great Wall of China

This wall is known for its length of approximately 21,000 kilometers (over 13,000 miles) and spans from east to west across northern China. It was constructed by various states during different periods in Chinese history as a defensive measure against invasions.",Great Wall of China,0,0,0.16,,judge-stub/unwired,30,64,3.203975084999911,1,0.0,0.00031149757770832464,3212.7650160018675,8.789931001956575,3203.975084999911,0.0,19e1267e270fb26a4e6da10a2e33f407c4cde82d,7fdc85f695827cd40610ae43ca440f13cb399989fda72657811baf795f8607dc,2026-09-19T14:06:39.734615+00:00,measured,measured,0.0,0
590,bb279e6702597487571af175e9f9921f9370834a5486d46a775c5c7f41df0ae9,1,triviaqa:0066,L0,v1,Qwen/Qwen2.5-1.5B-Instruct,"Badaling Great Wall

This is a famous stretch of the Great Wall in Beijing that is easily accessible and well-preserved. It's often mentioned as one of the best sections to see due to its accessibility and preservation efforts. However, it's worth noting that the total length claimed by the Great Wall of China can vary based on different sources, but it generally exceeds 21,000 km. Badaling is specifically known for being part of the UNESCO World Heritage site. 

The question asks about the Great Wall of China, which spans more than 21,000 kilometers from east to west across northern China. Badaling is a notable section within this vast structure. Therefore, while Badaling is not explicitly named in the given description, it is commonly referenced alongside other parts of the wall when discussing the overall length and significance of the Great Wall of China. 

In summary, Badaling is a specific location along the Great Wall of China, making it an appropriate answer for the described feature of stretching over 21,000 km.",Great Wall of China,0,0,0.049079754601226995,,judge-stub/unwired,30,215,8.530745719999686,1,0.0,0.0008293780561110806,8535.533091006073,4.78737100638682,8530.745719999686,0.0,19e1267e270fb26a4e6da10a2e33f407c4cde82d,7fdc85f695827cd40610ae43ca440f13cb399989fda72657811baf795f8607dc,2026-09-19T14:06:48.548266+00:00,measured,measured,0.0,0
591,f3f5c00c55e66dd753aa01043a0f1a596f30baaeb060d36bad18f72bc18f7b03,2,triviaqa:0066,L0,v1,Qwen/Qwen2.5-1.5B-Instruct,"The Great Wall of China

This is a common misconception. The Great Wall of China does not stretch over 21,000 kilometers; it is much shorter and more accurately described as stretching about 6,300 to 7,000 kilometers (4,500 to 4,300 miles) from east to west across northern China.

The correct information for the Great Wall of China would be:

- It was constructed by various states during the Warring States period in ancient China.
- It originally consisted of about 20,000 kilometers (12,400 miles).
- Most of the wall has been destroyed or rebuilt over time due to natural erosion and warfare.
- Today, only some sections are still visible, mainly in areas like Beijing, Badaling, Mutianyu, Shanhaiguan, Jiayuguan, Zhangjiakou, Jinshanling, Simatai, Huangyaguan, and Mutianyu. 

So, while the Great Wall of China is an impressive structure, its length should not be exaggerated as suggested in the question.",Great Wall of China,0,0,0.055944055944055944,,judge-stub/unwired,30,231,9.909642154000721,1,0.0,0.000963437431638959,9918.610452004032,8.968298003310338,9909.642154000721,0.0,19e1267e270fb26a4e6da10a2e33f407c4cde82d,7fdc85f695827cd40610ae43ca440f13cb399989fda72657811baf795f8607dc,2026-09-19T14:06:58.718834+00:00,measured,measured,0.0,0
592,d6ef05a0eedadb8b88d53f2f0e9b831d6954937e166d1dc8050d036866340d44,0,triviaqa:0067,L0,v1,Qwen/Qwen2.5-1.5B-Instruct,Convolutional and Recurrent Networks.,neural networks,0,0,0.3333333333333333,,judge-stub/unwired,24,8,0.38284985500013136,1,0.0,3.7221513680568325e-05,387.7215670008809,4.87171200074954,382.84985500013136,0.0,19e1267e270fb26a4e6da10a2e33f407c4cde82d,7fdc85f695827cd40610ae43ca440f13cb399989fda72657811baf795f8607dc,2026-09-19T14:06:59.352975+00:00,measured,measured,0.0,0
593,24d256bbd6bb8ded400667f4c46acb0a3d9c50f081abc3a2f34ff59e328406eb,1,triviaqa:0067,L0,v1,Qwen/Qwen2.5-1.5B-Instruct,"Deep learning, convolutional neural networks (CNNs), and recurrent neural networks (RNNs) are neural networks that use layered connections to learn representations.",neural networks,0,0,0.17391304347826084,,judge-stub/unwired,24,31,1.308497298000475,1,0.0,0.0001272150150833795,1313.4520050016363,4.954707001161296,1308.497298000475,0.0,19e1267e270fb26a4e6da10a2e33f407c4cde82d,7fdc85f695827cd40610ae43ca440f13cb399989fda72657811baf795f8607dc,2026-09-19T14:07:00.911551+00:00,measured,measured,0.0,0
594,69b38267f39e27752c0119a900d4de375b826235984ce6c597ea6535a9ed972f,2,triviaqa:0067,L0,v1,Qwen/Qwen2.5-1.5B-Instruct,"Artificial neural networks, deep learning.",neural networks,0,0,0.5714285714285715,,judge-stub/unwired,24,7,0.3250329510001393,1,0.0,3.16004257916802e-05,334.3758699948012,9.342918994661886,325.0329510001393,0.0,19e1267e270fb26a4e6da10a2e33f407c4cde82d,7fdc85f695827cd40610ae43ca440f13cb399989fda72657811baf795f8607dc,2026-09-19T14:07:01.494187+00:00,measured,measured,0.0,0
595,4b8f0a5350fd2d12139ede754ad046386ed8ddb487d594f7f56e2f11e12fa3af,0,triviaqa:0068,L0,v1,Qwen/Qwen2.5-1.5B-Instruct,The Roman Empire under Augustus.,Roman Empire,0,0,0.6666666666666666,,judge-stub/unwired,28,7,0.42446160899999086,1,0.0,4.126710087499911e-05,429.907292003918,5.445683003927115,424.46160899999086,0.0,19e1267e270fb26a4e6da10a2e33f407c4cde82d,7fdc85f695827cd40610ae43ca440f13cb399989fda72657811baf795f8607dc,2026-09-19T14:07:02.175871+00:00,measured,measured,0.0,0
596,9a8edac21ab7c1e089bf66bbc12825f868b39751192b75c5af5fdbe25f3b7c23,1,triviaqa:0068,L0,v1,Qwen/Qwen2.5-1.5B-Instruct,"The Roman Empire of Augustus to Trajan. 

This empire, established by Augustus in 27 BC and reached its territorial peak under Emperor Trajan (98-117 AD), covered Europe, North Africa, and parts of Asia Minor, effectively spanning three continents: Europe, Asia, and Africa. It was characterized by extensive conquests and a vast network of roads that facilitated trade and communication across these territories.",Roman Empire,0,0,0.06349206349206349,,judge-stub/unwired,28,87,3.9246877489995313,1,0.0,0.00038156686448606554,3933.664683993811,8.976934994279873,3924.6877489995313,0.0,19e1267e270fb26a4e6da10a2e33f407c4cde82d,7fdc85f695827cd40610ae43ca440f13cb399989fda72657811baf795f8607dc,2026-09-19T14:07:06.364845+00:00,measured,measured,0.0,0
597,2b6005e4041e70fef7fcdec219cb53b3ba4610e05bdf1260e55680d5bf3db9c9,2,triviaqa:0068,L0,v1,Qwen/Qwen2.5-1.5B-Instruct,"Rome

This empire, known as the Roman Empire, reached its greatest extent in the 2nd century AD and encompassed much of Europe, North Africa, and parts of Asia. It was centered on Rome but had control over vast territories across three continents: Europe (north of the Danube), Africa (south of Egypt), and Asia Minor (modern-day Turkey). Its influence extended to the east beyond Mesopotamia, reaching as far as the Indus River by some estimates. This expansion made it one of the largest empires in history.",Roman Empire,0,0,0.04878048780487806,,judge-stub/unwired,28,111,4.364091121999991,1,0.0,0.00042428663686111014,4376.951011997335,12.859889997343998,4364.091121999991,0.0,19e1267e270fb26a4e6da10a2e33f407c4cde82d,7fdc85f695827cd40610ae43ca440f13cb399989fda72657811baf795f8607dc,2026-09-19T14:07:11.036822+00:00,measured,measured,0.0,0
598,b212b938e5fd1e93be1d4c1dd503a7cd17825238259de74a4e9b578dd247df19,0,triviaqa:0069,L0,v1,Qwen/Qwen2.5-1.5B-Instruct,"The Eiffel Tower, completed in 1889 for the World's Fair.",Eiffel Tower,0,0,0.3636363636363636,,judge-stub/unwired,29,19,0.833627391999471,1,0.0,8.104710755550412e-05,839.7303470046609,6.1029550051898696,833.627391999471,0.0,19e1267e270fb26a4e6da10a2e33f407c4cde82d,7fdc85f695827cd40610ae43ca440f13cb399989fda72657811baf795f8607dc,2026-09-19T14:07:12.109317+00:00,measured,measured,0.0,0
599,aa0ab47dd41cf28ed3f8c0f0510c974bdefde6242dd9617ac541c30de8e65bdb,1,triviaqa:0069,L0,v1,Qwen/Qwen2.5-1.5B-Instruct,"The Eiffel Tower, located in Paris, was built in 1889 for the World's Fair.",Eiffel Tower,0,0,0.2666666666666667,,judge-stub/unwired,29,24,0.9994017489998441,1,0.0,9.71640589305404e-05,1008.2368999983373,8.83515099849319,999.4017489998441,0.0,19e1267e270fb26a4e6da10a2e33f407c4cde82d,7fdc85f695827cd40610ae43ca440f13cb399989fda72657811baf795f8607dc,2026-09-19T14:07:13.404485+00:00,measured,measured,0.0,0
600,dca60fbdabccec51db04e0e690ade3bdfcad2bc00b660272b6f687bf2bfe3ef7,2,triviaqa:0069,L0,v1,Qwen/Qwen2.5-1.5B-Instruct,"Paris, France.",Eiffel Tower,0,0,0.0,,judge-stub/unwired,29,4,0.2132071169999108,1,0.0,2.072846970832466e-05,218.3633650001866,5.156248000275809,213.2071169999108,0.0,19e1267e270fb26a4e6da10a2e33f407c4cde82d,7fdc85f695827cd40610ae43ca440f13cb399989fda72657811baf795f8607dc,2026-09-19T14:07:13.886426+00:00,measured,measured,0.0,0
601,a81f60f36a983df48489e02fe84d28fcfb644ff88abb54ff996323fcef424ad3,0,hotpotqa:0000,L1,v1,Qwen/Qwen2.5-1.5B-Instruct,Both were part of the same period known as Early Modern Era.,Industrial Revolution,0,0,0.0,,judge-stub/unwired,112,13,0.6412570570000753,1,0.0,6.234443609722953e-05,652.9274239992446,11.670366999169346,641.2570570000753,0.0,19e1267e270fb26a4e6da10a2e33f407c4cde82d,7fdc85f695827cd40610ae43ca440f13cb399989fda72657811baf795f8607dc,2026-09-19T14:07:20.741277+00:00,measured,measured,0.0,0
602,6f53d225809eeb69e4b99551a6979e09d9fe11508c53dbf06b60324114da9259,1,hotpotqa:0000,L1,v1,Qwen/Qwen2.5-1.5B-Instruct,"None of the passages provide information about a connection between the Industrial Revolution and Renaissance historically. They all state that the Industrial Revolution began in Britain in the late 18th century, without mentioning any historical connections to the Renaissance. 

However, if we must choose one from the given context:

The passage does not explicitly connect the Industrial Revolution to the Renaissance. It only states that the Industrial Revolution occurred in the late 18th century and provides additional details about its documentation but does not mention any historical connections or relationships between these two periods. Therefore, based on the provided context, none of the options directly answer what connects the Industrial Revolution to the Renaissance historically. However, since the question asks for an option, let's consider it as follows:

Industrial Revolution and Renaissance are distinct historical periods; there is no direct historical connection established by the provided context. Thus, a suitable response could be:

None of the passages provide information about a connection between the Industrial Revolution and Renaissance historically.",Industrial Revolution,0,0,0.026845637583892617,,judge-stub/unwired,112,195,8.523188031000245,1,0.0,0.0008286432807916905,8531.184514000415,7.996483000169974,8523.188031000245,0.0,19e1267e270fb26a4e6da10a2e33f407c4cde82d,7fdc85f695827cd40610ae43ca440f13cb399989fda72657811baf795f8607dc,2026-09-19T14:07:29.545948+00:00,measured,measured,0.0,0
603,c657ee13dc83c7af5965f00f10b2cd900152169c2f043f7a96cc8abe04486875,2,hotpotqa:0000,L1,v1,Qwen/Qwen2.5-1.5B-Instruct,"Both the Industrial Revolution and the Renaissance are periods of significant social, economic, and cultural change that occurred during the late 17th to early 19th centuries.",Industrial Revolution,0,0,0.16,,judge-stub/unwired,112,35,1.4166959510002926,1,0.0,0.00013773432856947288,1421.0608409957786,4.36488999548601,1416.6959510002926,0.0,19e1267e270fb26a4e6da10a2e33f407c4cde82d,7fdc85f695827cd40610ae43ca440f13cb399989fda72657811baf795f8607dc,2026-09-19T14:07:31.203855+00:00,measured,measured,0.0,0
604,8856caf542b15d829ee73d00baf6cc45c3b8d8a2e86e08a808bdccf48b51c1c4,0,hotpotqa:0001,L1,v1,Qwen/Qwen2.5-1.5B-Instruct,"Both are ancient structures but the Great Wall of China predates DNA. The Great Wall of China was built during the Ming Dynasty in the early 16th century, while DNA is a recent scientific discovery made possible by advancements in molecular biology in the mid-20th century.",DNA,0,0,0.047619047619047616,,judge-stub/unwired,122,57,2.2823449050001727,1,0.0,0.00022189464354168344,2287.0268989963733,4.681993996200617,2282.3449050001727,0.0,19e1267e270fb26a4e6da10a2e33f407c4cde82d,7fdc85f695827cd40610ae43ca440f13cb399989fda72657811baf795f8607dc,2026-09-19T14:07:33.770999+00:00,measured,measured,0.0,0
605,647a65001e5be6e68630ab591c8361071dd8411ffebc61e03c7ccc0ea2367e04,1,hotpotqa:0001,L1,v1,Qwen/Qwen2.5-1.5B-Instruct,"Both are ancient structures but the Great Wall of China is older than DNA. The Great Wall was constructed during the Ming Dynasty (1368-1644 AD), while DNA research began in the late 19th century. Therefore, the Great Wall of China came before DNA in terms of time. 

The Great Wall of China is a physical structure that has been in existence for thousands of years, dating back to the 7th century BC. On the other hand, DNA is an organic molecule found within cells that plays a crucial role in heredity and genetic information storage. It wasn't until the early 20th century that scientists developed techniques to study DNA, such as X-ray crystallography by Rosalind Franklin and James Watson and Francis Crick's later work. Thus, DNA is much younger than the Great Wall of China.",DNA,0,0,0.015748031496062992,,judge-stub/unwired,122,177,7.726720280999871,1,0.0,0.0007512089162083206,7731.631792001281,4.911511001409963,7726.720280999871,0.0,19e1267e270fb26a4e6da10a2e33f407c4cde82d,7fdc85f695827cd40610ae43ca440f13cb399989fda72657811baf795f8607dc,2026-09-19T14:07:41.740396+00:00,measured,measured,0.0,0
606,6e52bcddeefc81d4cb653f6913a79d3c50c8c0f7fa9273c6d78b22070fcce7b6,2,hotpotqa:0001,L1,v1,Qwen/Qwen2.5-1.5B-Instruct,"Neither can be compared as they are unrelated. 

Explanation: DNA is a molecule found in living organisms, while the Great Wall of China is an ancient man-made structure built over thousands of years. They exist in completely different domains - biological and architectural respectively - making comparison impossible.",DNA,0,0,0.044444444444444446,,judge-stub/unwired,122,55,2.2383072180000454,1,0.0,0.00021761320175000442,2242.7563430010196,4.449125000974163,2238.3072180000454,0.0,19e1267e270fb26a4e6da10a2e33f407c4cde82d,7fdc85f695827cd40610ae43ca440f13cb399989fda72657811baf795f8607dc,2026-09-19T14:07:44.242010+00:00,measured,measured,0.0,0
607,22c650f84e152f0c138740f29b8512a4a4cc7dddc4900772c2034461552e46dc,0,hotpotqa:0002,L1,v1,Qwen/Qwen2.5-1.5B-Instruct,"None of the provided passages mention any historical connection between neural networks and Mount Everest. The text focuses on a common scientific concept about how neural networks learn through layers of weighted connections, but does not relate to historical events or places like Mount Everest.",neural networks,0,0,0.0909090909090909,,judge-stub/unwired,98,48,1.979111519000071,1,0.0,0.00019241361990278468,1988.8255180030683,9.713999002997298,1979.111519000071,0.0,19e1267e270fb26a4e6da10a2e33f407c4cde82d,7fdc85f695827cd40610ae43ca440f13cb399989fda72657811baf795f8607dc,2026-09-19T14:07:46.480291+00:00,measured,measured,0.0,0
608,4a229df098738c57983bd1e589a8045435da12d1eec451ba406513ce1058efae,1,hotpotqa:0002,L1,v1,Qwen/Qwen2.5-1.5B-Instruct,"None of these statements directly connect neural networks to Mount Everest. The provided passage emphasizes that neural networks are a concept in computer science, specifically machine learning models that process information through layers of interconnected nodes or neurons, which has been extensively documented. There's no historical connection mentioned between neural networks and Mount Everest. 

However, if you're asking about the physical distance between them (which seems to be implied by ""Mount Everest""), it would be approximately 8,849 meters above sea level. But this doesn't relate to the neural network aspect either.",neural networks,0,0,0.043010752688172046,,judge-stub/unwired,98,111,4.442990794000252,1,0.0,0.0004319574383055801,4451.672459000292,8.681665000040084,4442.990794000252,0.0,19e1267e270fb26a4e6da10a2e33f407c4cde82d,7fdc85f695827cd40610ae43ca440f13cb399989fda72657811baf795f8607dc,2026-09-19T14:07:51.168635+00:00,measured,measured,0.0,0
609,ba4cb48241e6ec46c6965ceec34a41e6c54d068c1eb08b0ec834f9558f60257b,2,hotpotqa:0002,L1,v1,Qwen/Qwen2.5-1.5B-Instruct,"None, as all references are to neural networks learning representations. There is no historical connection between neural networks and Mount Everest.",neural networks,0,0,0.17391304347826084,,judge-stub/unwired,98,24,1.2892854100000477,1,0.0,0.00012534719263889352,1293.5491069956697,4.263696995622013,1289.2854100000477,0.0,19e1267e270fb26a4e6da10a2e33f407c4cde82d,7fdc85f695827cd40610ae43ca440f13cb399989fda72657811baf795f8607dc,2026-09-19T14:07:52.714389+00:00,measured,measured,0.0,0
610,2b605060d2f7e722ff6072966df3beed39ceed83879030d223059dd217779226,0,hotpotqa:0003,L1,v1,Qwen/Qwen2.5-1.5B-Instruct,"World War II occurred before DNA, as it was a historical event that took place between 1939-1945, while DNA structure was discovered in 1953 by James Watson and Francis Crick.",World War II,0,0,0.18181818181818182,,judge-stub/unwired,131,47,2.1879716459998235,1,0.0,0.00021271946558331617,2196.8307059987637,8.85905999894021,2187.9716459998235,0.0,19e1267e270fb26a4e6da10a2e33f407c4cde82d,7fdc85f695827cd40610ae43ca440f13cb399989fda72657811baf795f8607dc,2026-09-19T14:07:55.163060+00:00,measured,measured,0.0,0
611,abfad22fd34ff406e1751ae135f2330478ea126e3aa015fe84bac00142446878,1,hotpotqa:0003,L1,v1,Qwen/Qwen2.5-1.5B-Instruct,"World War II occurred before DNA as it was developed later, around 1869-1903 by Frederick Gowland Hopkins. 

The passage provides multiple references to World War II ending in 1945, but does not explicitly state when DNA was discovered or developed. However, based on historical knowledge, we can infer that DNA was likely discovered after World War II due to its development occurring later than World War II itself. Therefore, DNA did not come before World War II; rather, it followed its conclusion. The specific year when DNA was actually discovered (around 1869-1903) is less relevant for answering this question about their relative timing compared to each other. Thus, while both events had significant impacts on human history, World War II preceded the discovery and development of DNA.",World War II,0,0,0.046511627906976744,,judge-stub/unwired,131,168,6.707946233999792,1,0.0,0.0006521614394166464,6712.625620998551,4.679386998759583,6707.946233999792,0.0,19e1267e270fb26a4e6da10a2e33f407c4cde82d,7fdc85f695827cd40610ae43ca440f13cb399989fda72657811baf795f8607dc,2026-09-19T14:08:02.114379+00:00,measured,measured,0.0,0
612,64f21ef573e2d2e78d9bb98be264145b5e311173ff15aa08e983ed96d187e72d,2,hotpotqa:0003,L1,v1,Qwen/Qwen2.5-1.5B-Instruct,"World War II came before DNA, as it was a historical event that occurred prior to the discovery of genetic material's structure by Watson and Crick. 

Justification: World War II, a major global conflict involving many countries, happened from 1939 to 1945. On the other hand, DNA (Deoxyribonucleic Acid) was discovered by James Watson and Francis Crick in 1953. Therefore, DNA came after World War II. The events were chronologically distinct, reflecting different periods in history.",World War II,0,0,0.07999999999999999,,judge-stub/unwired,131,113,5.232128964000367,1,0.0,0.000508679204833369,5236.463432001983,4.334468001616187,5232.128964000367,0.0,19e1267e270fb26a4e6da10a2e33f407c4cde82d,7fdc85f695827cd40610ae43ca440f13cb399989fda72657811baf795f8607dc,2026-09-19T14:08:07.608988+00:00,measured,measured,0.0,0
613,8450c32a0534c202988323785fabad18aeeeaef0592570491b817e2259402a73,0,hotpotqa:0004,L1,v1,Qwen/Qwen2.5-1.5B-Instruct,"World War II came before the Great Wall of China. World War II began in 1939 while the construction of the Great Wall of China started much earlier during the Qin Dynasty in 221 BC. Therefore, World War II was the preceding event that influenced the development and documentation of the Great Wall of China. 

The Great Wall of China, constructed between 221 BC and 1644 AD, has a long history dating back thousands of years. It played a significant role as an ancient defensive structure protecting China from invasions by nomadic tribes such as the Mongols. The Great Wall's extensive length, spanning approximately 21,000 kilometers (over 13,000 miles), reflects its importance in Chinese military strategy and national defense throughout different dynasties and periods. Its architectural complexity and scale make it one of the most impressive man-made structures in human history. Scholars often cite World War II as a reason for the increased interest in documenting historical events like the Great Wall of China due to the broader implications of global conflicts affecting cultural heritage preservation efforts worldwide. [1][2][3][4][5]",Great Wall of China,0,0,0.04624277456647399,,judge-stub/unwired,146,237,9.699971624000682,1,0.0,0.000943052796777844,9707.60817899827,7.6365549975889735,9699.971624000682,0.0,19e1267e270fb26a4e6da10a2e33f407c4cde82d,7fdc85f695827cd40610ae43ca440f13cb399989fda72657811baf795f8607dc,2026-09-19T14:08:17.583939+00:00,measured,measured,0.0,0
614,c416bf0bb10b7538c71c782c169078511a78dc7714f563fdae74cab651c2fcff,1,hotpotqa:0004,L1,v1,Qwen/Qwen2.5-1.5B-Instruct,"World War II came before the Great Wall of China. The Great Wall was constructed during the Ming Dynasty (1368-1644) after the end of World War II. [1], [2]

Explanation: World War II ended in 1945, while the Great Wall of China has been built since ancient times, specifically during the Ming Dynasty (1368-1644). Therefore, World War II occurred later than the construction of the Great Wall of China. [1], [2]",Great Wall of China,0,0,0.11594202898550725,,judge-stub/unwired,146,110,4.792790490000698,1,0.0,0.00046596574208340117,4797.318054997959,4.527564997260924,4792.790490000698,0.0,19e1267e270fb26a4e6da10a2e33f407c4cde82d,7fdc85f695827cd40610ae43ca440f13cb399989fda72657811baf795f8607dc,2026-09-19T14:08:22.674786+00:00,measured,measured,0.0,0
615,9692147f4ecf329effd855346a38987cc38d06b145da341118f6ae5476d40f61,2,hotpotqa:0004,L1,v1,Qwen/Qwen2.5-1.5B-Instruct,"World War II came before the Great Wall of China because World War II ended in 1945 while the Great Wall of China has a longer duration of over 21,000 kilometers.",Great Wall of China,0,0,0.2424242424242424,,judge-stub/unwired,146,42,1.7348519309998665,1,0.0,0.0001686661599583203,1742.6831170050718,7.831186005205382,1734.8519309998665,0.0,19e1267e270fb26a4e6da10a2e33f407c4cde82d,7fdc85f695827cd40610ae43ca440f13cb399989fda72657811baf795f8607dc,2026-09-19T14:08:24.683874+00:00,measured,measured,0.0,0
616,dfadcd3a6989eb9496ebae7f53e152a62a117298a2d56cd3f6c43fb979bbfdf1,0,hotpotqa:0005,L1,v1,Qwen/Qwen2.5-1.5B-Instruct,"The connection between the Industrial Revolution and quantum mechanics lies in their historical overlap, as both were developed during this period of technological advancement and scientific inquiry. [1], [2], [3], [4], [5] all emphasize that quantum mechanics was established through extensive documentation and scholarly work conducted during the Industrial Revolution era. This overlap highlights how advancements in technology and science often influence each other, leading to new discoveries and theories. 

This connection underscores the interplay between industrial development and scientific progress, suggesting that the foundation for understanding phenomena on a molecular scale—such as those described by quantum mechanics—was laid through these concurrent periods of innovation and discovery. The Industrial Revolution provided the context and motivation for scientists like Max Planck, who first formulated the principles of quantum theory, and the subsequent development of quantum mechanics as we know it today. Thus, while quantum mechanics itself does not directly reference the Industrial Revolution, its development was profoundly shaped by the broader scientific and technological milieu of the time.",Industrial Revolution,0,0,0.025641025641025647,,judge-stub/unwired,116,197,8.468744224000147,1,0.0,0.0008233501328889032,8474.047328000779,5.30310400063172,8468.744224000147,0.0,19e1267e270fb26a4e6da10a2e33f407c4cde82d,7fdc85f695827cd40610ae43ca440f13cb399989fda72657811baf795f8607dc,2026-09-19T14:08:33.437914+00:00,measured,measured,0.0,0
617,397b2b17b8fab1e93c3fcb7ea845c54b4aaafea8ac5b2f7a3c0149f9823899e4,1,hotpotqa:0005,L1,v1,Qwen/Qwen2.5-1.5B-Instruct,"The connection between the Industrial Revolution and quantum mechanics lies in their historical development, as scholars have linked these fields back to developments around the Industrial Revolution. [3] provides this historical context directly.",Industrial Revolution,0,0,0.125,,judge-stub/unwired,116,38,1.5318728900001588,1,0.0,0.0001489320865277932,1536.1893000062992,4.316410006140359,1531.8728900001588,0.0,19e1267e270fb26a4e6da10a2e33f407c4cde82d,7fdc85f695827cd40610ae43ca440f13cb399989fda72657811baf795f8607dc,2026-09-19T14:08:35.248686+00:00,measured,measured,0.0,0
618,74eb989a6511ed143567abed72df41e58fc36c71ada32d3d80faf06c5b78e5c7,2,hotpotqa:0005,L1,v1,Qwen/Qwen2.5-1.5B-Instruct,"The Industrial Revolution connected quantum mechanics through its influence on scientific advancements in the 19th century, which laid foundational knowledge for quantum theory's development.",Industrial Revolution,0,0,0.16,,judge-stub/unwired,116,30,1.2467835939996803,1,0.0,0.00012121507163885781,1255.4988049987514,8.715210999071132,1246.7835939996803,0.0,19e1267e270fb26a4e6da10a2e33f407c4cde82d,7fdc85f695827cd40610ae43ca440f13cb399989fda72657811baf795f8607dc,2026-09-19T14:08:36.773894+00:00,measured,measured,0.0,0
619,c0bf5e20b5317c5440fa836058af6b5301bd682e1814cc1b64a003a35cafb06b,0,hotpotqa:0006,L1,v1,Qwen/Qwen2.5-1.5B-Instruct,"Scholars link the Great Wall of China back to developments around Mona Lisa. 

This connection likely involves cultural or historical parallels between the two, possibly in terms of artistic influences or geographical connections that were understood at some point during history. However, without specific details from these sources, it's difficult to provide more precise information about how they are linked historically. The passage indicates a general understanding of their historical relevance but does not specify what exactly connects them.",Mona Lisa,0,0,0.05128205128205127,,judge-stub/unwired,133,88,3.549471045000246,1,0.0,0.0003450874627083572,3554.501735998201,5.030690997955389,3549.471045000246,0.0,19e1267e270fb26a4e6da10a2e33f407c4cde82d,7fdc85f695827cd40610ae43ca440f13cb399989fda72657811baf795f8607dc,2026-09-19T14:08:40.608783+00:00,measured,measured,0.0,0
620,b855081a3d3076081a29df0f6952b948d61e0c722b715218e252f5150828b156,1,hotpotqa:0006,L1,v1,Qwen/Qwen2.5-1.5B-Instruct,Scholarly links between the Great Wall of China and developments related to Leonardo da Vinci's Mona Lisa.,Mona Lisa,0,0,0.21052631578947367,,judge-stub/unwired,133,20,0.8346785130006538,1,0.0,8.114929987506355e-05,843.1939250031064,8.51541200245265,834.6785130006538,0.0,19e1267e270fb26a4e6da10a2e33f407c4cde82d,7fdc85f695827cd40610ae43ca440f13cb399989fda72657811baf795f8607dc,2026-09-19T14:08:41.715066+00:00,measured,measured,0.0,0
621,f2474999497a1bd48743dafd8b3dd2569b9b4fbb90a6264a8b0e4cae292c64a2,2,hotpotqa:0006,L1,v1,Qwen/Qwen2.5-1.5B-Instruct,Scholarly links between the Great Wall of China and the Mona Lisa. [4],Mona Lisa,0,0,0.3076923076923077,,judge-stub/unwired,133,17,0.943725617000382,1,0.0,9.17511016528149e-05,948.0940489975183,4.368431997136213,943.725617000382,0.0,19e1267e270fb26a4e6da10a2e33f407c4cde82d,7fdc85f695827cd40610ae43ca440f13cb399989fda72657811baf795f8607dc,2026-09-19T14:08:42.930465+00:00,measured,measured,0.0,0
622,2139e1bde16a78ae77bc9f8d3654545f1e8ad4036785be1848d7e0e2365ebd48,0,hotpotqa:0007,L1,v1,Qwen/Qwen2.5-1.5B-Instruct,Both are associated with significant historical events - the completion of the Eiffel Tower (1889) and the measurement of Mount Everest's height (1955). They both reflect advancements in engineering and technology during their respective times. [1-5],Eiffel Tower,0,0,0.1111111111111111,,judge-stub/unwired,114,54,2.5447210350002933,1,0.0,0.0002474034339583618,2549.0796010026315,4.358566002338193,2544.7210350002933,0.0,19e1267e270fb26a4e6da10a2e33f407c4cde82d,7fdc85f695827cd40610ae43ca440f13cb399989fda72657811baf795f8607dc,2026-09-19T14:08:45.748323+00:00,measured,measured,0.0,0
623,ddc09265ece7a6839fab678e90c051c53111bc688ffd0afd38a9f7b1bb6916f0,1,hotpotqa:0007,L1,v1,Qwen/Qwen2.5-1.5B-Instruct,"Historical documentation of both structures. 

Explanation: Both Mount Everest and the Eiffel Tower are mentioned as being ""widely documented"" in their respective historical contexts, connecting them historically through this common point of reference. [1], [2], [3], [4], and [5] all highlight that these iconic landmarks have been extensively studied and documented by scholars over time, which serves as a historical connection between them.",Eiffel Tower,0,0,0.06349206349206349,,judge-stub/unwired,114,85,3.356818397999632,1,0.0,0.0003263573442499642,3361.6903799966167,4.871981996984687,3356.818397999632,0.0,19e1267e270fb26a4e6da10a2e33f407c4cde82d,7fdc85f695827cd40610ae43ca440f13cb399989fda72657811baf795f8607dc,2026-09-19T14:08:49.401182+00:00,measured,measured,0.0,0
624,0c289f8021c88431842d464f615a6719474eaea389550bca76993ef2485c8bd9,2,hotpotqa:0007,L1,v1,Qwen/Qwen2.5-1.5B-Instruct,"Historical documentation of both structures. 

This connection is evident through their respective historical milestones (Eiffel Tower's completion in 1889 for the World's Fair) and their prominence as significant geographical features globally recognized through extensive records. [1], [2], [3], [4], [5].",Eiffel Tower,0,0,0.09302325581395349,,judge-stub/unwired,114,63,2.562467595000271,1,0.0,0.00024912879395835966,2570.0676659962483,7.600070995977148,2562.467595000271,0.0,19e1267e270fb26a4e6da10a2e33f407c4cde82d,7fdc85f695827cd40610ae43ca440f13cb399989fda72657811baf795f8607dc,2026-09-19T14:08:52.205900+00:00,measured,measured,0.0,0
625,1ef36ec868996019b06fced2f568d26455348300b31575d923dfef8e7b8eb5ee,0,hotpotqa:0008,L1,v1,Qwen/Qwen2.5-1.5B-Instruct,"Mona Lisa was created earlier than black holes, as it dates back from 16th century while black holes are a concept of modern astrophysics.",Mona Lisa,0,0,0.16,,judge-stub/unwired,129,31,1.2654364249992796,1,0.0,0.0001230285413193744,1276.08298499581,10.646559996530414,1265.4364249992796,0.0,19e1267e270fb26a4e6da10a2e33f407c4cde82d,7fdc85f695827cd40610ae43ca440f13cb399989fda72657811baf795f8607dc,2026-09-19T14:08:53.730177+00:00,measured,measured,0.0,0
626,7d04d308603f3b8b2f044761910058b577cbc7ea2ddec8b385ddd9fa3835f97d,1,hotpotqa:0008,L1,v1,Qwen/Qwen2.5-1.5B-Instruct,"Mona Lisa was created before black holes were discovered. Black holes are a theoretical concept, while the Mona Lisa is an actual artwork by Leonardo da Vinci that has been displayed at the Louvre since 1797. 

The Mona Lisa by Leonardo da Vinci was created around 1503-1506, long before black holes were identified as astronomical phenomena by astronomers in the late 18th century. While both have fascinated artists and scientists alike over centuries, they represent different domains of human knowledge and artistic expression.",Mona Lisa,0,0,0.05,,judge-stub/unwired,129,108,5.041947362000428,1,0.0,0.0004901893268611528,5046.427963994574,4.480601994146127,5041.947362000428,0.0,19e1267e270fb26a4e6da10a2e33f407c4cde82d,7fdc85f695827cd40610ae43ca440f13cb399989fda72657811baf795f8607dc,2026-09-19T14:08:59.038362+00:00,measured,measured,0.0,0
627,9b48396f6674fa8c1d9b6f6ed26afd2fb5cbc250b5c08529614dc6681c2b4b84,2,hotpotqa:0008,L1,v1,Qwen/Qwen2.5-1.5B-Instruct,"The Mona Lisa by Leonardo da Vinci was created before black holes were discovered, as the latter concept emerged later in scientific understanding. 

Explanation: The passage does not provide specific information about when black holes existed or when they were first observed. However, given that the Mona Lisa painting is attributed to Leonardo da Vinci around 1503-1506, while black hole theory began developing after this period, we can infer that the Mona Lisa predates black holes in terms of their existence and discovery within the known historical timeline of scientific knowledge.",Mona Lisa,0,0,0.04545454545454545,,judge-stub/unwired,129,110,4.317431552000016,1,0.0,0.00041975028977777934,4321.73971899374,4.308166993723717,4317.431552000016,0.0,19e1267e270fb26a4e6da10a2e33f407c4cde82d,7fdc85f695827cd40610ae43ca440f13cb399989fda72657811baf795f8607dc,2026-09-19T14:09:03.923763+00:00,measured,measured,0.0,0
628,5b563570845c58587c5606d34de4c927ec4bf1c59babec0f97eba8e392ab10b6,0,hotpotqa:0009,L1,v1,Qwen/Qwen2.5-1.5B-Instruct,None of the provided passages specifically mention a connection between Marie Curie and the Industrial Revolution. The information given focuses solely on her winning Nobel Prizes in Physics and Chemistry.,Marie Curie,0,0,0.14285714285714288,,judge-stub/unwired,116,34,1.3861244829995485,1,0.0,0.00013476210251384498,1390.5607779988713,4.436294999322854,1386.1244829995485,0.0,19e1267e270fb26a4e6da10a2e33f407c4cde82d,7fdc85f695827cd40610ae43ca440f13cb399989fda72657811baf795f8607dc,2026-09-19T14:09:05.615672+00:00,measured,measured,0.0,0
629,a2c1d05f717a8ca0f0a81467bc13573cfa62029d0c4ffcc932709a057444117f,1,hotpotqa:0009,L1,v1,Qwen/Qwen2.5-1.5B-Instruct,Industrial Revolution. [3],Marie Curie,0,0,0.0,,judge-stub/unwired,116,6,0.2891403989997343,1,0.0,2.811087212497417e-05,297.58322200359544,8.442823003861122,289.1403989997343,0.0,19e1267e270fb26a4e6da10a2e33f407c4cde82d,7fdc85f695827cd40610ae43ca440f13cb399989fda72657811baf795f8607dc,2026-09-19T14:09:06.196954+00:00,measured,measured,0.0,0
630,7a2f455b56daed5e994bd1902fb06322ff169c6380130ff5b1ea11ad2571470a,2,hotpotqa:0009,L1,v1,Qwen/Qwen2.5-1.5B-Instruct,"The additional information that mentions ""Industrial Revolution"" in passage [3].",Marie Curie,0,0,0.0,,judge-stub/unwired,116,14,0.6034468899997592,1,0.0,5.866844763886547e-05,607.8427650027152,4.395875002956018,603.4468899997592,0.0,19e1267e270fb26a4e6da10a2e33f407c4cde82d,7fdc85f695827cd40610ae43ca440f13cb399989fda72657811baf795f8607dc,2026-09-19T14:09:07.059806+00:00,measured,measured,0.0,0
631,07c19b0d0ebfa98fe395e8f2dae5e622dc1a782380010b6375b8dff853955fd7,0,hotpotqa:0010,L1,v1,Qwen/Qwen2.5-1.5B-Instruct,"Quantum mechanics preceded the Great Wall of China as they are related to different scientific fields - quantum mechanics is associated with microscopic particles, while the Great Wall is a historical architectural feat.",quantum mechanics,0,0,0.12903225806451613,,judge-stub/unwired,127,35,1.9176164300006349,1,0.0,0.00018643493069450616,1926.2952659992152,8.678835998580325,1917.6164300006349,0.0,19e1267e270fb26a4e6da10a2e33f407c4cde82d,7fdc85f695827cd40610ae43ca440f13cb399989fda72657811baf795f8607dc,2026-09-19T14:09:09.221399+00:00,measured,measured,0.0,0
632,6eadd673e6c60bca95c52ffcfbfa487e5a2ee7266399ef83ff272734e8329d20,1,hotpotqa:0010,L1,v1,Qwen/Qwen2.5-1.5B-Instruct,Quantum mechanics preceded the Great Wall of China; both concepts are related through their respective fields of study in physics and history respectively.,quantum mechanics,0,0,0.16666666666666669,,judge-stub/unwired,127,25,1.1204059259998758,1,0.0,0.00010892835391665458,1129.304256000978,8.898330001102295,1120.4059259998758,0.0,19e1267e270fb26a4e6da10a2e33f407c4cde82d,7fdc85f695827cd40610ae43ca440f13cb399989fda72657811baf795f8607dc,2026-09-19T14:09:10.618528+00:00,measured,measured,0.0,0
633,a7d108662602020fa12b39b68d2c039ac8fc8da893cebe0db7bf21813f042b17,2,hotpotqa:0010,L1,v1,Qwen/Qwen2.5-1.5B-Instruct,"Quantum mechanics preceded the Great Wall of China in terms of origin; quantum mechanics is a fundamental theory in physics that deals with phenomena occurring at the atomic scale, while the Great Wall of China is an ancient fortification built during the Ming dynasty spanning thousands of kilometers in length.",quantum mechanics,0,0,0.08695652173913045,,judge-stub/unwired,127,54,2.1909707210006673,1,0.0,0.00021301104231950932,2195.4221949936255,4.451473992958199,2190.9707210006673,0.0,19e1267e270fb26a4e6da10a2e33f407c4cde82d,7fdc85f695827cd40610ae43ca440f13cb399989fda72657811baf795f8607dc,2026-09-19T14:09:13.081110+00:00,measured,measured,0.0,0
634,af57dfa10f9ef493e7d735135cf0327f57fdee1d81200dc5a639f9753c8aef73,0,hotpotqa:0011,L1,v1,Qwen/Qwen2.5-1.5B-Instruct,"None of these statements provide information about when either Mona Lisa or the Renaissance began. They all simply describe that the Mona Lisa, painted by Leonardo da Vinci, is located in the Louvre in Paris and has extensive documentation. There is no comparison made between Mona Lisa and the Renaissance in terms of chronology. 

None of the provided passages contain relevant information to determine which event (Mona Lisa or Renaissance) came first. Each statement focuses solely on describing the location and documentation of the Mona Lisa painting at the Louvre without any temporal context. Therefore, based on the given data points, there's insufficient information to compare their respective beginnings. Thus, we cannot definitively state which one came first without additional historical context not present here. 

The question appears to be misaligned as it asks for a comparison of two unrelated concepts (""Mona Lisa"" and ""Renaissance"") when only one specific piece of art ('The Mona Lisa') is described directly. Hence, none of the statements can be used to address the timing relationship sought after in the question. 

In conclusion, the original query lacks sufficient contextual details from the passage to make meaningful comparisons or draw conclusions regarding when either Mona Lisa or the Renaissance may have begun. 

However, if we were to speculate hypothetically based purely",Mona Lisa,0,0,0.02,,judge-stub/unwired,125,256,10.812764936000349,1,0.0,0.0010512410354444784,10821.313107994683,8.548171994334552,10812.764936000349,0.0,19e1267e270fb26a4e6da10a2e33f407c4cde82d,7fdc85f695827cd40610ae43ca440f13cb399989fda72657811baf795f8607dc,2026-09-19T14:09:24.144127+00:00,measured,measured,0.0,0
635,22803ebb3889a2ae27885464dfc028bdb687d181555c3750fbeab8de1d0db2cf,1,hotpotqa:0011,L1,v1,Qwen/Qwen2.5-1.5B-Instruct,"The Mona Lisa was created before the Renaissance period, as it predates this artistic movement by several centuries.",Mona Lisa,0,0,0.2222222222222222,,judge-stub/unwired,125,21,0.8653151259995866,1,0.0,8.412785947218201e-05,869.7430699967299,4.427943997143302,865.3151259995866,0.0,19e1267e270fb26a4e6da10a2e33f407c4cde82d,7fdc85f695827cd40610ae43ca440f13cb399989fda72657811baf795f8607dc,2026-09-19T14:09:25.286849+00:00,measured,measured,0.0,0
636,cb1a03c4afe5edd29d316db2c920d60f3d414cbb741532be4b083200288f90a6,2,hotpotqa:0011,L1,v1,Qwen/Qwen2.5-1.5B-Instruct,"Mona Lisa was created before the Renaissance period, as it predates this cultural movement by several centuries. 

Explanation: The Mona Lisa (La Gioconda) is a portrait painted by Italian artist Leonardo da Vinci around 1503-1506. Da Vinci's works from this era are considered part of the early Renaissance style, characterized by humanism, realism, and a focus on natural forms. The Renaissance began much later, roughly spanning the 14th to 17th centuries, with significant developments occurring during the High Renaissance period following da Vinci's lifetime. Thus, while both art pieces represent the Renaissance, they do not share the same chronological origins.",Mona Lisa,0,0,0.04210526315789474,,judge-stub/unwired,125,137,5.410644225999931,1,0.0,0.0005260348553055488,5415.0252000017645,4.380974001833238,5410.644225999931,0.0,19e1267e270fb26a4e6da10a2e33f407c4cde82d,7fdc85f695827cd40610ae43ca440f13cb399989fda72657811baf795f8607dc,2026-09-19T14:09:30.981269+00:00,measured,measured,0.0,0
637,73b3044f956a97e9f56c4fa7efac66a59c49b5091e0acbdb79f0ca77f20c17b8,0,hotpotqa:0012,L1,v1,Qwen/Qwen2.5-1.5B-Instruct,"Both Rome and the Pacific Ocean were ancient historical entities, but they had different origins. The Roman Empire was founded in 27 BC under Augustus Caesar and expanded over time until its fall in AD 476. The Pacific Ocean has no specific founding date; however, it emerged as a significant body of water during the early stages of human exploration by European nations starting from the 15th century onwards. Therefore, while both have been influential throughout their respective periods, the Roman Empire predates the emergence of the Pacific Ocean. 

The key difference lies in when these entities began to exist or gain prominence within global history timelines. The Roman Empire developed gradually over centuries, whereas the Pacific Ocean's significance grew exponentially due to geographical discoveries and subsequent colonization efforts. Thus, the Roman Empire came first chronologically compared to the formation of the Pacific Ocean.",Roman Empire,0,0,0.030303030303030307,,judge-stub/unwired,121,171,7.586824682999577,1,0.0,0.0007376079552916255,7592.589684994891,5.765001995314378,7586.824682999577,0.0,19e1267e270fb26a4e6da10a2e33f407c4cde82d,7fdc85f695827cd40610ae43ca440f13cb399989fda72657811baf795f8607dc,2026-09-19T14:09:38.863289+00:00,measured,measured,0.0,0
638,bbcbecc98b64448d4577bcf4c3dc29cfdea05a77ee682088919186f7255b6cda,1,hotpotqa:0012,L1,v1,Qwen/Qwen2.5-1.5B-Instruct,"Both the Roman Empire and the Pacific Ocean were established long before the other, as they are two distinct historical entities that have existed for millennia.",Roman Empire,0,0,0.16,,judge-stub/unwired,121,28,1.172192246999657,1,0.0,0.00011396313512496666,1183.5007099989525,11.308462999295443,1172.192246999657,0.0,19e1267e270fb26a4e6da10a2e33f407c4cde82d,7fdc85f695827cd40610ae43ca440f13cb399989fda72657811baf795f8607dc,2026-09-19T14:09:40.290121+00:00,measured,measured,0.0,0
639,778ddb7cd215484d891e648691bbde971eadadc06013f67e3b0cacf940a393a1,2,hotpotqa:0012,L1,v1,Qwen/Qwen2.5-1.5B-Instruct,"Both the Roman Empire and the Pacific Ocean were established much later in human history, so they cannot be directly compared in terms of when each was formed. 

Explanation: The Roman Empire began in 27 BC under Augustus Caesar, while the Pacific Ocean did not exist until long after the end of the Roman period (around 80 AD). Therefore, neither can be said to have come ""first"" in comparison to the other. Their respective timescales are vastly different, making direct chronological comparisons impossible. 

The question's premise of a direct comparison based on their ""coming first"" or ""being established earlier"" leads to an incongruous result due to the temporal differences between these two historical entities. 

To provide a more accurate comparison, we would need to consider their respective timelines within human history rather than their existence as geographical features. The Roman Empire emerged during the classical era, whereas the Pacific Ocean arose gradually over millions of years through geological processes following the breakup of the supercontinent Pangaea. These divergent evolutionary histories make any such comparative analysis ill-advised from a time-based perspective. 

This detailed explanation provides clarity on why attempting to compare the establishment of the Roman Empire with that of the Pacific Ocean results in an inaccurate conclusion. It underscores the importance of considering temporal",Roman Empire,0,0,0.020408163265306124,,judge-stub/unwired,121,256,10.85983859299995,1,0.0,0.0010558176409861061,10864.251899996816,4.413306996866595,10859.83859299995,0.0,19e1267e270fb26a4e6da10a2e33f407c4cde82d,7fdc85f695827cd40610ae43ca440f13cb399989fda72657811baf795f8607dc,2026-09-19T14:09:51.431825+00:00,measured,measured,0.0,0
640,d1d8b19a037d21a8aa737e50167b1511dafc322ca40874f0c3a15b55d20ebaa0,0,hotpotqa:0013,L1,v1,Qwen/Qwen2.5-1.5B-Instruct,"None of the passages provide historical connections between Roman Empire and mitochondria. 

Justification: The provided passages are identical, each stating that ""The Roman Empire at its height spanned three continents around the Mediterranean."" There is no mention or connection to mitochondria in any of these statements. Therefore, there is no information about a historical link between Roman Empire and mitochondria based on this passage set.",Roman Empire,0,0,0.06451612903225806,,judge-stub/unwired,117,79,3.162484613999368,1,0.0,0.0003074637819166052,3171.419565997894,8.93495199852623,3162.484613999368,0.0,19e1267e270fb26a4e6da10a2e33f407c4cde82d,7fdc85f695827cd40610ae43ca440f13cb399989fda72657811baf795f8607dc,2026-09-19T14:09:54.843385+00:00,measured,measured,0.0,0
641,e051f979a77eca6c786b718432b8a36e5d2fa5a0dbe0ed032a6775f8e9cd417c,1,hotpotqa:0013,L1,v1,Qwen/Qwen2.5-1.5B-Instruct,None of the provided passages connect Roman Empire and mitochondria historically.,Roman Empire,0,0,0.33333333333333337,,judge-stub/unwired,117,13,0.5597895730006712,1,0.0,5.442398626395414e-05,564.4926279983338,4.703054997662548,559.7895730006712,0.0,19e1267e270fb26a4e6da10a2e33f407c4cde82d,7fdc85f695827cd40610ae43ca440f13cb399989fda72657811baf795f8607dc,2026-09-19T14:09:55.639280+00:00,measured,measured,0.0,0
642,7991ba6b659e70369ef310a5496a4c1ec414770835273ac0bdbdf838eac4de25,2,hotpotqa:0013,L1,v1,Qwen/Qwen2.5-1.5B-Instruct,None of the provided passages mention a historical connection between the Roman Empire and mitochondria.,Roman Empire,0,0,0.2857142857142857,,judge-stub/unwired,117,17,0.7184700249999878,1,0.0,6.985125243055436e-05,726.8819719974999,8.411946997512132,718.4700249999878,0.0,19e1267e270fb26a4e6da10a2e33f407c4cde82d,7fdc85f695827cd40610ae43ca440f13cb399989fda72657811baf795f8607dc,2026-09-19T14:09:56.609418+00:00,measured,measured,0.0,0
643,ca2045393b15058ccb4261b5ba52a57e9738b5d9d97e13ec443fa8e4b8dc6f15,0,hotpotqa:0014,L1,v1,Qwen/Qwen2.5-1.5B-Instruct,"None, both were created simultaneously as they are related concepts in a broader field of study. 

Explanation: The passage does not provide specific timelines for when neural networks or the Amazon River were discovered or developed. Both terms refer to distinct but interconnected concepts within their respective fields (neural networks being a part of artificial intelligence, while the Amazon River is an important geographical feature). Therefore, neither can be said to have ""come first"" based on the given information. They are related ideas rather than sequential events.",neural networks,0,0,0.04878048780487806,,judge-stub/unwired,104,101,4.6606069780000325,1,0.0,0.0004531145673055587,4668.848490005075,8.24151200504275,4660.6069780000325,0.0,19e1267e270fb26a4e6da10a2e33f407c4cde82d,7fdc85f695827cd40610ae43ca440f13cb399989fda72657811baf795f8607dc,2026-09-19T14:10:01.534256+00:00,measured,measured,0.0,0
644,fcd8d8e985f963099601a27180665f46ede86aa91aab724fbf5d20e8e83babfe,1,hotpotqa:0014,L1,v1,Qwen/Qwen2.5-1.5B-Instruct,"The details provided in passage 2 about neural networks being ""widely documented"" suggest that this information predates the mention of the Amazon River, implying that neural networks were understood or documented before knowledge of the Amazon River became widespread. Therefore, neural networks likely came first because they are more closely associated with existing scientific understanding rather than a specific geographical reference like the Amazon River. 

The correct order based on the given information is:

[1] Neural networks learned representations through layered weighted connections. 
[2] Neural networks are widely documented. 
[3-5] This sequence reflects the chronological progression where detailed documentation of neural networks precedes the connection to the Amazon River as an example of their application or usage. 

Hence, neural networks must have been known or studied earlier than the Amazon River was recognized as a significant geographical feature.",neural networks,0,0,0.031496062992125984,,judge-stub/unwired,104,167,6.581968144000712,1,0.0,0.0006399135695556248,6587.460431004729,5.492287004017271,6581.968144000712,0.0,19e1267e270fb26a4e6da10a2e33f407c4cde82d,7fdc85f695827cd40610ae43ca440f13cb399989fda72657811baf795f8607dc,2026-09-19T14:10:08.361904+00:00,measured,measured,0.0,0
645,96b4b69882b65a4cb9c315ee4799cb68c0ab58072e174d9e76167105934ed010,2,hotpotqa:0014,L1,v1,Qwen/Qwen2.5-1.5B-Instruct,"Both neural networks and the Amazon River are complex systems, but they differ in their formation. The Amazon River formed millions of years ago due to geological processes over time, while neural networks were developed as a concept by early computer scientists in the 1950s for processing information. 

The reasoning behind this comparison is that neural networks emerged later than the Amazon River because they represent a more recent invention in artificial intelligence compared to natural phenomena like rivers. However, both have evolved significantly since their inception. The Amazon River's development was gradual, whereas neural networks have been continuously improved upon throughout history.",neural networks,0,0,0.04081632653061225,,judge-stub/unwired,104,119,5.443552274000467,1,0.0,0.0005292342488611565,5448.942373002865,5.390099002397619,5443.552274000467,0.0,19e1267e270fb26a4e6da10a2e33f407c4cde82d,7fdc85f695827cd40610ae43ca440f13cb399989fda72657811baf795f8607dc,2026-09-19T14:10:14.115854+00:00,measured,measured,0.0,0
646,9baa25babc861cdd4728f0ceb7f382957c6a7dce0361864e9cc88a34a50aa6bd,0,hotpotqa:0015,L1,v1,Qwen/Qwen2.5-1.5B-Instruct,"All five passages connect the Industrial Revolution to Britain, specifically stating it began around the late 18th century, though details vary slightly. However, they all agree on one key point - that the Industrial Revolution is a well-documented historical event. Therefore, connecting Industrial Revolution and Mona Lisa historically would be challenging as both are separate events from different time periods but share commonalities of interest or relevance across multiple documents. The most relevant connection could be their mutual reference in discussions about British history during the late 18th century.",Industrial Revolution,0,0,0.047058823529411764,,judge-stub/unwired,113,107,4.304534081999918,1,0.0,0.0004184963690833254,4313.754669002265,9.220587002346292,4304.534081999918,0.0,19e1267e270fb26a4e6da10a2e33f407c4cde82d,7fdc85f695827cd40610ae43ca440f13cb399989fda72657811baf795f8607dc,2026-09-19T14:10:18.798815+00:00,measured,measured,0.0,0
647,5dbc1c0a231ea6575593e3fcd94042e8ecbe0585561826780f9e581aa0be0ea7,1,hotpotqa:0015,L1,v1,Qwen/Qwen2.5-1.5B-Instruct,"None of the provided passages directly connect the Industrial Revolution to the Mona Lisa historically. 

The passage emphasizes that the Industrial Revolution began in Britain in the late 18th century, but does not provide any historical connection or evidence linking it to Leonardo da Vinci's famous painting ""Mona Lisa."" The question seems to be asking for a specific link between these two events, which none of the given passages offer. Therefore, based on the information provided, there is no direct connection between the Industrial Revolution and the Mona Lisa historically.",Industrial Revolution,0,0,0.04938271604938272,,judge-stub/unwired,113,105,4.158255945000747,1,0.0,0.0004042748835417392,4166.0975439999675,7.841598999220878,4158.255945000747,0.0,19e1267e270fb26a4e6da10a2e33f407c4cde82d,7fdc85f695827cd40610ae43ca440f13cb399989fda72657811baf795f8607dc,2026-09-19T14:10:23.237848+00:00,measured,measured,0.0,0
648,67ec1eed96a6ecdc4a143403202604d46630a4d47b53c7f1b46fa1b8cea98335,2,hotpotqa:0015,L1,v1,Qwen/Qwen2.5-1.5B-Instruct,"The connection between the Industrial Revolution and the Mona Lisa can be traced through historical documentation, as both events occurred during the late 18th century. [1-5]

The passage discusses several instances where ""Industrial Revolution"" is mentioned alongside a specific year (late 18th century). This indicates that these references are consistent and likely refer to the same event across different contexts or sources. Therefore, the primary link connecting the Industrial Revolution and the Mona Lisa is their shared occurrence around the late 18th century, which was when both significant historical periods took place. 

Historical context and documentation suggest that both the Industrial Revolution and the painting of the Mona Lisa were contemporaneous events. However, without more specific information about what exactly connects them, it's challenging to pinpoint a direct causal relationship beyond their simultaneous existence in history. Nonetheless, they share this common timeframe, making the late 18th century a notable period for both developments. Thus, the historical overlap provides a strong basis for considering how these two seemingly unrelated phenomena might have intersected at some point within that era. [1-5]",Industrial Revolution,0,0,0.024242424242424246,,judge-stub/unwired,113,223,9.448752254000283,1,0.0,0.0009186286913611386,9453.38068500132,4.628431001037825,9448.752254000283,0.0,19e1267e270fb26a4e6da10a2e33f407c4cde82d,7fdc85f695827cd40610ae43ca440f13cb399989fda72657811baf795f8607dc,2026-09-19T14:10:33.055996+00:00,measured,measured,0.0,0
649,b8bf923dafa38afd4b30c9da22718e68509d08d4795be446fdd7910d1b662dce,0,hotpotqa:0016,L1,v1,Qwen/Qwen2.5-1.5B-Instruct,"All five passages are identical, so there's no comparison to make between neural networks and Shakespeare as they're not related in any way. The question cannot be answered based on the given information.",neural networks,0,0,0.1142857142857143,,judge-stub/unwired,100,38,1.5815042890008044,1,0.0,0.00015375736143063374,1586.9418769998447,5.437587999040261,1581.5042890008044,0.0,19e1267e270fb26a4e6da10a2e33f407c4cde82d,7fdc85f695827cd40610ae43ca440f13cb399989fda72657811baf795f8607dc,2026-09-19T14:10:34.884448+00:00,measured,measured,0.0,0
650,fcd458137f65c6acf0ce14fba9cf141f24eb2fac55672ae4dfe5e93af407e523,1,hotpotqa:0016,L1,v1,Qwen/Qwen2.5-1.5B-Instruct,"None of these statements are in chronological order, as they all refer to the same concept - that neural networks learn representations through layered weighted connections. Therefore, there's no clear ""first"" among them without context about their publication dates or sequence. All documents discuss this idea contemporaneously. The term 'neural network' itself predates some of these references by several decades due to its origin in 1940s research on biological nervous systems but wasn't commonly used until much later. Thus, it's not possible to definitively state which came first based solely on these documents alone. They're all referencing a well-established field of study rather than specific historical events. 

Therefore, none of these statements can be considered chronologically ordered because they all describe the same topic independently. Hence, we cannot determine which one comes first from these examples. Each document provides information on how neural networks function without explicitly stating any temporal precedence between them. They could have been written at different times for various reasons related to when each was discovered or published, but they don’t provide evidence of an ordering based on time. Instead, they simply present knowledge about neural networks without specifying a particular timeline. As such, the question doesn't allow us to compare which came first since there isn't enough context to",neural networks,0,0,0.0186046511627907,,judge-stub/unwired,100,256,10.874295610000445,1,0.0,0.0010572231843055987,10882.660389002012,8.364779001567513,10874.295610000445,0.0,19e1267e270fb26a4e6da10a2e33f407c4cde82d,7fdc85f695827cd40610ae43ca440f13cb399989fda72657811baf795f8607dc,2026-09-19T14:10:46.051835+00:00,measured,measured,0.0,0
651,ee8fdf256878a1037dae40dfcec66513af027186f95f277b462e530bd40e2ced,2,hotpotqa:0016,L1,v1,Qwen/Qwen2.5-1.5B-Instruct,"Both neural networks and Shakespeare are well-documented historical figures, but it's not clear who originated them due to their independent development over time. 

Explanation: While both neural networks and Shakespeare are recognized as important historical figures in their respective fields (neural networks in computer science and literature), there isn't a definitive answer to which one came first because they emerged independently at different times. The widespread documentation of neural networks indicates its recognition by scholars after its development, while Shakespeare's influence on language and culture has been noted for centuries. Thus, without evidence pointing to one being earlier than the other, both can be considered equally significant historically. However, it's important to note that the field of neural networks was largely developed post-1950s, whereas Shakespeare lived during the Elizabethan era around 1600.",neural networks,0,0,0.029629629629629624,,judge-stub/unwired,100,165,7.408047410000108,1,0.0,0.0007202268315277882,7416.858635998324,8.811225998215377,7408.047410000108,0.0,19e1267e270fb26a4e6da10a2e33f407c4cde82d,7fdc85f695827cd40610ae43ca440f13cb399989fda72657811baf795f8607dc,2026-09-19T14:10:53.745895+00:00,measured,measured,0.0,0
652,81cead36b3878ea3f9a76b931ee42bc9c6d2e57c77c947b9008310933b3d29fd,0,hotpotqa:0017,L1,v1,Qwen/Qwen2.5-1.5B-Instruct,"None, as there's no direct historical connection between World War II and mitochondria provided in these passages. 

Explanation: The passage discusses the end of World War II in 1945 with the surrender of Germany and Japan, but it does not mention any historical connections to mitochondria. Mitochondria are organelles found in cells that generate energy for the body, while World War II was a global conflict involving military action. There's no overlap or direct link established between them based on the information given.",World War II,0,0,0.07317073170731708,,judge-stub/unwired,128,104,4.150345705000291,1,0.0,0.0004035058324305838,4154.631628998686,4.285923998395447,4150.345705000291,0.0,19e1267e270fb26a4e6da10a2e33f407c4cde82d,7fdc85f695827cd40610ae43ca440f13cb399989fda72657811baf795f8607dc,2026-09-19T14:10:58.139332+00:00,measured,measured,0.0,0
653,d06242f1c946763250d590e9d0ad49dd2608f997b76f249d1506fb7f55311585,1,hotpotqa:0017,L1,v1,Qwen/Qwen2.5-1.5B-Instruct,"The end of World War II (1945) coincides with the discovery of mitochondrial DNA, which was a significant scientific breakthrough that occurred during this period.",World War II,0,0,0.24000000000000002,,judge-stub/unwired,128,33,1.3583787190000294,1,0.0,0.0001320645976805584,1363.1033150013536,4.724596001324244,1358.3787190000294,0.0,19e1267e270fb26a4e6da10a2e33f407c4cde82d,7fdc85f695827cd40610ae43ca440f13cb399989fda72657811baf795f8607dc,2026-09-19T14:10:59.777058+00:00,measured,measured,0.0,0
654,afdd03b6d9ec7f28770a2726016741388a3ceb09be0b28ead14df50d45bd4951,2,hotpotqa:0017,L1,v1,Qwen/Qwen2.5-1.5B-Instruct,"None, as all passages state that World War II ended in 1945 with the surrender of Germany and Japan, without any connection to mitochondria. The additional details about its widespread documentation are not relevant to the question asked. 

World War II connected to mitochondria historically through the use of German and Japanese technology in their atomic bombings of Hiroshima and Nagasaki during the war. However, this historical connection pertains more to military strategy and technological advancements rather than direct connections between the two entities.",World War II,0,0,0.07407407407407407,,judge-stub/unwired,128,101,4.802961589000006,1,0.0,0.00046695459893055614,4811.880848002147,8.919259002141189,4802.961589000006,0.0,19e1267e270fb26a4e6da10a2e33f407c4cde82d,7fdc85f695827cd40610ae43ca440f13cb399989fda72657811baf795f8607dc,2026-09-19T14:11:04.830532+00:00,measured,measured,0.0,0
655,3f87caa50984bba1a83c423723b5f15720c644e1569825a74a39a9d5b6ab3c68,0,hotpotqa:0018,L1,v1,Qwen/Qwen2.5-1.5B-Instruct,"The Sahara Desert (which covers much of North Africa) came before Mount Everest (rising at 8,849 meters on the Nepal-China border).",Sahara Desert,0,0,0.17391304347826084,,judge-stub/unwired,104,31,1.2955751199997394,1,0.0,0.00012595869222219687,1304.8857819967452,9.310661997005809,1295.5751199997394,0.0,19e1267e270fb26a4e6da10a2e33f407c4cde82d,7fdc85f695827cd40610ae43ca440f13cb399989fda72657811baf795f8607dc,2026-09-19T14:11:06.447307+00:00,measured,measured,0.0,0
656,384c625379e78960c3ab1e0ea00918f57d26056c9886df1c0f561a48557c2b21,1,hotpotqa:0018,L1,v1,Qwen/Qwen2.5-1.5B-Instruct,"Sahara Desert came first because it covers a larger area than Mount Everest, while Mount Everest's elevation above sea level is higher by 8,849 meters. 

This answer directly addresses the comparison between the two geographical features based on their size and relative elevation, providing a concise response that aligns with the given information in the passage. [1-5].",Sahara Desert,0,0,0.07142857142857142,,judge-stub/unwired,104,73,2.970649021999634,1,0.0,0.00028881309936107553,2975.107186999594,4.45816499995999,2970.649021999634,0.0,19e1267e270fb26a4e6da10a2e33f407c4cde82d,7fdc85f695827cd40610ae43ca440f13cb399989fda72657811baf795f8607dc,2026-09-19T14:11:09.748595+00:00,measured,measured,0.0,0
657,85740a0fff03c7ff038f751163f909078f091a79197196f990a0b666b928b4eb,2,hotpotqa:0018,L1,v1,Qwen/Qwen2.5-1.5B-Instruct,"The Sahara Desert came first as it covers a larger area than Mount Everest does. 

Explanation: The Sahara Desert is described in passage [1], while Mount Everest is mentioned multiple times in passages [2], [3], [4], and [5]. Since the description of the Sahara Desert precedes any mention of Mount Everest, we can conclude that the Sahara Desert came before Mount Everest. Additionally, the size comparison between the two places is made clear by their descriptions in different contexts, further supporting this timeline.",Sahara Desert,0,0,0.05194805194805195,,judge-stub/unwired,104,102,4.109564381999917,1,0.0,0.0003995409815833252,4115.016244001708,5.451862001791596,4109.564381999917,0.0,19e1267e270fb26a4e6da10a2e33f407c4cde82d,7fdc85f695827cd40610ae43ca440f13cb399989fda72657811baf795f8607dc,2026-09-19T14:11:14.123859+00:00,measured,measured,0.0,0
658,79560a3c4e4c92b522f8a3d9f0c72f6d8e9d16190cc8a412962724e61d51717b,0,hotpotqa:0019,L1,v1,Qwen/Qwen2.5-1.5B-Instruct,"The Industrial Revolution preceded the Pacific Ocean, as it started earlier in time (late 18th century) compared to the existence of the Pacific Ocean (which has been part of the Earth's crust since its formation).",Industrial Revolution,0,0,0.12121212121212122,,judge-stub/unwired,115,44,2.413609749999523,1,0.0,0.00023465650347217584,2419.7053910011164,6.095641001593322,2413.609749999523,0.0,19e1267e270fb26a4e6da10a2e33f407c4cde82d,7fdc85f695827cd40610ae43ca440f13cb399989fda72657811baf795f8607dc,2026-09-19T14:11:16.807955+00:00,measured,measured,0.0,0
659,135891bb61d9853b971ea2c7775e185adca7e595648cc650ade67d9a45b6ba78,1,hotpotqa:0019,L1,v1,Qwen/Qwen2.5-1.5B-Instruct,"The Industrial Revolution began earlier than the Pacific Ocean, as it started in the late 18th century while the Pacific Ocean has no specific start date or era related to its formation or history. 

This comparison highlights that the Industrial Revolution predates the existence of the Pacific Ocean by several centuries due to their distinct origins and timelines associated with human development versus geological processes.",Industrial Revolution,0,0,0.06666666666666667,,judge-stub/unwired,115,73,3.089190029999372,1,0.0,0.0003003379195832723,3093.8567419962055,4.666711996833328,3089.190029999372,0.0,19e1267e270fb26a4e6da10a2e33f407c4cde82d,7fdc85f695827cd40610ae43ca440f13cb399989fda72657811baf795f8607dc,2026-09-19T14:11:20.160010+00:00,measured,measured,0.0,0
660,2b423fe621a824f0314287061b5cc01672f5b8515569c62d6f9619dad8b54ff4,2,hotpotqa:0019,L1,v1,Qwen/Qwen2.5-1.5B-Instruct,"The Industrial Revolution preceded the Pacific Ocean, as it started in the late 18th century, while the Pacific Ocean has been a significant feature of Earth's geography since its formation billions of years ago.",Industrial Revolution,0,0,0.125,,judge-stub/unwired,115,41,1.7249476850001884,1,0.0,0.00016770324715279606,1733.7115099971925,8.763824997004122,1724.9476850001884,0.0,19e1267e270fb26a4e6da10a2e33f407c4cde82d,7fdc85f695827cd40610ae43ca440f13cb399989fda72657811baf795f8607dc,2026-09-19T14:11:22.192557+00:00,measured,measured,0.0,0
661,c3416b730fd9c7c1e7ae5729af37ffc2671d764953469e93b5d0caf3bc933edd,0,hotpotqa:0020,L1,v1,Qwen/Qwen2.5-1.5B-Instruct,None of the provided passages explicitly connect quantum mechanics and the Sahara Desert historically. All passages focus solely on describing quantum mechanics without mentioning any historical connection between these two topics.,quantum mechanics,0,0,0.12903225806451613,,judge-stub/unwired,116,33,1.3789187130005303,1,0.0,0.0001340615415417182,1383.7541330049135,4.835420004383195,1378.9187130005303,0.0,19e1267e270fb26a4e6da10a2e33f407c4cde82d,7fdc85f695827cd40610ae43ca440f13cb399989fda72657811baf795f8607dc,2026-09-19T14:11:23.818640+00:00,measured,measured,0.0,0
662,5435eb16f22665089db96ff59dc0101976680e454e40602f040e5d11c781f65a,1,hotpotqa:0020,L1,v1,Qwen/Qwen2.5-1.5B-Instruct,"None of the given passages mention a historical connection between quantum mechanics and the Sahara Desert. The descriptions focus solely on describing its application in atomic and subatomic scales, without referencing any historical connections. 

This question tests the reader's comprehension of whether the provided statements offer information about a specific historical link between quantum mechanics and the Sahara Desert, which they do not. Thus, no such connection can be inferred from these passages alone. 

The correct answer based on the given text would be that there is no historical connection mentioned between quantum mechanics and the Sahara Desert as per the provided context. However, since I need to provide an answer that directly addresses what connects them historically, I'll rephrase this:

Historical connection: There is no historical connection explicitly stated or implied in the given passages between quantum mechanics and the Sahara Desert. The texts discuss quantum mechanics' description of atomic and subatomic scales but do not reference any historical links between quantum mechanics and the Sahara Desert. Therefore, the correct answer cannot be determined from the provided information. 

Given the constraints and the direct instruction to answer concisely, if forced to choose one, ""None"" might be the most appropriate response acknowledging the absence of explicit historical connections while avoiding making assumptions beyond what is provided. But it's important to note this",quantum mechanics,0,0,0.0196078431372549,,judge-stub/unwired,116,256,10.934015371999521,1,0.0,0.0010630292722777312,10943.504451005538,9.489079006016254,10934.015371999521,0.0,19e1267e270fb26a4e6da10a2e33f407c4cde82d,7fdc85f695827cd40610ae43ca440f13cb399989fda72657811baf795f8607dc,2026-09-19T14:11:35.007035+00:00,measured,measured,0.0,0
663,d164a16d0311adb7e797082e6861048cad8a554c49e50b7688595c28e8ba7401,2,hotpotqa:0020,L1,v1,Qwen/Qwen2.5-1.5B-Instruct,"None of the given passages mention any historical connection between quantum mechanics and the Sahara Desert. All passages focus solely on describing quantum mechanics in terms of its application to atomic and subatomic scales, with no additional details about their relationship or relevance to each other. 

The correct answer based on the provided information is that none of the connections mentioned are historically significant or relevant according to the passage structure and content. The question's phrasing might be misleading as there seems to be a mismatch between what is presented and the actual query regarding a possible historical link. However, if we must choose an option from the choices given, none accurately reflects the content of the passages. Therefore, ""None"" would be the most appropriate choice among the options provided. But note this is not a typical or accurate representation of the text's content.",quantum mechanics,0,0,0.03076923076923077,,judge-stub/unwired,116,162,7.111254884000118,1,0.0,0.0006913720026111226,7115.704555003504,4.449671003385447,7111.254884000118,0.0,19e1267e270fb26a4e6da10a2e33f407c4cde82d,7fdc85f695827cd40610ae43ca440f13cb399989fda72657811baf795f8607dc,2026-09-19T14:11:42.421267+00:00,measured,measured,0.0,0
664,fdc554e034583f195e75956527e7707a0045cf1a4fdac98ae089f3da27059a16,0,hotpotqa:0021,L1,v1,Qwen/Qwen2.5-1.5B-Instruct,"None of the given passages mention a connection between mitochondria and the Eiffel Tower historically. All passages are identical, listing details about the completion date and documentation of the Eiffel Tower at the World's Fair in 1889. There is no historical link provided connecting these two entities mentioned in any passage.",mitochondria,0,0,0.042553191489361694,,judge-stub/unwired,122,65,2.618301309000344,1,0.0,0.00025455707170836677,2623.0404930056466,4.739184005302377,2618.301309000344,0.0,19e1267e270fb26a4e6da10a2e33f407c4cde82d,7fdc85f695827cd40610ae43ca440f13cb399989fda72657811baf795f8607dc,2026-09-19T14:11:45.288009+00:00,measured,measured,0.0,0
665,ef57af826fd54cfc8ba3ca3e59263d6227af20da2bbdb4a3a35f4e7e2d81f114,1,hotpotqa:0021,L1,v1,Qwen/Qwen2.5-1.5B-Instruct,"None of the given passages provide a historical connection between mitochondria and the Eiffel Tower. 

The passages all describe the construction and completion date of the Eiffel Tower for the World's Fair, but do not mention any historical connections to mitochondria. Therefore, there is no direct or indirect link established through these statements that would connect mitochondria to the Eiffel Tower.",mitochondria,0,0,0.03636363636363636,,judge-stub/unwired,122,77,3.090230741999221,1,0.0,0.00030043909991659095,3098.061134997806,7.830392998585012,3090.230741999221,0.0,19e1267e270fb26a4e6da10a2e33f407c4cde82d,7fdc85f695827cd40610ae43ca440f13cb399989fda72657811baf795f8607dc,2026-09-19T14:11:48.648821+00:00,measured,measured,0.0,0
666,87f283cb13d0a415f4ffa845e043f12c7a633e15e4678ec616cb6f66ac904d32,2,hotpotqa:0021,L1,v1,Qwen/Qwen2.5-1.5B-Instruct,"None of the provided passages directly connect mitochondria to the Eiffel Tower historically. They all describe the completion date and purpose of the Eiffel Tower, but do not mention any connection between them. To find a historical connection, one would need additional information or context about how these two unrelated entities might be related in history. 

Justification: While the passage provides factual information about the Eiffel Tower, it does not offer any insight into how this tower relates to mitochondria in history. Therefore, no direct connection can be drawn from the given information. The question asks for a specific link that isn't present in the provided data. 

This type of reasoning involves identifying whether there exists a logical or meaningful relationship between different pieces of information without relying on external sources beyond what is explicitly stated in the text. In this case, since none such relationship is indicated, we must conclude that no such connection exists based solely on the information provided.",mitochondria,0,0,0.013333333333333332,,judge-stub/unwired,122,189,8.273939799999425,1,0.0,0.0008044108138888329,8278.303326000241,4.363526000815909,8273.939799999425,0.0,19e1267e270fb26a4e6da10a2e33f407c4cde82d,7fdc85f695827cd40610ae43ca440f13cb399989fda72657811baf795f8607dc,2026-09-19T14:11:57.187627+00:00,measured,measured,0.0,0
667,d90f091576c4f03ec9c5bcf8416d3150e208840b388fb903caa0fb8d6d2d9dc8,0,hotpotqa:0022,L1,v1,Qwen/Qwen2.5-1.5B-Instruct,Neural networks learning through layers are linked to black hole theories historically.,black holes,0,0,0.14285714285714285,,judge-stub/unwired,105,13,0.5740655629997491,1,0.0,5.5811929736086715e-05,582.9687739969813,8.903210997232236,574.0655629997491,0.0,19e1267e270fb26a4e6da10a2e33f407c4cde82d,7fdc85f695827cd40610ae43ca440f13cb399989fda72657811baf795f8607dc,2026-09-19T14:11:58.013201+00:00,measured,measured,0.0,0
668,94f591803a535f19ac1c05064772d65cd2956c27417af1025c6c6f6a26d90425,1,hotpotqa:0022,L1,v1,Qwen/Qwen2.5-1.5B-Instruct,"Neural networks have been linked historically to developments related to black holes, as evidenced by scholarly work documenting this connection.",black holes,0,0,0.18181818181818182,,judge-stub/unwired,105,22,0.948116470000059,1,0.0,9.217799013889463e-05,952.5829180010987,4.46644800103968,948.116470000059,0.0,19e1267e270fb26a4e6da10a2e33f407c4cde82d,7fdc85f695827cd40610ae43ca440f13cb399989fda72657811baf795f8607dc,2026-09-19T14:11:59.224055+00:00,measured,measured,0.0,0
669,eab6e9deff05a936f341279b94ba8a27d2e8d89e3e8e0785d711279f325f6ee9,2,hotpotqa:0022,L1,v1,Qwen/Qwen2.5-1.5B-Instruct,Neural networks are linked back to developments around black holes in scholarly research.,black holes,0,0,0.2666666666666667,,judge-stub/unwired,105,14,0.6285205439999118,1,0.0,6.110616399999142e-05,633.1060199954663,4.585475995554589,628.5205439999118,0.0,19e1267e270fb26a4e6da10a2e33f407c4cde82d,7fdc85f695827cd40610ae43ca440f13cb399989fda72657811baf795f8607dc,2026-09-19T14:12:00.127695+00:00,measured,measured,0.0,0
670,b286ab53ace756edc3de70434c62b0970d622c1ca1e8f79a203566f9c786cb53,0,hotpotqa:0023,L1,v1,Qwen/Qwen2.5-1.5B-Instruct,"Marie Curie's work in radioactivity, which was influenced by her observations of radiation from uranium and pitchblende, led to a connection between Eiffel Tower. Her research on radioactivity provided insights that helped improve the design of the Eiffel Tower, including its construction materials and structural integrity. Additionally, she discovered two new elements, polonium and radium, during her groundbreaking studies in radioactivity, which further supported her expertise in scientific endeavors related to engineering and architecture. Thus, Marie Curie's extensive work in radioactivity significantly contributed to the historical context linking the Eiffel Tower and her achievements.",Eiffel Tower,0,0,0.043010752688172046,,judge-stub/unwired,116,124,5.136762879999878,1,0.0,0.0004994075022222103,5142.236569001398,5.473689001519233,5136.762879999878,0.0,19e1267e270fb26a4e6da10a2e33f407c4cde82d,7fdc85f695827cd40610ae43ca440f13cb399989fda72657811baf795f8607dc,2026-09-19T14:12:05.509396+00:00,measured,measured,0.0,0
671,d3b5afb5a5ed88b6405e1a275639ecf95b74d0b75a06e2cfa3eb3f87fbe01939,1,hotpotqa:0023,L1,v1,Qwen/Qwen2.5-1.5B-Instruct,"The connection between Eiffel Tower and Marie Curie historically lies in her work on radioactivity, which was a significant scientific development that led to her winning Nobel Prizes. Her research on radioactivity contributed significantly to our understanding of atomic structure and properties, thus linking her to the famous Eiffel Tower in Paris.",Eiffel Tower,0,0,0.07843137254901959,,judge-stub/unwired,116,64,3.065873157999704,1,0.0,0.0002980710014721934,3070.699152997804,4.825994998100214,3065.873157999704,0.0,19e1267e270fb26a4e6da10a2e33f407c4cde82d,7fdc85f695827cd40610ae43ca440f13cb399989fda72657811baf795f8607dc,2026-09-19T14:12:08.822307+00:00,measured,measured,0.0,0
672,b683c7a58b38f88b25539d5a459f07a0b9258f86fbef98a426b338dca0349556,2,hotpotqa:0023,L1,v1,Qwen/Qwen2.5-1.5B-Instruct,Marie Curie's work on radioactivity was linked to discoveries made during the construction of the Eiffel Tower.,Eiffel Tower,0,0,0.2222222222222222,,judge-stub/unwired,116,23,0.9704386860003069,1,0.0,9.434820558336317e-05,975.264530997265,4.82584499695804,970.4386860003069,0.0,19e1267e270fb26a4e6da10a2e33f407c4cde82d,7fdc85f695827cd40610ae43ca440f13cb399989fda72657811baf795f8607dc,2026-09-19T14:12:10.040906+00:00,measured,measured,0.0,0
673,fc2afd733fb1f0013dea84f04f47334ce8b6b1cba58fe3f8100d35ff63da6378,0,hotpotqa:0024,L1,v1,Qwen/Qwen2.5-1.5B-Instruct,"World War II came before Mount Everest, as World War II occurred from 1939 to 1945 while Mount Everest was climbed for the first time by Sir Edmund Hillary and Tenzing Norgay in 1953. The war had a significant impact on global affairs during this period, influencing many aspects of life around the world including exploration and mountaineering activities. In contrast, climbing Mount Everest took place much later due to logistical challenges and safety concerns that were not present at the onset of World War II. Therefore, although both events are closely related historically, they did not occur simultaneously. 

This comparison highlights how historical events can shape subsequent developments in various fields such as mountaineering, influenced by geopolitical contexts like wartime conditions versus peacetime circumstances. It underscores how even seemingly unrelated phenomena can be interconnected through their shared human history. [Explanation: This response provides a comprehensive analysis comparing World War II with Mount Everest based on factual information about when each event occurred, emphasizing its chronological relationship.]",World War II,0,0,0.03658536585365854,,judge-stub/unwired,135,206,8.749018657000306,1,0.0,0.0008505990360972519,8758.076874998551,9.0582179982448,8749.018657000306,0.0,19e1267e270fb26a4e6da10a2e33f407c4cde82d,7fdc85f695827cd40610ae43ca440f13cb399989fda72657811baf795f8607dc,2026-09-19T14:12:19.523775+00:00,measured,measured,0.0,0
674,ece48a195148febe525e51fa351cba2c76499661097fc577c871f366d3b53793,1,hotpotqa:0024,L1,v1,Qwen/Qwen2.5-1.5B-Instruct,"World War II came before Mount Everest. World War II occurred from 1939 to 1945, while Mount Everest was first climbed by Sir Edmund Hillary and Tenzing Norgay on May 29, 1953.",World War II,0,0,0.17142857142857143,,judge-stub/unwired,135,54,2.2758081590000074,1,0.0,0.00022125912656944515,2280.9806619989104,5.172502998902928,2275.8081590000074,0.0,19e1267e270fb26a4e6da10a2e33f407c4cde82d,7fdc85f695827cd40610ae43ca440f13cb399989fda72657811baf795f8607dc,2026-09-19T14:12:22.075286+00:00,measured,measured,0.0,0
675,4f14bee8310c9bd2459a536ae88a00131dfcf68711b637efc3432264cf454e69,2,hotpotqa:0024,L1,v1,Qwen/Qwen2.5-1.5B-Instruct,"World War II (ended in 1945) came before Mount Everest, as they are separate historical events that occurred at different times. The information provided does not indicate a specific order or precedence between these two entities.",World War II,0,0,0.1621621621621622,,judge-stub/unwired,135,45,1.8520146390001173,1,0.0,0.00018005697879167805,1861.16870999831,9.154070998192765,1852.0146390001173,0.0,19e1267e270fb26a4e6da10a2e33f407c4cde82d,7fdc85f695827cd40610ae43ca440f13cb399989fda72657811baf795f8607dc,2026-09-19T14:12:24.230241+00:00,measured,measured,0.0,0
676,a7d5145eb4dc6d3511928fabde9e8eb29cda0be21ce9b984e04343d68d3c20b1,0,hotpotqa:0025,L1,v1,Qwen/Qwen2.5-1.5B-Instruct,"Through layered weighted connections, which are a feature of neural networks, historical documentation supports their relationship to DNA's function in biological systems for learning and processing information.",DNA,0,0,0.07142857142857142,,judge-stub/unwired,97,31,1.326822259000437,1,0.0,0.00012899660851393137,1331.3178979979057,4.495638997468632,1326.822259000437,0.0,19e1267e270fb26a4e6da10a2e33f407c4cde82d,7fdc85f695827cd40610ae43ca440f13cb399989fda72657811baf795f8607dc,2026-09-19T14:12:25.843719+00:00,measured,measured,0.0,0
677,4142b4a8ee7e149b7e56ca4e479d93f6559cc6108de5b0786b7bac8b43488885,1,hotpotqa:0025,L1,v1,Qwen/Qwen2.5-1.5B-Instruct,"Through layers of interconnected neurons, which are a component of neural networks, historically DNA has been linked to these systems. The study of neural networks, which includes understanding how they process information similar to how genes control biological functions, dates back to early 20th-century research into brain function and later expanded upon in the mid-20th century when computational models were developed to simulate neural network behavior. This interdisciplinary field combines biology (DNA) with computer science (neural networks). [2]

Historically, neural networks have been connected to DNA through their shared role in processing information, especially as computational models that mimic biological neural networks. These models help explain genetic inheritance patterns by simulating gene expression and regulation processes. [3]",DNA,0,0,0.017094017094017096,,judge-stub/unwired,97,146,6.493852854000579,1,0.0,0.0006313468052500563,6504.9005480032065,11.047694002627395,6493.852854000579,0.0,19e1267e270fb26a4e6da10a2e33f407c4cde82d,7fdc85f695827cd40610ae43ca440f13cb399989fda72657811baf795f8607dc,2026-09-19T14:12:32.624922+00:00,measured,measured,0.0,0
678,d9818c2d15d453b814ed4b1fde003174ba3107d440fb0dc1108012565a0dcd30,2,hotpotqa:0025,L1,v1,Qwen/Qwen2.5-1.5B-Instruct,"Through research in computational biology, scientists have studied how neural networks can model certain aspects of biological systems, including DNA. 

This passage discusses the historical connection between neural networks and DNA by explaining that researchers in computational biology have explored the similarities between these two fields, particularly focusing on how neural networks can be used to simulate or understand biological processes like those involving DNA. This connection has been a key area of study in recent years as artificial intelligence and biotechnology continue to advance together. Therefore, it's accurate to say that neural networks connect DNA and other biological systems historically through this interdisciplinary approach. However, please note that while neural networks are being used to model biological phenomena, they are not directly connected to DNA itself; rather, they are tools that help us better understand complex biological systems.",DNA,0,0,0.014492753623188404,,judge-stub/unwired,97,155,6.212718396999662,1,0.0,0.0006040142885971894,6217.637111999466,4.918714999803342,6212.718396999662,0.0,19e1267e270fb26a4e6da10a2e33f407c4cde82d,7fdc85f695827cd40610ae43ca440f13cb399989fda72657811baf795f8607dc,2026-09-19T14:12:39.083881+00:00,measured,measured,0.0,0
679,11946cbf3affca031b2a5e6e8d56681a4cf817e30c9df47d7231cc80491e3221,0,hotpotqa:0026,L1,v1,Qwen/Qwen2.5-1.5B-Instruct,"World War II came first. The passage provides unrelated background information, but it does not indicate a specific order between ""Mona Lisa"" and ""World War II."" Therefore, without additional context or information about their relationship, we cannot determine if one came before the other. 

To provide an accurate comparison would require more contextual details about how these two items relate to each other.",Mona Lisa,0,0,0.06557377049180328,,judge-stub/unwired,122,75,3.070529422000618,1,0.0,0.0002985236938056156,3075.135342003705,4.605920003086794,3070.529422000618,0.0,19e1267e270fb26a4e6da10a2e33f407c4cde82d,7fdc85f695827cd40610ae43ca440f13cb399989fda72657811baf795f8607dc,2026-09-19T14:12:42.409945+00:00,measured,measured,0.0,0
680,ac83636eba570c8980c774a048675420db993e1654d47d680f16f67676ce76c2,1,hotpotqa:0026,L1,v1,Qwen/Qwen2.5-1.5B-Instruct,"World War II came first, as it is mentioned in both passages. The other passages are unrelated to World War II. 

The passage mentions that World War II ended in 1945, while Mona Lisa was created around the same time or possibly earlier, depending on when Leonardo da Vinci lived. However, since no specific year for Mona Lisa's creation is provided, we can't determine if it occurred before or after World War II. Therefore, based solely on the information given, we cannot definitively say which event came first without more context about when each work was created.",Mona Lisa,0,0,0.041237113402061855,,judge-stub/unwired,122,117,5.534136126000703,1,0.0,0.0005380410122500683,5544.5486969993,10.412570998596493,5534.136126000703,0.0,19e1267e270fb26a4e6da10a2e33f407c4cde82d,7fdc85f695827cd40610ae43ca440f13cb399989fda72657811baf795f8607dc,2026-09-19T14:12:48.197584+00:00,measured,measured,0.0,0
681,87de6438b50ed4f5d9cf45fed43b7ba8546c4a2122ce4e7359b41012b2c69bfb,2,hotpotqa:0026,L1,v1,Qwen/Qwen2.5-1.5B-Instruct,"World War II came first. It ended in 1945, while The Mona Lisa is an artwork created by Leonardo da Vinci in the early 16th century. 

Explanation: The question asks to compare ""Mona Lisa"" with ""World War II,"" but both are historical events that occurred at different times. World War II began in Europe in 1939 and ended in 1945, whereas the creation of the Mona Lisa took place around 1503-1506. Therefore, World War II comes before the creation of the Mona Lisa in terms of time.",Mona Lisa,0,0,0.04878048780487806,,judge-stub/unwired,122,126,5.054629305000162,1,0.0,0.0004914222935416824,5059.269144004247,4.6398390040849335,5054.629305000162,0.0,19e1267e270fb26a4e6da10a2e33f407c4cde82d,7fdc85f695827cd40610ae43ca440f13cb399989fda72657811baf795f8607dc,2026-09-19T14:12:53.523987+00:00,measured,measured,0.0,0
682,9eca39f7f3f9e4a9c815741b78caa9a66625d044ed5dbf7849bccacb68a8d7ad,0,hotpotqa:0027,L1,v1,Qwen/Qwen2.5-1.5B-Instruct,Marie Curie's work in developing radioactivity concepts links her to the historical connection between quantum mechanics.,Marie Curie,0,0,0.2222222222222222,,judge-stub/unwired,116,20,0.8456258680007522,1,0.0,8.221362605562869e-05,854.7345370016046,9.108669000852387,845.6258680007522,0.0,19e1267e270fb26a4e6da10a2e33f407c4cde82d,7fdc85f695827cd40610ae43ca440f13cb399989fda72657811baf795f8607dc,2026-09-19T14:12:54.632599+00:00,measured,measured,0.0,0
683,3cc1fdf2fa6fee11507997656267f269fa26afbc6a1df9102c7fcc0faaeeb748,1,hotpotqa:0027,L1,v1,Qwen/Qwen2.5-1.5B-Instruct,"Through her pioneering work in radioactivity, Marie Curie connected quantum mechanics by linking it to the study of atomic structure. Her research laid foundational knowledge that later scientists built upon, particularly in understanding the behavior of electrons within atoms. This connection has been a significant thread in the history of both quantum mechanics and nuclear physics.",Marie Curie,0,0,0.07407407407407407,,judge-stub/unwired,116,63,3.2363245850001476,1,0.0,0.00031464266798612547,3242.438686997957,6.114101997809485,3236.3245850001476,0.0,19e1267e270fb26a4e6da10a2e33f407c4cde82d,7fdc85f695827cd40610ae43ca440f13cb399989fda72657811baf795f8607dc,2026-09-19T14:12:58.156799+00:00,measured,measured,0.0,0
684,c9c119fd61292df6194035ca425e19f07e9112e88e6d6b2b7131ce9711bee26e,2,hotpotqa:0027,L1,v1,Qwen/Qwen2.5-1.5B-Instruct,Marie Curie's work in developing X-rays and radioactivity led scholars to link quantum mechanics back to her discoveries.,Marie Curie,0,0,0.18181818181818182,,judge-stub/unwired,116,23,0.9689489249994949,1,0.0,9.420336770828422e-05,976.5764659950946,7.627540995599702,968.9489249994949,0.0,19e1267e270fb26a4e6da10a2e33f407c4cde82d,7fdc85f695827cd40610ae43ca440f13cb399989fda72657811baf795f8607dc,2026-09-19T14:12:59.377934+00:00,measured,measured,0.0,0
685,e58197b9bf893428c5b47fda520a25962ecda57a526f23bc3a317b7050b3d0f7,0,hotpotqa:0028,L1,v1,Qwen/Qwen2.5-1.5B-Instruct,"None of these sentences provide a direct comparison between the Amazon River and the Sahara Desert, nor do they indicate which came first. All statements are identical in their content. 

To compare them directly:

The Amazon River was likely formed much earlier than the Sahara Desert due to its geological history involving continental drift and uplift of landmasses. The desert, on the other hand, developed over millions of years through climatic changes and wind erosion processes that started after the formation of the Amazon River basin. Thus, the Amazon River predates the development of the Sahara Desert by billions of years. 

This timeline indicates that the Amazon River's presence significantly influenced the climate and landscape of South America before the Sahara Desert began forming globally. However, without specific dates or comparative timelines provided within the given text, an exact order cannot be definitively stated. The passage does not offer such information. Therefore, none of the sentences can conclusively determine which entity (Amazon River vs. Sahara Desert) came first based solely on the provided data.",Amazon River,0,0,0.025477707006369425,,judge-stub/unwired,129,203,7.9384400259996255,1,0.0,0.0007717927803055191,7947.5349419999475,9.094916000321973,7938.4400259996255,0.0,19e1267e270fb26a4e6da10a2e33f407c4cde82d,7fdc85f695827cd40610ae43ca440f13cb399989fda72657811baf795f8607dc,2026-09-19T14:13:07.572799+00:00,measured,measured,0.0,0
686,b3da72410350e7e7210fbb732493a19bd152c1ea65850fb148809be171b24567,1,hotpotqa:0028,L1,v1,Qwen/Qwen2.5-1.5B-Instruct,"The Amazon River comes before the Sahara Desert, as it was formed earlier during the uplift of South America's Andes Mountains around 30 million years ago. 

Explanation: While both are immense natural wonders, the Amazon River predates the formation of the Sahara by several hundred thousand years due to their distinct geological origins and development processes. The Amazon River was shaped by the uplifting of the South American Andes, leading to its creation over millions of years. In contrast, the Sahara Desert began forming much later, around 6 million years ago, primarily due to climatic changes that led to a reduction in rainfall and increased aridity across the region. These factors resulted in the gradual drying out of what was once a vast tropical forest. Thus, while both are significant geographical features, they have different histories and timelines.",Amazon River,0,0,0.031496062992125984,,judge-stub/unwired,129,163,7.20064256600017,1,0.0,0.0007000624716944608,7206.419538997579,5.776972997409757,7200.64256600017,0.0,19e1267e270fb26a4e6da10a2e33f407c4cde82d,7fdc85f695827cd40610ae43ca440f13cb399989fda72657811baf795f8607dc,2026-09-19T14:13:15.041178+00:00,measured,measured,0.0,0
687,6839dd4f85e8e1fb7285a94a51ae14e04ba2daf782aaacc171d5be7c55ababfb,2,hotpotqa:0028,L1,v1,Qwen/Qwen2.5-1.5B-Instruct,"Both the Amazon River and the Sahara Desert are natural geographical features, but their formation processes differ significantly. While both were formed by geological forces over millions of years, the Amazon River was created by tectonic activity, while the Sahara Desert developed through climatic changes and desertification processes. Therefore, the Amazon River predates the Sahara Desert as it has been flowing for much longer due to its earlier creation. 

The key difference lies in the initial geological event that initiated each feature's development. The Amazon River began forming around 3 million years ago during the Miocene epoch due to a combination of tectonic uplift and erosion from the Andes Mountains. In contrast, the Sahara Desert expanded rapidly after the last ice age about 10,000 years ago when global temperatures rose, causing significant climate change and drying out previously fertile regions. Thus, despite being located near one another geographically, they have distinct origins based on different geological events. [Source: Geological time scales and historical climate studies.]",Amazon River,0,0,0.02580645161290323,,judge-stub/unwired,129,202,8.71829830399929,1,0.0,0.0008476123351110421,8723.620671999925,5.322368000634015,8718.29830399929,0.0,19e1267e270fb26a4e6da10a2e33f407c4cde82d,7fdc85f695827cd40610ae43ca440f13cb399989fda72657811baf795f8607dc,2026-09-19T14:13:24.048801+00:00,measured,measured,0.0,0
688,d0174267ed56fbce6bb4bea5a8d932a494fc7709cced51cc82a3d7bfc8850362,0,hotpotqa:0029,L1,v1,Qwen/Qwen2.5-1.5B-Instruct,"None of the given passages provide a historical connection between photosynthesis and the Amazon River. All passages state that the Amazon River carries more water than any other river in the world, but they do not mention any specific historical relationship between these two concepts. 

The correct answer would be:

None of the provided passages offer a historical link between photosynthesis and the Amazon River. They all simply state that the Amazon River is the largest river by volume, without discussing any past or present interactions between photosynthesis and this body of water.",photosynthesis,0,0,0.024096385542168676,,judge-stub/unwired,122,104,4.193001982999704,1,0.0,0.0004076529705694156,4198.4329229999275,5.430940000223927,4193.001982999704,0.0,19e1267e270fb26a4e6da10a2e33f407c4cde82d,7fdc85f695827cd40610ae43ca440f13cb399989fda72657811baf795f8607dc,2026-09-19T14:13:28.488512+00:00,measured,measured,0.0,0
689,87dac8d1f7f774bf7ef755346bb3288272e9ba33534aa58f016e18acab4a2ae5,1,hotpotqa:0029,L1,v1,Qwen/Qwen2.5-1.5B-Instruct,"Photosynthesis provides oxygen for aquatic life, which sustains fish populations that feed on the abundant vegetation along the Amazon River's banks. This historical connection has sustained both land-based and aquatic ecosystems over thousands of years.",photosynthesis,0,0,0.05555555555555556,,judge-stub/unwired,122,42,1.7306324199998926,1,0.0,0.00016825592972221178,1735.9274640002695,5.295044000376947,1730.6324199998926,0.0,19e1267e270fb26a4e6da10a2e33f407c4cde82d,7fdc85f695827cd40610ae43ca440f13cb399989fda72657811baf795f8607dc,2026-09-19T14:13:30.457687+00:00,measured,measured,0.0,0
690,1ed94ca3ad0710fa29dbc90e59709e980da6feaf5fb3dd6b0610398bc253b665,2,hotpotqa:0029,L1,v1,Qwen/Qwen2.5-1.5B-Instruct,"Photosynthesis provides oxygen, which is essential for life on Earth including human beings; this oxygen ultimately comes from the waters of the Amazon River through a process called biogeochemical cycling.",photosynthesis,0,0,0.07142857142857142,,judge-stub/unwired,122,37,1.5057983779997812,1,0.0,0.0001463970645277565,1510.6276870001238,4.829309000342619,1505.7983779997812,0.0,19e1267e270fb26a4e6da10a2e33f407c4cde82d,7fdc85f695827cd40610ae43ca440f13cb399989fda72657811baf795f8607dc,2026-09-19T14:13:32.213000+00:00,measured,measured,0.0,0
691,f67cf0867a7787d4336b7b00dc3b20a618046403f6c88fa8ecf4f3023ff9a822,0,hotpotqa:0030,L1,v1,Qwen/Qwen2.5-1.5B-Instruct,"None, as both are unrelated historical elements. The passage does not provide a connection between World War II and the Eiffel Tower.",World War II,0,0,0.2727272727272727,,judge-stub/unwired,132,27,1.113236139000037,1,0.0,0.00010823129129167026,1117.58411000028,4.347971000242978,1113.236139000037,0.0,19e1267e270fb26a4e6da10a2e33f407c4cde82d,7fdc85f695827cd40610ae43ca440f13cb399989fda72657811baf795f8607dc,2026-09-19T14:13:33.581812+00:00,measured,measured,0.0,0
692,e7e5e26d6823c866a32fab1d96127342794350e8feed87af02937b31041be228,1,hotpotqa:0030,L1,v1,Qwen/Qwen2.5-1.5B-Instruct,"The Eiffel Tower was built during World War I, not WWII. Therefore, World War II does not connect directly to the Eiffel Tower historically. 

Explanation: While both World War II and the construction of the Eiffel Tower occurred around the same time period (early 20th century), they are separate historical events that do not have a direct connection beyond their contemporaneity. The Eiffel Tower's construction began before WWI and continued into WWII, but it was completed in 1889 long before either war took place. Thus, there is no historical link between these two elements. [Source: https://www.eiffeltower.com/about/history/]

The provided passage discusses World War II ending in 1945 with the surrender of Germany and Japan, and notes that World War II is ""widely documented."" It also mentions additional details about World War II, such as its end date and the countries involved. However, none of this information provides any historical connection or relevance to the Eiffel Tower. Instead, the text focuses on documenting the end of World War II and providing context for why it happened. The passage does not mention anything specific about the Eiffel Tower or provide any information related to connecting them",World War II,0,0,0.03208556149732621,,judge-stub/unwired,132,256,10.654760875000648,1,0.0,0.0010358795295139517,10665.813202005666,11.052327005018014,10654.760875000648,0.0,19e1267e270fb26a4e6da10a2e33f407c4cde82d,7fdc85f695827cd40610ae43ca440f13cb399989fda72657811baf795f8607dc,2026-09-19T14:13:44.479466+00:00,measured,measured,0.0,0
693,d0ae11cf049edd7b847d1ac58eb86f752aefd7c8642528a69937eaabd3fd4011,2,hotpotqa:0030,L1,v1,Qwen/Qwen2.5-1.5B-Instruct,"The Eiffel Tower was built during World War I, not World War II as mentioned in passage [3]. Therefore, there's no direct historical connection between World War II and the Eiffel Tower itself. However, if we consider a broader context, both World Wars had significant impacts on French culture and architecture due to their global scale and duration. 

This answer addresses that while the Eiffel Tower predates World War II, its construction and symbolism have been influenced by and have relevance to both World Wars, particularly through its association with France and its role in international communication networks established after WWI. It avoids directly linking World War II to the Eiffel Tower but acknowledges its significance across military conflicts. Contextualizing this allows for understanding the historical impact beyond the immediate war years. 

The key point here is to note that although the Eiffel Tower predates WWII, it has been shaped by these global conflicts, which can be seen in its importance within France's cultural landscape post-World War I. This approach provides an alternate explanation without directly connecting WWII to the Eiffel Tower itself.",World War II,0,0,0.033707865168539325,,judge-stub/unwired,132,223,9.568155218999891,1,0.0,0.0009302373129583227,9573.062303999905,4.907085000013467,9568.155218999891,0.0,19e1267e270fb26a4e6da10a2e33f407c4cde82d,7fdc85f695827cd40610ae43ca440f13cb399989fda72657811baf795f8607dc,2026-09-19T14:13:54.311167+00:00,measured,measured,0.0,0
694,1df87368f1ab043c49a69dd7abbea6035765af6cf8e466ef2476292ad1898499,0,hotpotqa:0031,L1,v1,Qwen/Qwen2.5-1.5B-Instruct,"The Mona Lisa came before the Sahara Desert as both are unrelated references. 

Explanation: The given passage mentions ""Unrelated background on Mona Lisa"" followed by ""The Sahara is the largest hot desert, covering much of North Africa."" This implies that while there's a reference to the Mona Lisa, there isn't any information about when or how the Sahara Desert formed compared to the painting. Therefore, we can infer that the question is comparing two things that are not directly related in terms of time or sequence. Hence, the correct comparison would be between Mona Lisa (a work of art) and the Sahara Desert (a geographical feature). Since they have no chronological relationship mentioned, the order in which these were referenced doesn't indicate their relative timing or precedence. Thus, based solely on the provided information, we cannot definitively say one came before the other.",Sahara Desert,0,0,0.030534351145038167,,judge-stub/unwired,120,170,7.467529681000087,1,0.0,0.0007260098300972307,7479.018916999848,11.48923599976115,7467.529681000087,0.0,19e1267e270fb26a4e6da10a2e33f407c4cde82d,7fdc85f695827cd40610ae43ca440f13cb399989fda72657811baf795f8607dc,2026-09-19T14:14:02.064198+00:00,measured,measured,0.0,0
695,34c18aec04f7bcfb858fb370fa22533694e5a2a115a6ff68538f2fb23c2bc04e,1,hotpotqa:0031,L1,v1,Qwen/Qwen2.5-1.5B-Instruct,"The Mona Lisa was created earlier than the Sahara Desert. It was painted by Leonardo da Vinci around 1503-1506 CE, while the Sahara Desert is a geographical feature that existed long before its creation. Therefore, the Mona Lisa predates the Sahara Desert. 

The Sahara Desert spans across North Africa from Morocco to Sudan and extends into parts of Algeria, Chad, Egypt, Libya, Mali, Mauritania, Niger, and Tunisia. Its formation dates back millions of years when ancient seas retreated due to climate change, leaving behind vast sand dunes and deserts. In contrast, the Mona Lisa painting, also known as La Gioconda or The Lady of the Light, was commissioned by French art patron Francesco del Giocondo for his wife. It took Leonardo da Vinci about four years to complete this iconic masterpiece, which has since become one of the most recognizable paintings in history. The Mona Lisa's existence predated the Sahara Desert by several centuries, making it older by thousands of years. Thus, the Mona Lisa was created earlier than the Sahara Desert.",Sahara Desert,0,0,0.02484472049689441,,judge-stub/unwired,120,216,8.566662777000602,1,0.0,0.0008328699922083918,8571.700014999806,5.0372379992040806,8566.662777000602,0.0,19e1267e270fb26a4e6da10a2e33f407c4cde82d,7fdc85f695827cd40610ae43ca440f13cb399989fda72657811baf795f8607dc,2026-09-19T14:14:10.934544+00:00,measured,measured,0.0,0
696,42ecf9e8e7a1eae46af10d5f678803303da04deb27cac72d759e2b0cfcea9096,2,hotpotqa:0031,L1,v1,Qwen/Qwen2.5-1.5B-Instruct,"The Mona Lisa comes before the Sahara Desert in history; it was created by Leonardo da Vinci, while the Sahara Desert covers a geographical region. 

This comparison highlights that the Mona Lisa is an artwork from the Renaissance period (circa 16th century), whereas the Sahara Desert is a natural geographic feature spanning across continents since ancient times. Therefore, the Mona Lisa predates the Sahara Desert in terms of their creation or existence.",Sahara Desert,0,0,0.06349206349206349,,judge-stub/unwired,120,86,4.096360882000226,1,0.0,0.0003982573079722442,4102.323475000958,5.962593000731431,4096.360882000226,0.0,19e1267e270fb26a4e6da10a2e33f407c4cde82d,7fdc85f695827cd40610ae43ca440f13cb399989fda72657811baf795f8607dc,2026-09-19T14:14:15.304080+00:00,measured,measured,0.0,0
697,a61ced4b0fd7970dc149c16dee087ad0f3e7a5230f424c7b96ea18be873e10e8,0,hotpotqa:0032,L1,v1,Qwen/Qwen2.5-1.5B-Instruct,"Both Marie Curie and the Pacific Ocean were discovered or established around the same time, as they are both significant historical events that occurred during a period of exploration and discovery. However, there's no specific information provided about who was discovered earlier between them, so we can't definitively say one came before the other without more context. The passage emphasizes their shared significance rather than their chronological order. 

Marie Curie (born 1867) predates the establishment of the Pacific Ocean as a distinct body of water by several decades. While the Pacific Ocean was not officially recognized as a separate entity until the mid-19th century when explorers like Captain James Cook began mapping its features, Marie Curie made groundbreaking contributions to science in the late 19th and early 20th centuries. Her work laid the foundation for modern chemistry and physics, particularly in the study of radioactivity, which has had profound impacts on various fields including medicine, materials science, and technology. Thus, while the Pacific Ocean became a well-known geographical feature after her discoveries, Marie Curie's life and legacy significantly predate its official recognition.",Pacific Ocean,0,0,0.023121387283236997,,judge-stub/unwired,124,230,9.454342074000124,1,0.0,0.0009191721460833454,9459.043394002038,4.7013200019137,9454.342074000124,0.0,19e1267e270fb26a4e6da10a2e33f407c4cde82d,7fdc85f695827cd40610ae43ca440f13cb399989fda72657811baf795f8607dc,2026-09-19T14:14:25.046500+00:00,measured,measured,0.0,0
698,e10940e6211dd329a2f2f3019f938f11d8d65371ca33ac12647ecd61eb83db0f,1,hotpotqa:0032,L1,v1,Qwen/Qwen2.5-1.5B-Instruct,"Marie Curie came first; she was born in 1867, while the description of the Pacific Ocean being the largest and deepest ocean basin on Earth was written around 1900 or later.",Pacific Ocean,0,0,0.13333333333333333,,judge-stub/unwired,124,43,2.1496970469997905,1,0.0,0.0002089983240138685,2159.8246899993683,10.127642999577802,2149.6970469997905,0.0,19e1267e270fb26a4e6da10a2e33f407c4cde82d,7fdc85f695827cd40610ae43ca440f13cb399989fda72657811baf795f8607dc,2026-09-19T14:14:27.462723+00:00,measured,measured,0.0,0
699,678f9c5c1f37d04993c501d3b16b0cafe8ce09786ef54505f414842d8498ad02,2,hotpotqa:0032,L1,v1,Qwen/Qwen2.5-1.5B-Instruct,"Neither, they are unrelated. 

Explanation: Marie Curie was a scientist who made significant contributions to the fields of radioactivity and chemistry in the early 20th century, while the Pacific Ocean is a vast body of water that has been studied extensively since ancient times due to its size and depth. Both have their own distinct histories and contexts, but there's no direct comparison or precedence between them as per the provided information.",Pacific Ocean,0,0,0.05797101449275362,,judge-stub/unwired,124,86,3.391166381000403,1,0.0,0.0003296967314861502,3399.6314949990847,8.465113998681773,3391.166381000403,0.0,19e1267e270fb26a4e6da10a2e33f407c4cde82d,7fdc85f695827cd40610ae43ca440f13cb399989fda72657811baf795f8607dc,2026-09-19T14:14:31.114483+00:00,measured,measured,0.0,0
700,e625868b1021df8544625e32cb2154132425adb826cfc05eb9a5e99545e1f211,0,hotpotqa:0033,L1,v1,Qwen/Qwen2.5-1.5B-Instruct,"Both are celestial bodies, but there's no direct comparison to make based solely on their descriptions. Black holes formed earlier due to gravitational collapse of massive stars while oceans were present much earlier in Earth's history. 

This explanation provides a concise comparison between the formation times of black holes and the presence of oceans, without directly answering the question about ""which came first."" Instead, it offers context for understanding the nature of these celestial bodies and how they developed over time.",black holes,0,0,0.05,,judge-stub/unwired,111,92,3.695154853000531,1,0.0,0.00035925116626394054,3700.926425003672,5.771572003141046,3695.154853000531,0.0,19e1267e270fb26a4e6da10a2e33f407c4cde82d,7fdc85f695827cd40610ae43ca440f13cb399989fda72657811baf795f8607dc,2026-09-19T14:14:35.083593+00:00,measured,measured,0.0,0
701,7f48481ef27b0a97dae239594a1e0b64f1e9d6ee692c93bcfe3f69aa9e6667e2,1,hotpotqa:0033,L1,v1,Qwen/Qwen2.5-1.5B-Instruct,"The Pacific Ocean, as a body of water covering 63.8 million square miles, has existed for billions of years since its formation from ancient volcanic activity. In contrast, while black holes are thought to form during the collapse of massive stars, they are not directly comparable in terms of their existence timeline or impact on space-time relative to the vastness of the oceans.",black holes,0,0,0.06451612903225806,,judge-stub/unwired,111,75,3.577583233000041,1,0.0,0.0003478205920972262,3586.953950001771,9.370717001729645,3577.583233000041,0.0,19e1267e270fb26a4e6da10a2e33f407c4cde82d,7fdc85f695827cd40610ae43ca440f13cb399989fda72657811baf795f8607dc,2026-09-19T14:14:38.905992+00:00,measured,measured,0.0,0
702,74f61a20d9eccdbaf3604570e8aa4992093156a444ad3d73b5889edf0a74d6b7,2,hotpotqa:0033,L1,v1,Qwen/Qwen2.5-1.5B-Instruct,"Both the Pacific Ocean and black holes are natural phenomena, but they formed at different times in Earth's history. The Pacific Ocean has existed for millions of years due to plate tectonics, while black holes were formed by massive stars collapsing during supernova explosions. Therefore, black holes did not come before the Pacific Ocean; rather, they both exist within their respective time periods. 

Explanation: Black holes and the Pacific Ocean have distinct origins and formation processes. While the Pacific Ocean was shaped by geological forces over billions of years, black holes emerged from the collapse of massive stars in supernovae events that occurred much earlier in cosmic history. Thus, the timing of their existence is fundamentally different. 

The correct comparison would be between these two celestial bodies' formation mechanisms rather than a temporal one, as each phenomenon evolved independently. Black holes form primarily through gravitational collapse after massive stars exhaust their nuclear fuel, whereas the Pacific Ocean is the result of continuous crustal movements and plate tectonic activity.",black holes,0,0,0.024999999999999998,,judge-stub/unwired,111,199,7.916776001000471,1,0.0,0.0007696865556528236,7921.839329004797,5.06332800432574,7916.776001000471,0.0,19e1267e270fb26a4e6da10a2e33f407c4cde82d,7fdc85f695827cd40610ae43ca440f13cb399989fda72657811baf795f8607dc,2026-09-19T14:14:47.067839+00:00,measured,measured,0.0,0
703,578d79f433785a589bb8999e2a72c91f0a4d3d820149ab39d8e803279e14db2f,0,hotpotqa:0034,L1,v1,Qwen/Qwen2.5-1.5B-Instruct,"Photosynthesis came before black holes because it evolved on Earth, while black holes were theorized long ago and have been confirmed in recent years. 

Explanation: The question asks about the relative timing of two processes - black hole formation and evolution vs. photosynthesis development. Photosynthesis has a much longer evolutionary timeline than black holes, as it dates back billions of years to early life forms, whereas black holes only became significant in scientific understanding after Einstein's theory of relativity and advancements in astrophysics. This makes photosynthesis come first in terms of its historical occurrence compared to black holes.",black holes,0,0,0.041237113402061855,,judge-stub/unwired,123,117,5.405897568,1,0.0,0.0005255733746666667,5411.886833999233,5.9892659992328845,5405.897568,0.0,19e1267e270fb26a4e6da10a2e33f407c4cde82d,7fdc85f695827cd40610ae43ca440f13cb399989fda72657811baf795f8607dc,2026-09-19T14:14:52.716770+00:00,measured,measured,0.0,0
704,12a53d201c6d2470af582c46fba6d77d5a3a7860f1a8c43e949c4511e8bccc23,1,hotpotqa:0034,L1,v1,Qwen/Qwen2.5-1.5B-Instruct,"Photosynthesis came before black holes, as it predates the existence of black holes in recorded history. The question does not require a comparison since there is no information about when black holes existed or if they were known at the time of photosynthesis. Therefore, we cannot determine which came first without additional context on the timeline of scientific knowledge. Answer: Photosynthesis came before black holes.",black holes,0,0,0.06451612903225806,,judge-stub/unwired,123,76,3.02320522699938,1,0.0,0.0002939227304027175,3032.2594199960804,9.054192996700294,3023.20522699938,0.0,19e1267e270fb26a4e6da10a2e33f407c4cde82d,7fdc85f695827cd40610ae43ca440f13cb399989fda72657811baf795f8607dc,2026-09-19T14:14:56.020813+00:00,measured,measured,0.0,0
705,f3cd66bcaba035b365c58ff58498419e25d6e9a9677df0f44265935a9fe59030,2,hotpotqa:0034,L1,v1,Qwen/Qwen2.5-1.5B-Instruct,"The passage does not provide a comparison between black holes and photosynthesis, as there is no information about their chronological order or relationship in terms of origin or development. Both concepts are described equally in the given text without any indication that one predates the other. Thus, it's unclear whether black holes originated before or after photosynthesis based on this limited information. To make such a comparative statement would require more context or explicit mention of when each concept was discovered or developed.",black holes,0,0,0.04938271604938272,,judge-stub/unwired,123,93,3.679668259999744,1,0.0,0.00035774552527775285,3687.8155580016028,8.147298001858871,3679.668259999744,0.0,19e1267e270fb26a4e6da10a2e33f407c4cde82d,7fdc85f695827cd40610ae43ca440f13cb399989fda72657811baf795f8607dc,2026-09-19T14:14:59.954710+00:00,measured,measured,0.0,0
706,4a6c36cf7b68c2a05996c7b96c839eefbb7448494ce222b84ca90a2264354f86,0,hotpotqa:0035,L1,v1,Qwen/Qwen2.5-1.5B-Instruct,"Neither, they are unrelated contexts about different historical and geographical entities. Roman Empire started earlier than the Pacific Ocean.",Roman Empire,0,0,0.19999999999999998,,judge-stub/unwired,121,22,0.9205925910000587,1,0.0,8.950205745833904e-05,925.2304890042069,4.6378980041481555,920.5925910000587,0.0,19e1267e270fb26a4e6da10a2e33f407c4cde82d,7fdc85f695827cd40610ae43ca440f13cb399989fda72657811baf795f8607dc,2026-09-19T14:15:01.153739+00:00,measured,measured,0.0,0
707,8067fdb96badae6f800ccc184d74bb48cc1af9006e13ff00922afa4e217c9f2d,1,hotpotqa:0035,L1,v1,Qwen/Qwen2.5-1.5B-Instruct,"Neither came first; they are unrelated entities in different contexts. 

Explanation: The Roman Empire and the Pacific Ocean were both established centuries apart, each having their own independent histories and significance within their respective domains of knowledge or study. Therefore, neither entity can be said to have ""come first"" without comparing them directly to another contextually relevant entity. In this case, the provided information does not allow for such a comparison due to the lack of direct connection between the two subjects. Thus, it's impossible to determine which one ""came first."" Both entities exist independently as separate historical, geographical, or scientific concepts, making any chronological ordering relative to other contexts irrelevant. 

The Romans created the Roman Empire from 27 BC until AD 476 when the Western Roman Empire fell. The Pacific Ocean was formed about 50 million years ago during the breakup of Pangaea into the tectonic plates that now form the Pacific Plate and others. While these events occurred millions of years apart, they do not imply a temporal precedence relationship between the Roman Empire and the Pacific Ocean. Their existence and development are distinct from each other and occur in entirely separate eras and regions of the world. Hence, there is no logical basis for claiming either one came ""first,"" given the absence",Roman Empire,0,0,0.02,,judge-stub/unwired,121,256,10.84861982899929,1,0.0,0.0010547269278193753,10854.716019000989,6.096190001699142,10848.61982899929,0.0,19e1267e270fb26a4e6da10a2e33f407c4cde82d,7fdc85f695827cd40610ae43ca440f13cb399989fda72657811baf795f8607dc,2026-09-19T14:15:12.311892+00:00,measured,measured,0.0,0
708,4650e30ca17d8609a4386ec3bfcd70016271d2a42ee23d646634465812e662a5,2,hotpotqa:0035,L1,v1,Qwen/Qwen2.5-1.5B-Instruct,"The Roman Empire originated before the Pacific Ocean, as the Roman Empire was established in 27 BC while the Pacific Ocean existed much earlier, predating the Roman Empire by billions of years.",Roman Empire,0,0,0.13793103448275862,,judge-stub/unwired,121,38,1.5341549009999653,1,0.0,0.00014915394870832993,1539.4319910001286,5.277090000163298,1534.1549009999653,0.0,19e1267e270fb26a4e6da10a2e33f407c4cde82d,7fdc85f695827cd40610ae43ca440f13cb399989fda72657811baf795f8607dc,2026-09-19T14:15:14.128747+00:00,measured,measured,0.0,0
709,5310422def4a6639c3344dd0c9ce58a72927c30f41095b3d8a0307279a0c38c9,0,hotpotqa:0036,L1,v1,Qwen/Qwen2.5-1.5B-Instruct,"The connection between Mount Everest and quantum mechanics historically is that both have been subjects of scientific exploration, particularly in their respective fields of geology and physics respectively. While there may not be a direct historical link connecting these two concepts beyond shared human interest in challenging natural phenomena, they both represent significant areas of study for scientists across disciplines. [1]

The passage discusses the description of quantum mechanics as it applies to describing matter and energy at atomic and subatomic scales. It also mentions that this field is ""widely documented,"" indicating its extensive research and documentation over time. The repetition of the phrase ""[Quantum mechanics] describes matter and energy at atomic and subatomic scales"" suggests that this topic has been studied extensively by numerous researchers and institutions throughout history. Additionally, the statement ""Additional detail: quantum mechanics is widely documented"" implies that there are multiple sources available detailing this aspect of science, further emphasizing the importance and breadth of quantum mechanics within the broader field of science. [2] [3] [4] [5]",Mount Everest,0,0,0.024390243902439022,,judge-stub/unwired,113,204,8.763367497000218,1,0.0,0.0008519940622083544,8778.190152001116,14.822655000898521,8763.367497000218,0.0,19e1267e270fb26a4e6da10a2e33f407c4cde82d,7fdc85f695827cd40610ae43ca440f13cb399989fda72657811baf795f8607dc,2026-09-19T14:15:23.171589+00:00,measured,measured,0.0,0
710,49d515788afa3b355d68eabe5b024e476db3f52ea73ee73f906392957a7faff5,1,hotpotqa:0036,L1,v1,Qwen/Qwen2.5-1.5B-Instruct,"None of the provided passages mention any connection between Mount Everest and quantum mechanics. The passages focus on describing quantum mechanics, but do not connect it to Mount Everest in a historical context.",Mount Everest,0,0,0.125,,judge-stub/unwired,113,36,1.4667170020002231,1,0.0,0.00014259748630557725,1475.443743995129,8.726741994905751,1466.7170020002231,0.0,19e1267e270fb26a4e6da10a2e33f407c4cde82d,7fdc85f695827cd40610ae43ca440f13cb399989fda72657811baf795f8607dc,2026-09-19T14:15:24.892917+00:00,measured,measured,0.0,0
711,b87c417474d13849b201a7970a14bab8688a7664e2fea3df188fd6d18d143087,2,hotpotqa:0036,L1,v1,Qwen/Qwen2.5-1.5B-Instruct,"None of the provided passages mention a connection between Mount Everest and quantum mechanics. The passages focus on describing quantum mechanics as a field that describes matter and energy at atomic and subatomic scales, which is unrelated to Mount Everest or any historical connections involving it.",Mount Everest,0,0,0.0909090909090909,,judge-stub/unwired,113,50,1.9959694769995622,1,0.0,0.00019405258804162408,2000.2450090023558,4.275532002793625,1995.9694769995622,0.0,19e1267e270fb26a4e6da10a2e33f407c4cde82d,7fdc85f695827cd40610ae43ca440f13cb399989fda72657811baf795f8607dc,2026-09-19T14:15:27.174298+00:00,measured,measured,0.0,0
712,e1fc06cf3b2a91c049d3e5c78dc3f5326a8b469f8703ec11e01263e0ac9fff06,0,hotpotqa:0037,L1,v1,Qwen/Qwen2.5-1.5B-Instruct,"The historical connection between mitochondria and quantum mechanics is through the work of scientists like Max Delbrück, who used quantum mechanical models to understand the behavior of DNA during cell division in 1930s. However, this direct link was not well-documented until recently. 

This passage discusses the description of quantum mechanics as a field that studies matter and energy on very small scales, often involving atoms or smaller particles. It also mentions that quantum mechanics has been extensively documented across various scientific works over time. The connections between different topics can be traced back to specific events or individuals within those fields, highlighting how advancements in one area can influence understanding in others. In this case, while there isn't an explicit mention of a historical connection between mitochondria and quantum mechanics specifically, the broader context suggests that research into cellular processes like mitochondrial function might have indirectly contributed to developments in quantum theory due to common themes in biological systems and their underlying physical principles. This indirect relationship underscores how interdisciplinary approaches can lead to new insights across seemingly unrelated areas of study. 

In summary, the question asks about a historic connection between mitochondria and quantum mechanics. While it's stated that there isn't a clear direct historical link mentioned explicitly, the implication from the text is that advancements in understanding cellular processes (mit",mitochondria,0,0,0.009389671361502346,,judge-stub/unwired,112,256,10.765216203999444,1,0.0,0.0010466182420555013,10774.38116999474,9.16496599529637,10765.216203999444,0.0,19e1267e270fb26a4e6da10a2e33f407c4cde82d,7fdc85f695827cd40610ae43ca440f13cb399989fda72657811baf795f8607dc,2026-09-19T14:15:38.199131+00:00,measured,measured,0.0,0
713,80dc0f4cc01969c86872b8f5ba89bdf597fd07f679c53d1d86dae7787075dd82,1,hotpotqa:0037,L1,v1,Qwen/Qwen2.5-1.5B-Instruct,"Through the work of Erwin Schrödinger, who used concepts from quantum mechanics to explain how electrons move within atoms, leading to the development of modern theories about biological processes in cells, including the structure and function of mitochondria.",mitochondria,0,0,0.05555555555555556,,judge-stub/unwired,112,47,2.0287544790007814,1,0.0,0.0001972400187917426,2033.3170729973062,4.562593996524811,2028.7544790007814,0.0,19e1267e270fb26a4e6da10a2e33f407c4cde82d,7fdc85f695827cd40610ae43ca440f13cb399989fda72657811baf795f8607dc,2026-09-19T14:15:40.510287+00:00,measured,measured,0.0,0
714,b87690e8bd360d716f0e89b6c4e58a033c4893af9246b0b3cdb16bd473e44f91,2,hotpotqa:0037,L1,v1,Qwen/Qwen2.5-1.5B-Instruct,"None of the given passages directly connect mitochondria and quantum mechanics historically. The passages only state that quantum mechanics describes matter and energy at atomic and subatomic scales, but do not mention anything about mitochondria or their historical connection to quantum mechanics. To establish a direct historical connection between mitochondria and quantum mechanics, additional information would be needed.",mitochondria,0,0,0.03571428571428572,,judge-stub/unwired,112,67,3.2202115050004068,1,0.0,0.00031307611854170615,3224.8718699975143,4.660364997107536,3220.2115050004068,0.0,19e1267e270fb26a4e6da10a2e33f407c4cde82d,7fdc85f695827cd40610ae43ca440f13cb399989fda72657811baf795f8607dc,2026-09-19T14:15:44.005733+00:00,measured,measured,0.0,0
715,d1c7c88cf03ddeafc52de5aa66bee196b67f8c39c82b3983189f2fb83b4c6978,0,hotpotqa:0038,L1,v1,Qwen/Qwen2.5-1.5B-Instruct,"Both the Sahara Desert and the Great Wall of China were formed by natural processes and are not related in terms of their chronological order. There is no specific information provided to compare them in a meaningful way beyond noting that both are vast geographical features. 

The Sahara Desert has been forming for millions of years due to climatic changes and geological forces. It was likely present before the Great Wall of China, but its exact timing cannot be determined from this limited context. Similarly, the Great Wall of China is an artificial construction built over time by human efforts, starting from at least the Warring States period (approximately 475-221 BCE). Its timeline also extends into the historical era rather than being part of prehistoric geology or climate history. Therefore, neither can be said to have come first based solely on these statements. They represent different aspects of Earth's evolution - one through natural processes over long periods, and the other as a man-made structure spanning centuries.",Sahara Desert,0,0,0.024999999999999998,,judge-stub/unwired,123,195,7.700254977999975,1,0.0,0.0007486359006388864,7705.496041001425,5.24106300144922,7700.254977999975,0.0,19e1267e270fb26a4e6da10a2e33f407c4cde82d,7fdc85f695827cd40610ae43ca440f13cb399989fda72657811baf795f8607dc,2026-09-19T14:15:51.995465+00:00,measured,measured,0.0,0
716,7c9cdf376589033836ebb71cde9896d5b30d6145a2760179fb41d5bd600e68be,1,hotpotqa:0038,L1,v1,Qwen/Qwen2.5-1.5B-Instruct,"The Great Wall of China is older than the Sahara Desert. It was built during the Ming Dynasty (1368-1644 AD) as a defensive structure, while the Sahara Desert has been formed through geological processes over millions of years.",Sahara Desert,0,0,0.1111111111111111,,judge-stub/unwired,123,51,2.6253380039997865,1,0.0,0.00025524119483331253,2630.026951999753,4.688947999966331,2625.3380039997865,0.0,19e1267e270fb26a4e6da10a2e33f407c4cde82d,7fdc85f695827cd40610ae43ca440f13cb399989fda72657811baf795f8607dc,2026-09-19T14:15:54.893242+00:00,measured,measured,0.0,0
717,bcf6321eaeb0aeeb71f6823e839dfc864140b589d2e148342cbc9673f14a9daf,2,hotpotqa:0038,L1,v1,Qwen/Qwen2.5-1.5B-Instruct,"Both were formed by natural processes over millions of years. It is impossible to determine which was created first without more specific information about when each feature began forming. 

Explanation: While both the Great Wall of China and the Sahara Desert are ancient geographical features, they were formed through different mechanisms and time periods. The Great Wall of China is a man-made structure built during various dynasties over centuries, whereas the Sahara Desert has been in its current form for much longer, shaped by geological processes such as wind erosion and desertification over thousands of years. Without precise dating or evidence comparing their formation times, it's not possible to definitively state which came first.",Sahara Desert,0,0,0.035398230088495575,,judge-stub/unwired,123,131,5.250817756000288,1,0.0,0.0005104961707222502,5267.205328003001,16.38757200271357,5250.817756000288,0.0,19e1267e270fb26a4e6da10a2e33f407c4cde82d,7fdc85f695827cd40610ae43ca440f13cb399989fda72657811baf795f8607dc,2026-09-19T14:16:00.430018+00:00,measured,measured,0.0,0
718,5385afb912d2f75f8a2f42c41b71ee2b1f966b1943cd30069e4ac25f2498e0e3,0,hotpotqa:0039,L1,v1,Qwen/Qwen2.5-1.5B-Instruct,"World War II's end date (1945) coincides with the cessation of World War II, a significant historical event that had far-reaching impacts on global affairs. Photosynthesis refers to the process by which plants convert light energy into chemical energy through chlorophyll pigments, essential for life on Earth as it provides oxygen and sustains plant growth. The connection between these two topics is less direct but both are part of broader narratives of human history and environmental change. 

The key point here seems to be connecting the end of one major conflict to the start of another or a period of peace, while also tying back to biological processes like photosynthesis. However, this might not directly connect World War II's end date specifically to photosynthesis. A more accurate connection would involve how World War II influenced scientific advancements, economic policies, or international relations, none of which have a direct link to photosynthesis. Therefore, the most fitting answer should focus on connections rather than a specific historical coincidence. Given the options provided, there isn't a clear-cut way to establish a strong historical or biologically relevant connection between World War II's end and photosynthesis without additional context. Thus, the best concise answer from the given list could be:

""World War II's end date (1",photosynthesis,0,0,0.0099009900990099,,judge-stub/unwired,128,256,10.880653004999658,1,0.0,0.0010578412643749667,10890.7640059997,10.111001000041142,10880.653004999658,0.0,19e1267e270fb26a4e6da10a2e33f407c4cde82d,7fdc85f695827cd40610ae43ca440f13cb399989fda72657811baf795f8607dc,2026-09-19T14:16:11.581233+00:00,measured,measured,0.0,0
719,3c168280bf9bd801fc36d8cd780e75f6a5982b5d1d3b3e2a98f15171e4cec501,1,hotpotqa:0039,L1,v1,Qwen/Qwen2.5-1.5B-Instruct,"The historical connection between photosynthesis and World War II lies in the fact that during World War II, advancements in understanding photosynthesis were crucial for developing more efficient agricultural techniques to feed the growing number of soldiers on both sides. This led to increased food production and improved nutrition, which indirectly contributed to the Allies' ability to sustain their forces better than the Axis powers. However, this relationship does not directly link photosynthesis to World War II events or outcomes. Photosynthesis itself was not directly involved in the war's progression; rather, it was a foundational scientific principle supporting wartime efforts related to agriculture and nutrition. 

This concise response captures the essence of how photosynthesis relates to World War II without delving into specific details about the war itself. It emphasizes the role of photosynthesis as a key component of agricultural practices that supported military operations but does not attempt to explain any direct causal connections between photosynthesis and World War II events or outcomes. Therefore, the final answer should be:

**Photosynthesis supports wartime agricultural efforts, contributing to food supply and improving nutritional status of troops, thereby aiding Allied victories over Axis powers.**",photosynthesis,0,0,0.010989010989010988,,judge-stub/unwired,128,222,9.613883877999797,1,0.0,0.0009346831548055357,9622.782436997113,8.898558997316286,9613.883877999797,0.0,19e1267e270fb26a4e6da10a2e33f407c4cde82d,7fdc85f695827cd40610ae43ca440f13cb399989fda72657811baf795f8607dc,2026-09-19T14:16:21.498728+00:00,measured,measured,0.0,0
720,3e74319b14a4ed8105a0b6b04c3be8f0aac58f1ee0928c3638c62550a0be2d98,2,hotpotqa:0039,L1,v1,Qwen/Qwen2.5-1.5B-Instruct,"None, as there are no historical connections provided between photosynthesis and World War II. Photosynthesis refers to a biological process used by plants and other organisms to convert light energy into chemical energy that can later be released to fuel the organism's activities, while World War II was a major global military conflict involving many nations. There is no established link between these two topics based on the given information.",photosynthesis,0,0,0.029411764705882353,,judge-stub/unwired,128,78,3.1166127289998258,1,0.0,0.00030300401531942753,3122.536550001314,5.92382100148825,3116.612728999826,0.0,19e1267e270fb26a4e6da10a2e33f407c4cde82d,7fdc85f695827cd40610ae43ca440f13cb399989fda72657811baf795f8607dc,2026-09-19T14:16:24.902315+00:00,measured,measured,0.0,0
721,7da5e4e5a0ca2fa6789694ff157b47c2d44262139cdfe001f3c1ce916856017a,0,hotpotqa:0040,L1,v1,Qwen/Qwen2.5-1.5B-Instruct,"Photosynthesis came before the Roman Empire because it predates human civilization, while the Roman Empire was a historical period that existed in ancient times.",Roman Empire,0,0,0.17391304347826084,,judge-stub/unwired,120,28,1.1493076400001883,1,0.0,0.00011173824277779607,1158.7029759975849,9.395335997396614,1149.3076400001883,0.0,19e1267e270fb26a4e6da10a2e33f407c4cde82d,7fdc85f695827cd40610ae43ca440f13cb399989fda72657811baf795f8607dc,2026-09-19T14:16:26.331071+00:00,measured,measured,0.0,0
722,eacf4056e75efd619b799f32375611cf1149367f6065d65796fdb9f1df0e1d80,1,hotpotqa:0040,L1,v1,Qwen/Qwen2.5-1.5B-Instruct,"Photosynthesis came before the Roman Empire, as it evolved much earlier in Earth's history compared to the establishment of Rome.",Roman Empire,0,0,0.1904761904761905,,judge-stub/unwired,120,24,1.0123830649999945,1,0.0,9.842613131944391e-05,1019.9404499971934,7.557384997198824,1012.3830649999945,0.0,19e1267e270fb26a4e6da10a2e33f407c4cde82d,7fdc85f695827cd40610ae43ca440f13cb399989fda72657811baf795f8607dc,2026-09-19T14:16:27.619686+00:00,measured,measured,0.0,0
723,acbea4fddd4bf7b8b1486f18e77f6a49030efb54b5feda5b0c6afeb077f19f9a,2,hotpotqa:0040,L1,v1,Qwen/Qwen2.5-1.5B-Instruct,"Photosynthesis came before the Roman Empire, as it evolved over millions of years, while the Roman Empire was a historical event that emerged in antiquity.",Roman Empire,0,0,0.16666666666666669,,judge-stub/unwired,120,30,1.2830602540007021,1,0.0,0.00012474196913895715,1289.5734549992994,6.513200998597313,1283.0602540007021,0.0,19e1267e270fb26a4e6da10a2e33f407c4cde82d,7fdc85f695827cd40610ae43ca440f13cb399989fda72657811baf795f8607dc,2026-09-19T14:16:29.153930+00:00,measured,measured,0.0,0
724,08123645fd43f4bd04f6f25bd83daa579e36a1c48c493bebe33330a7816db407,0,hotpotqa:0041,L1,v1,Qwen/Qwen2.5-1.5B-Instruct,"None of the given passages mention any historical connection between Mount Everest and the Renaissance period. 

The provided passages all describe Mount Everest's elevation and its location along the Nepal-China border, but do not include any information about it being connected to the Renaissance era or any other historical context. To connect Mount Everest and the Renaissance, additional historical facts would be needed that are not present in these passages.",Mount Everest,0,0,0.05882352941176471,,judge-stub/unwired,102,78,3.8689361569995526,1,0.0,0.0003761465708194009,3877.818532004312,8.882375004759524,3868.9361569995526,0.0,19e1267e270fb26a4e6da10a2e33f407c4cde82d,7fdc85f695827cd40610ae43ca440f13cb399989fda72657811baf795f8607dc,2026-09-19T14:16:33.322947+00:00,measured,measured,0.0,0
725,60f7a73f42029357dfe6013d6d0fc83a041f3c43f2d97d4b9b453c51495703d4,1,hotpotqa:0041,L1,v1,Qwen/Qwen2.5-1.5B-Instruct,None of the provided passages mention any historical connection between Mount Everest and the Renaissance period. The information given pertains solely to the height and location of Mount Everest.,Mount Everest,0,0,0.14814814814814814,,judge-stub/unwired,102,32,1.337206609000532,1,0.0,0.0001300061980972739,1342.372965001232,5.166356000700034,1337.206609000532,0.0,19e1267e270fb26a4e6da10a2e33f407c4cde82d,7fdc85f695827cd40610ae43ca440f13cb399989fda72657811baf795f8607dc,2026-09-19T14:16:34.922969+00:00,measured,measured,0.0,0
726,3d77ec65fc14a335c47e7a5708260f66bd714b2a90877dcc546ab17aaf3c70e3,2,hotpotqa:0041,L1,v1,Qwen/Qwen2.5-1.5B-Instruct,"None of the passages provide historical connections between Mount Everest and the Renaissance period. 

Explanation: The provided passages are identical, each stating that Mount Everest rises 8,849 meters on the Nepal-China border with additional details about its documentation but do not mention any connection to the Renaissance period or historical context. Therefore, there is no specific information connecting Mount Everest to the Renaissance in these passages. To find such a connection, one would need different texts or sources discussing both Mount Everest and the Renaissance era together.",Mount Everest,0,0,0.048192771084337345,,judge-stub/unwired,102,102,4.178255122999872,1,0.0,0.0004062192480694319,4182.704784006091,4.449661006219685,4178.255122999872,0.0,19e1267e270fb26a4e6da10a2e33f407c4cde82d,7fdc85f695827cd40610ae43ca440f13cb399989fda72657811baf795f8607dc,2026-09-19T14:16:39.363016+00:00,measured,measured,0.0,0
727,4706f44dcb2f3610c0b365c830a932f56acd1a6b190fb729c506fd720b30e0e8,0,hotpotqa:0042,L1,v1,Qwen/Qwen2.5-1.5B-Instruct,"None provided directly in the given text. 

Explanation: There are multiple references to ""Great Wall of China"" throughout the passage, but no direct connection or historical link to ""mitochondria"" is explicitly stated. Each reference appears independently without mentioning any genetic or biological context related to mitochondria. Therefore, based on the information provided, there is not enough evidence to establish a historical connection between the Great Wall of China and mitochondria. To make such a connection would require additional specific details that are absent from this passage.",Great Wall of China,0,0,0.09523809523809523,,judge-stub/unwired,129,104,4.3311610430000655,1,0.0,0.00042108510140278414,4336.64546300588,5.484420005814172,4331.161043000066,0.0,19e1267e270fb26a4e6da10a2e33f407c4cde82d,7fdc85f695827cd40610ae43ca440f13cb399989fda72657811baf795f8607dc,2026-09-19T14:16:43.940731+00:00,measured,measured,0.0,0
728,45500be7d0b5d0ec3ab262470b7da65e883ff040217223d2cb51c468fa4e56ec,1,hotpotqa:0042,L1,v1,Qwen/Qwen2.5-1.5B-Instruct,None of the provided passages mention a connection between the Great Wall of China and mitochondria historically.,Great Wall of China,0,0,0.4444444444444445,,judge-stub/unwired,129,19,1.0809206169997196,1,0.0,0.0001050895044305283,1087.205111003641,6.2844940039212815,1080.9206169997196,0.0,19e1267e270fb26a4e6da10a2e33f407c4cde82d,7fdc85f695827cd40610ae43ca440f13cb399989fda72657811baf795f8607dc,2026-09-19T14:16:45.321767+00:00,measured,measured,0.0,0
729,c562d760f67241c1199dd8c0f6534e1e8a22536cb4df8fc7e27c30be27387130,2,hotpotqa:0042,L1,v1,Qwen/Qwen2.5-1.5B-Instruct,"None provided directly in the passage

The passage does not provide a historical connection between ""Great Wall of China"" and ""mitochondria."" It only states that the Great Wall of China is described as being ""widely documented,"" but it does not mention any specific historical relationship to mitochondria. To answer this question accurately would require additional information not present in the given text. 

Historical connections often involve cultural or scientific developments, inventions, or events that link two different time periods or domains. In this case, there's no explicit mention or implication within the provided passage of such a connection between ""Great Wall of China"" and ""mitochondria."" Therefore, based solely on the information provided, we cannot determine if there is a historical connection between these terms.",Great Wall of China,0,0,0.06666666666666667,,judge-stub/unwired,129,153,6.172546572999636,1,0.0,0.0006001086945971868,6177.33502799274,4.7884549931040965,6172.546572999636,0.0,19e1267e270fb26a4e6da10a2e33f407c4cde82d,7fdc85f695827cd40610ae43ca440f13cb399989fda72657811baf795f8607dc,2026-09-19T14:16:51.768267+00:00,measured,measured,0.0,0
730,34240a7fba4a44e5d4e258c848e13bbcb3efc510e90b08923e3c0d9fd9dde94d,0,hotpotqa:0043,L1,v1,Qwen/Qwen2.5-1.5B-Instruct,"Shakespeare's works, including his plays and poetry, originated much earlier than the development of neural networks in computer science. Neural networks as a computational model emerged relatively recently, around the mid-20th century. Therefore, while both are creative expressions of human thought and culture, they belong to different time periods and domains of intellectual achievement.",Shakespeare,0,0,0.037037037037037035,,judge-stub/unwired,90,67,2.7332723150002494,1,0.0,0.000265734808402802,2737.6052809968314,4.332965996582061,2733.2723150002494,0.0,19e1267e270fb26a4e6da10a2e33f407c4cde82d,7fdc85f695827cd40610ae43ca440f13cb399989fda72657811baf795f8607dc,2026-09-19T14:16:54.802312+00:00,measured,measured,0.0,0
731,93d12d2fa6ae0e6d24d0edec24354c0ae801f868565a2d7eec0efa2b960fadde,1,hotpotqa:0043,L1,v1,Qwen/Qwen2.5-1.5B-Instruct,"Shakespeare's works came first, as he lived in the 16th century while neural networks were developed later. The development of neural networks was a result of advancements in computing technology rather than an independent creation by Shakespeare. Therefore, Shakespeare's works predate the invention of neural networks.",Shakespeare,0,0,0.04545454545454545,,judge-stub/unwired,90,57,2.8399957960000393,1,0.0,0.0002761107023888927,2844.3868830008796,4.3910870008403435,2839.9957960000393,0.0,19e1267e270fb26a4e6da10a2e33f407c4cde82d,7fdc85f695827cd40610ae43ca440f13cb399989fda72657811baf795f8607dc,2026-09-19T14:16:57.903690+00:00,measured,measured,0.0,0
732,3b46994c8945397a134772b36cf76268c415481d5e21023074a3349531e272c3,2,hotpotqa:0043,L1,v1,Qwen/Qwen2.5-1.5B-Instruct,"Neural networks were developed before Shakespeare. The concept of neural networks was introduced in the 1980s, while Shakespeare's works spanned from the early 16th century to the late 17th century. Therefore, neural networks predate Shakespeare by several centuries.",Shakespeare,0,0,0.05555555555555556,,judge-stub/unwired,90,57,2.4284266800004843,1,0.0,0.00023609703833338041,2432.972068998424,4.545388997939881,2428.4266800004843,0.0,19e1267e270fb26a4e6da10a2e33f407c4cde82d,7fdc85f695827cd40610ae43ca440f13cb399989fda72657811baf795f8607dc,2026-09-19T14:17:00.606676+00:00,measured,measured,0.0,0
733,4567146eee21ff7b8797f245d4695eac2b4951798fb50a1a9a96596e3ed28039,0,hotpotqa:0044,L1,v1,Qwen/Qwen2.5-1.5B-Instruct,"Scholarly links connect Marie Curie's work on radioactivity, which influenced developments in quantum physics, to the theoretical foundations of artificial neural networks.",neural networks,0,0,0.16666666666666669,,judge-stub/unwired,116,29,1.2094298510000954,1,0.0,0.00011758345773612037,1219.280309001988,9.850458001892548,1209.4298510000954,0.0,19e1267e270fb26a4e6da10a2e33f407c4cde82d,7fdc85f695827cd40610ae43ca440f13cb399989fda72657811baf795f8607dc,2026-09-19T14:17:02.106126+00:00,measured,measured,0.0,0
734,593cd4d58097d64e919d29f282c26e3752f101bf14ab30236d033fee9c6afeba,1,hotpotqa:0044,L1,v1,Qwen/Qwen2.5-1.5B-Instruct,"Marie Curie's work on radioactivity inspired research into quantum mechanics, which later led to the development of artificial neural networks.",neural networks,0,0,0.18181818181818182,,judge-stub/unwired,116,25,1.0501762180001606,1,0.0,0.0001021004656389045,1055.4545959976167,5.2783779974561185,1050.1762180001606,0.0,19e1267e270fb26a4e6da10a2e33f407c4cde82d,7fdc85f695827cd40610ae43ca440f13cb399989fda72657811baf795f8607dc,2026-09-19T14:17:03.437909+00:00,measured,measured,0.0,0
735,4433bfe0528f62ab177ce3dc1c1dee2a803a525a2ddc8eff9b03b0ba0076a83d,2,hotpotqa:0044,L1,v1,Qwen/Qwen2.5-1.5B-Instruct,"Scholarly connections. [3, 4, 5] connect neural networks to Marie Curie's work through historical documentation.",neural networks,0,0,0.2222222222222222,,judge-stub/unwired,116,26,1.1119232270002612,1,0.0,0.00010810364706946984,1120.1330920021064,8.209865001845174,1111.9232270002612,0.0,19e1267e270fb26a4e6da10a2e33f407c4cde82d,7fdc85f695827cd40610ae43ca440f13cb399989fda72657811baf795f8607dc,2026-09-19T14:17:04.805002+00:00,measured,measured,0.0,0
736,485fe92a4794696f6310b88550648fa4b5d50ed4056d2a77c041c353742495b2,0,hotpotqa:0045,L1,v1,Qwen/Qwen2.5-1.5B-Instruct,"Both the Great Wall of China and Mount Everest are ancient man-made structures. However, the Great Wall of China was built much earlier than Mount Everest, as it dates back to the Ming Dynasty in the late 16th century, while Mount Everest is a natural formation that has been slowly rising since the Late Cretaceous period. Therefore, the Great Wall of China predates Mount Everest by thousands of years.",Mount Everest,0,0,0.06153846153846154,,judge-stub/unwired,123,83,3.3201032330007365,1,0.0,0.000322787814319516,3329.471818001366,9.368585000629537,3320.1032330007365,0.0,19e1267e270fb26a4e6da10a2e33f407c4cde82d,7fdc85f695827cd40610ae43ca440f13cb399989fda72657811baf795f8607dc,2026-09-19T14:17:08.413881+00:00,measured,measured,0.0,0
737,b9907c23827829c20f71146324d15a0f7ccc907b4339ac0cfd2760e12d7ca918,1,hotpotqa:0045,L1,v1,Qwen/Qwen2.5-1.5B-Instruct,"Both the Great Wall of China and Mount Everest were constructed in modern times. There is no historical precedent for either being built at that time period. 

The Great Wall of China was actually built by various states during different periods between the 7th century BC and the early 16th century AD. It was a defensive structure to protect against invasions from nomadic tribes. In contrast, Mount Everest, the highest mountain in the world, has been climbed multiple times since its discovery in 1856, including several expeditions led by famous mountaineers like Edmund Hillary and Tenzing Norgay. 

Therefore, while both structures are impressive feats of human engineering, they have distinct histories rooted in different eras of global history.",Mount Everest,0,0,0.035398230088495575,,judge-stub/unwired,123,151,6.648660070000005,1,0.0,0.0006463975068055561,6657.1373500037225,8.47728000371717,6648.660070000005,0.0,19e1267e270fb26a4e6da10a2e33f407c4cde82d,7fdc85f695827cd40610ae43ca440f13cb399989fda72657811baf795f8607dc,2026-09-19T14:17:15.399646+00:00,measured,measured,0.0,0
738,eb83bc3a10be180e55aea8a4b1d42a2ff9952281f60ecd1b928eb973fd21b770,2,hotpotqa:0045,L1,v1,Qwen/Qwen2.5-1.5B-Instruct,"Both are natural landmarks but their formation is different. The Great Wall of China was built by human hands while Mount Everest has been formed naturally over millions of years. Therefore, the Great Wall of China came first. 

Explanation: While both are significant geographical features, they were created through fundamentally different processes - the Great Wall of China was constructed by humans using materials like stone, bricks, and earth, whereas Mount Everest was formed through geological processes such as tectonic plate movement and erosion over a much longer period (millions of years). Thus, despite being part of the same region, these two structures have different origins and histories.",Mount Everest,0,0,0.038461538461538464,,judge-stub/unwired,123,126,5.080773613000019,1,0.0,0.0004939641012638908,5085.579006000444,4.805393000424374,5080.773613000019,0.0,19e1267e270fb26a4e6da10a2e33f407c4cde82d,7fdc85f695827cd40610ae43ca440f13cb399989fda72657811baf795f8607dc,2026-09-19T14:17:20.730559+00:00,measured,measured,0.0,0
739,2c0f2ae737753ce5a5c89565b5ae5060f09301452fc41ebeed5c6179b0f32c5f,0,hotpotqa:0046,L1,v1,Qwen/Qwen2.5-1.5B-Instruct,"Both gravity and mitochondria were discovered later. Gravity was identified by Sir Isaac Newton, while mitochondria were only recently understood as cellular organelles. 

This question is asking about the chronological order of discovery for two distinct scientific concepts - gravity and mitochondria. The correct answer addresses that gravity was discovered much earlier than mitochondria, attributed to Sir Isaac Newton, whereas mitochondria were not fully understood until relatively recent times. This comparison highlights how advancements in science can lead to a better understanding of previously unknown phenomena.",gravity,0,0,0.024096385542168676,,judge-stub/unwired,89,102,4.850043051999819,1,0.0,0.00047153196338887125,4856.180121998477,6.137069998658262,4850.043051999819,0.0,19e1267e270fb26a4e6da10a2e33f407c4cde82d,7fdc85f695827cd40610ae43ca440f13cb399989fda72657811baf795f8607dc,2026-09-19T14:17:25.830050+00:00,measured,measured,0.0,0
740,122ad7ebb44d4018a05e24bed4f062bb1807a5a8e64fbd09a19377894fcd5413,1,hotpotqa:0046,L1,v1,Qwen/Qwen2.5-1.5B-Instruct,"Gravity came before mitochondria. Gravity was discovered earlier than the understanding of mitochondria's role in cellular energy production. The concept of gravity predates modern biological knowledge, whereas mitochondria were only understood after the discovery of cellular structure.",gravity,0,0,0.05555555555555556,,judge-stub/unwired,89,46,1.913069187000474,1,0.0,0.00018599283762504607,1918.1582230003187,5.089035999844782,1913.069187000474,0.0,19e1267e270fb26a4e6da10a2e33f407c4cde82d,7fdc85f695827cd40610ae43ca440f13cb399989fda72657811baf795f8607dc,2026-09-19T14:17:28.015985+00:00,measured,measured,0.0,0
741,0006bbb6b8754d822f29b3f4e2bd5aa588e70dfd3e3a76ede8f7520403081026,2,hotpotqa:0046,L1,v1,Qwen/Qwen2.5-1.5B-Instruct,"The question ""Compare gravity with mitochondria: which came first and why"" does not have a clear answer because both gravity and mitochondria are fundamental to their respective biological systems, and neither can be said to have come first. Gravity is an intrinsic property of space-time, while mitochondria are organelles found in eukaryotic cells that play crucial roles in energy production. Both phenomena are essential for life but developed independently over time. 

Gravity and mitochondria were likely present from the earliest stages of Earth's development, long before life emerged. They are part of the natural processes that govern our planet and cellular function respectively. Their existence predates the emergence of life itself. Therefore, it would be incorrect to say one came first or whether they co-evolved without any temporal precedence relationship between them. Each evolved based on its own evolutionary pressures and needs within the context of biological complexity.",gravity,0,0,0.013793103448275862,,judge-stub/unwired,89,178,7.615827961999457,1,0.0,0.000740427718527725,7620.460869999079,4.632907999621239,7615.827961999457,0.0,19e1267e270fb26a4e6da10a2e33f407c4cde82d,7fdc85f695827cd40610ae43ca440f13cb399989fda72657811baf795f8607dc,2026-09-19T14:17:35.882405+00:00,measured,measured,0.0,0
742,a71ddf0788257e80aeb7f071b558c431ff1a4bb31a2a84646b7d92fce60c99cb,0,hotpotqa:0047,L1,v1,Qwen/Qwen2.5-1.5B-Instruct,"The Eiffel Tower predated Shakespeare by approximately two centuries, as it was constructed during the late 19th century while his plays were written in the early 17th century.",Eiffel Tower,0,0,0.14814814814814814,,judge-stub/unwired,125,39,1.6857003710001663,1,0.0,0.00016388753606946062,1690.5795690008745,4.879198000708129,1685.7003710001663,0.0,19e1267e270fb26a4e6da10a2e33f407c4cde82d,7fdc85f695827cd40610ae43ca440f13cb399989fda72657811baf795f8607dc,2026-09-19T14:17:37.851492+00:00,measured,measured,0.0,0
743,8aedea93a474a9cc044f89d9c1d64cf30d64bf2c54d66c08631454776b7abfcc,1,hotpotqa:0047,L1,v1,Qwen/Qwen2.5-1.5B-Instruct,"None of the given passages specify a timeline comparison between the Eiffel Tower and Shakespeare, so no direct information can be provided to determine which came first or why without additional context not present in these texts. 

Eiffel Tower - The Eiffel Tower was completed in 1889 for the World's Fair, while Shakespeare lived from approximately 1564 to 1616. Therefore, it is clear that the Eiffel Tower came much later than Shakespeare. No specific order or reason for their relative timing is mentioned here. 

Shakespeare - Since the passage does not provide any information about when Shakespeare was born or died, we cannot make a definitive comparison based solely on this text. Without more details, we cannot say whether Shakespeare came before or after the completion of the Eiffel Tower. 

Conclusion: The passage lacks sufficient information to compare the creation dates of the Eiffel Tower and Shakespeare. To accurately compare them, we would need additional data about each figure's lifespan or birth/death dates. 

The correct answer based on the available information is:

None of the given passages specify a timeline comparison between the Eiffel Tower and Shakespeare, so no direct information can be provided to determine which came first or why without additional context",Eiffel Tower,0,0,0.021164021164021163,,judge-stub/unwired,125,256,10.660518144999514,1,0.0,0.001036439264097175,10664.953178005817,4.435033006302547,10660.518144999514,0.0,19e1267e270fb26a4e6da10a2e33f407c4cde82d,7fdc85f695827cd40610ae43ca440f13cb399989fda72657811baf795f8607dc,2026-09-19T14:17:48.772979+00:00,measured,measured,0.0,0
744,d50280488f3a4c6acd8b4df5030f135d2f9fee316a280fadc0e5d82b74c685cf,2,hotpotqa:0047,L1,v1,Qwen/Qwen2.5-1.5B-Instruct,"Both were created in the late 19th century, but no specific information is given to determine which one came first based on these passages alone. To make a definitive comparison between the Eiffel Tower and Shakespeare, additional context or dates would be required. 

Eiffel Tower - Completed in 1889
Shakespeare - No specific date provided

The question asks about their creation times, but only passage [1] provides this information for both structures. Without more details, it cannot be determined if either structure predates the other. To compare them properly, we need to know when each was built or at least have some way of determining relative timelines. Thus, the passage does not provide enough information to accurately state which came first or why without making assumptions that may not be supported by the given data. Therefore, the correct response is:

No specific order can be determined from the given information due to lack of comparative dates. Further details are needed to address the query about when each work was created.",Eiffel Tower,0,0,0.024999999999999998,,judge-stub/unwired,125,204,8.054554448999625,1,0.0,0.0007830816825416301,8061.280313993848,6.72586499422323,8054.554448999625,0.0,19e1267e270fb26a4e6da10a2e33f407c4cde82d,7fdc85f695827cd40610ae43ca440f13cb399989fda72657811baf795f8607dc,2026-09-19T14:17:57.135092+00:00,measured,measured,0.0,0
745,cc283fd09b1ee21a0f2dc0bdd378c1e230de7a09778afe87e5e079bdc7ceea19,0,hotpotqa:0048,L1,v1,Qwen/Qwen2.5-1.5B-Instruct,None of the given passages provide historical connections between DNA and Mount Everest. The information provided is about the height of Mount Everest and its documentation but does not relate to a historical connection in terms of scientific or geographical context as asked.,DNA,0,0,0.05,,judge-stub/unwired,102,45,1.9392081780006265,1,0.0,0.00018853412841672758,1944.1069020012947,4.898724000668153,1939.2081780006265,0.0,19e1267e270fb26a4e6da10a2e33f407c4cde82d,7fdc85f695827cd40610ae43ca440f13cb399989fda72657811baf795f8607dc,2026-09-19T14:17:59.359564+00:00,measured,measured,0.0,0
746,df35dea156817b131bfd00cc568f3c1a9cc9d35f9a219106cb85cd5806c47ed3,1,hotpotqa:0048,L1,v1,Qwen/Qwen2.5-1.5B-Instruct,"None of the given passages directly connect DNA and Mount Everest historically. The information provided describes the height of Mount Everest without any historical connection to DNA. 

Explanation: While both Mount Everest and DNA are significant geographical and scientific topics, there is no explicit or implicit historical link between them as described in these passages. Each passage focuses solely on the physical characteristics (height) of Mount Everest and does not mention any historical context involving DNA. Therefore, none of the given passages provide a direct connection between DNA and Mount Everest historically.",DNA,0,0,0.022988505747126436,,judge-stub/unwired,102,103,4.695348373999877,1,0.0,0.00045649220302776584,4699.799067006097,4.450693006219808,4695.348373999877,0.0,19e1267e270fb26a4e6da10a2e33f407c4cde82d,7fdc85f695827cd40610ae43ca440f13cb399989fda72657811baf795f8607dc,2026-09-19T14:18:04.346298+00:00,measured,measured,0.0,0
747,fb14c9025b3a89babce63e36e73bb8d9df8050c52da4c9f93be62f5f463cb122,2,hotpotqa:0048,L1,v1,Qwen/Qwen2.5-1.5B-Instruct,None of the provided passages mention a connection between DNA and Mount Everest. The information in these passages only describes Mount Everest's elevation and its documentation. There is no historical link explicitly stated between the two topics.,DNA,0,0,0.05714285714285715,,judge-stub/unwired,102,41,1.7072815150004317,1,0.0,0.0001659857028472642,1715.3531880012451,8.071673000813462,1707.2815150004317,0.0,19e1267e270fb26a4e6da10a2e33f407c4cde82d,7fdc85f695827cd40610ae43ca440f13cb399989fda72657811baf795f8607dc,2026-09-19T14:18:06.323337+00:00,measured,measured,0.0,0
748,410339f616d5e1ef139a029e06b11f488f3fc516d4937e7982ffb8603858d094,0,hotpotqa:0049,L1,v1,Qwen/Qwen2.5-1.5B-Instruct,"Gravity came before the Eiffel Tower, as it has been a natural force throughout Earth's history while the tower wasn't built until modern times.",Eiffel Tower,0,0,0.16,,judge-stub/unwired,125,30,1.2229517590003525,1,0.0,0.00011889808768058982,1228.8045460063586,5.8527870060061105,1222.9517590003525,0.0,19e1267e270fb26a4e6da10a2e33f407c4cde82d,7fdc85f695827cd40610ae43ca440f13cb399989fda72657811baf795f8607dc,2026-09-19T14:18:07.803345+00:00,measured,measured,0.0,0
749,859f84baa0538e198995becad7fc1f506b3b479b9900db739fd94c2fdca2e30e,1,hotpotqa:0049,L1,v1,Qwen/Qwen2.5-1.5B-Instruct,"Gravity came before the Eiffel Tower, as it has always been present since the Big Bang while the Eiffel Tower took more than a decade to construct.",Eiffel Tower,0,0,0.16,,judge-stub/unwired,125,33,1.3732150979994913,1,0.0,0.0001335070234166172,1384.1598900035024,10.944792004011106,1373.2150979994913,0.0,19e1267e270fb26a4e6da10a2e33f407c4cde82d,7fdc85f695827cd40610ae43ca440f13cb399989fda72657811baf795f8607dc,2026-09-19T14:18:09.428630+00:00,measured,measured,0.0,0
750,c5f7baa9518ac34e78213e0fef8c4a6c1de992a413bfb440451577e0896b2db4,2,hotpotqa:0049,L1,v1,Qwen/Qwen2.5-1.5B-Instruct,"Gravity came first, as it exists universally before any structure like the Eiffel Tower can be built. 

Explanation: Gravity is a fundamental force of nature that acts upon all objects regardless of their mass or composition. It does not depend on human-made structures such as buildings or monuments. Therefore, gravity existed long before the construction of the Eiffel Tower, which began around 1887.",Eiffel Tower,0,0,0.06451612903225806,,judge-stub/unwired,125,81,3.6519369719999304,1,0.0,0.00035504942783332657,3656.3454409943006,4.408468994370196,3651.9369719999304,0.0,19e1267e270fb26a4e6da10a2e33f407c4cde82d,7fdc85f695827cd40610ae43ca440f13cb399989fda72657811baf795f8607dc,2026-09-19T14:18:13.349279+00:00,measured,measured,0.0,0
751,0975dd9278d8fdac0f8484aacd7c88bb6ac828529decba14c1ed048252c96f8f,0,nq:0000,L1,v1,Qwen/Qwen2.5-1.5B-Instruct,"Mitochondria are located within the cell. 

Explanation: The passage mentions that mitochondria generate ATP through oxidative phosphorylation in eukaryotic cells, which implies they are present inside these cells. Additionally, there's a note about additional details and context related to mitochondria being widely documented and associated with other concepts like the Eiffel Tower or quantum mechanics, but this does not change their primary location. Thus, the most concise answer based on the information provided is that mitochondria are located within the cell.",mitochondria,0,0,0.02631578947368421,,judge-stub/unwired,100,103,4.281874104000053,1,0.0,0.0004162933156666718,4286.254060997635,4.379956997581758,4281.874104000053,0.0,19e1267e270fb26a4e6da10a2e33f407c4cde82d,7fdc85f695827cd40610ae43ca440f13cb399989fda72657811baf795f8607dc,2026-09-19T14:18:17.871966+00:00,measured,measured,0.0,0
752,7ec4e9ef341fe62b6b51f5def5c10d7eb8aea8ec138ee82754334702875a6ab4,1,nq:0000,L1,v1,Qwen/Qwen2.5-1.5B-Instruct,"The mitochondria are located within the cells of eukaryotes, including those of animals, plants, fungi, and protists. They play a crucial role in cellular respiration by generating energy in the form of adenosine triphosphate (ATP) through the process of oxidative phosphorylation.",mitochondria,0,0,0.05405405405405406,,judge-stub/unwired,100,61,2.4796442870001556,1,0.0,0.0002410765279027929,2488.5459160004757,8.9016290003201,2479.6442870001556,0.0,19e1267e270fb26a4e6da10a2e33f407c4cde82d,7fdc85f695827cd40610ae43ca440f13cb399989fda72657811baf795f8607dc,2026-09-19T14:18:20.602269+00:00,measured,measured,0.0,0
753,eb49fa512cf59f41599f992351ce72070fad9b37cf90d54de96a25470379437f,2,nq:0000,L1,v1,Qwen/Qwen2.5-1.5B-Instruct,"Mitochondria are located in the cytoplasm of eukaryotic cells. [1, 2, 3-5]

The passage mentions that mitochondria generate ATP through oxidative phosphorylation in eukaryotic cells and provides additional details about their function and location. Therefore, mitochondrial DNA is found within the nucleus of the cell. The correct answer is mitochondria are located in the cytoplasm of eukaryotic cells. [1, 2, 3-5]",mitochondria,0,0,0.034482758620689655,,judge-stub/unwired,100,100,4.251720427000691,1,0.0,0.00041336170818062276,4256.0527630012075,4.332336000516079,4251.720427000691,0.0,19e1267e270fb26a4e6da10a2e33f407c4cde82d,7fdc85f695827cd40610ae43ca440f13cb399989fda72657811baf795f8607dc,2026-09-19T14:18:25.116010+00:00,measured,measured,0.0,0
754,becfcab80f228f832f71c7adbac1a5f7eb7e5ed7e6550ff7d5e84ce3a84399a9,0,nq:0001,L1,v1,Qwen/Qwen2.5-1.5B-Instruct,"The discovery of quantum mechanics was not attributed to a single individual, as it developed through collaborative efforts over many years by various scientists in the early 20th century.",quantum mechanics,0,0,0.14285714285714288,,judge-stub/unwired,109,34,1.8331523610004297,1,0.0,0.0001782231462083751,1837.283165998997,4.130804998567328,1833.1523610004297,0.0,19e1267e270fb26a4e6da10a2e33f407c4cde82d,7fdc85f695827cd40610ae43ca440f13cb399989fda72657811baf795f8607dc,2026-09-19T14:18:27.240169+00:00,measured,measured,0.0,0
755,be3b42d426944fd8e7192baeecbd568ede8c03be534ac4e57037b1c132893359,1,nq:0001,L1,v1,Qwen/Qwen2.5-1.5B-Instruct,"Notably, it was not a single person who discovered quantum mechanics; its development over time by many scientists contributed to its understanding. However, Niels Bohr, Werner Heisenberg, Erwin Schrödinger, and Paul Dirac are credited for significantly contributing to the formulation of modern quantum theory in the early 20th century. 

This passage discusses the description of quantum mechanics, focusing on its wide documentation across various fields, but does not provide information about when or who first discovered it. Therefore, based solely on the provided context, we cannot definitively state that any one individual ""discovered"" quantum mechanics. The discovery process involved multiple contributions from different scientists over several decades.",quantum mechanics,0,0,0.038834951456310676,,judge-stub/unwired,109,140,5.502025480999691,1,0.0,0.0005349191439860811,5506.874464000248,4.848983000556473,5502.025480999691,0.0,19e1267e270fb26a4e6da10a2e33f407c4cde82d,7fdc85f695827cd40610ae43ca440f13cb399989fda72657811baf795f8607dc,2026-09-19T14:18:33.093074+00:00,measured,measured,0.0,0
756,09146e3c036274e9ec7df3cadc03fa725d2e915b55afcd8184aceb8a635951b6,2,nq:0001,L1,v1,Qwen/Qwen2.5-1.5B-Instruct,"It was not one person, but a collaboration of scientists over many years that ultimately led to the discovery of quantum mechanics. The detailed history involves contributions from Niels Bohr, Werner Heisenberg, Erwin Schrödinger, Max Born, Paul Dirac, Wolfgang Pauli, Louis de Broglie, Satyendra Nath Bose, Arthur Holly Compton, John von Neumann, Eugene Wigner, Werner Heisenberg (again), Richard Feynman, Julian Schwinger, Sin-Itiro Tomonaga, Shin'ichirō Tomonaga, Murray Gell-Mann, David Gross, Frank Wilczek, Leon M. Lederman, Samuel C.C. Ting, Carl Davison, Steven Weinberg, Sheldon Glashow, Abdus Salam, Robert Brout, François Englert, Peter Higgs, Leon Lederman, Jack Steinberger, Gerald Guralnik, Carl Hagen, and Jeffrey Goldstone. This collaborative effort resulted in the development of quantum mechanics as we know it today.",quantum mechanics,0,0,0.033613445378151266,,judge-stub/unwired,109,211,9.0859911739999,1,0.0,0.000883360253027768,9090.832807002698,4.841633002797607,9085.9911739999,0.0,19e1267e270fb26a4e6da10a2e33f407c4cde82d,7fdc85f695827cd40610ae43ca440f13cb399989fda72657811baf795f8607dc,2026-09-19T14:18:42.432612+00:00,measured,measured,0.0,0
757,f5543b119ecfedea1eb259caafd8453cc592732a40db744c66725a3c1cf2d2d7,0,nq:0002,L1,v1,Qwen/Qwen2.5-1.5B-Instruct,"1889

The information provided indicates that the Eiffel Tower in Paris was completed in 1889, which occurred during the World's Fair held in 1889. Therefore, the event of completing the Eiffel Tower happened in 1889. This can be verified by looking at the dates mentioned in all four passage sections and noting that they are consistent across them, confirming that the completion year is indeed 1889. [1], [2], [3], and [4] all state this fact clearly without contradiction or additional details changing the established timeline. [5] provides further contextual information about the tower being associated with Shakespeare but does not affect the specific date of its construction. Thus, based solely on the given passage data, the correct concise answer is 1889. [1]. [2]. [3]. [4]. [5].",Eiffel Tower,0,0,0.03418803418803419,,judge-stub/unwired,122,187,7.659031963000416,1,0.0,0.0007446281075139293,7666.731994005204,7.700031004787888,7659.031963000416,0.0,19e1267e270fb26a4e6da10a2e33f407c4cde82d,7fdc85f695827cd40610ae43ca440f13cb399989fda72657811baf795f8607dc,2026-09-19T14:18:50.358357+00:00,measured,measured,0.0,0
758,9e88bf78901a271231dfc59e6bb881efb9cc9afd11722dd33f7bbd9b3f5cee40,1,nq:0002,L1,v1,Qwen/Qwen2.5-1.5B-Instruct,1889,Eiffel Tower,0,0,0.0,,judge-stub/unwired,122,5,0.3516207899992878,1,0.0,3.418535458326409e-05,359.8224169945752,8.20162699528737,351.6207899992878,0.0,19e1267e270fb26a4e6da10a2e33f407c4cde82d,7fdc85f695827cd40610ae43ca440f13cb399989fda72657811baf795f8607dc,2026-09-19T14:18:50.985846+00:00,measured,measured,0.0,0
759,5dca76f88403b2f7447afde6d4cd41cd652e97d8a28568741dd59903310e23d0,2,nq:0002,L1,v1,Qwen/Qwen2.5-1.5B-Instruct,1889,Eiffel Tower,0,0,0.0,,judge-stub/unwired,122,5,0.3107742069996675,1,0.0,3.0214159013856562e-05,315.29356700139033,4.519360001722816,310.7742069996675,0.0,19e1267e270fb26a4e6da10a2e33f407c4cde82d,7fdc85f695827cd40610ae43ca440f13cb399989fda72657811baf795f8607dc,2026-09-19T14:18:51.555186+00:00,measured,measured,0.0,0
760,f9677fb98addd824528120470c51c6b8cfd670bca5ca8c0f079174eae3d64947,0,nq:0003,L1,v1,Qwen/Qwen2.5-1.5B-Instruct,27 BC - 476 AD (Roman Empire lasted approximately 400 years),Roman Empire,0,0,0.33333333333333337,,judge-stub/unwired,119,21,0.8826437130001068,1,0.0,8.58125832083437e-05,887.560461999783,4.9167489996762015,882.6437130001068,0.0,19e1267e270fb26a4e6da10a2e33f407c4cde82d,7fdc85f695827cd40610ae43ca440f13cb399989fda72657811baf795f8607dc,2026-09-19T14:18:52.689372+00:00,measured,measured,0.0,0
761,61201979a6c73c3aa22a4750755a9f7688c1f0ed34818034295fbe1065ceb07e,1,nq:0003,L1,v1,Qwen/Qwen2.5-1.5B-Instruct,"The Roman Empire existed during ancient times, spanning from approximately 27 BC to 476 AD. This period includes both expansion and decline phases of the empire's rule over multiple continents. The exact start date varies slightly based on different historical records, but most scholars agree that the empire began in the late 2nd century BCE under Augustus Caesar. The end date, often cited as 476 AD for the fall of the Western Roman Empire, marks a significant shift in political control within the empire.",Roman Empire,0,0,0.05194805194805195,,judge-stub/unwired,119,104,4.173234316999697,1,0.0,0.0004057311141527483,4182.950412999162,9.716095999465324,4173.234316999697,0.0,19e1267e270fb26a4e6da10a2e33f407c4cde82d,7fdc85f695827cd40610ae43ca440f13cb399989fda72657811baf795f8607dc,2026-09-19T14:18:57.128692+00:00,measured,measured,0.0,0
762,0e26e548029136b6b74c7b2a9d1a7b7940cd2443dafb762a2ca995ec60e86d4e,2,nq:0003,L1,v1,Qwen/Qwen2.5-1.5B-Instruct,1st century BC - 5th century AD,Roman Empire,0,0,0.0,,judge-stub/unwired,119,11,0.4722297559992512,1,0.0,4.5911226277704976e-05,480.59481700238393,8.365061003132723,472.2297559992512,0.0,19e1267e270fb26a4e6da10a2e33f407c4cde82d,7fdc85f695827cd40610ae43ca440f13cb399989fda72657811baf795f8607dc,2026-09-19T14:18:57.869887+00:00,measured,measured,0.0,0
763,081c969077693345c2e27f9b2aa5532e5a349abcdaccf2a8507b0ce781f39fc6,0,nq:0004,L1,v1,Qwen/Qwen2.5-1.5B-Instruct,"Not explicitly stated in the given passages, but it was first scientifically measured by Sir George Everest.",Mount Everest,0,0,0.1111111111111111,,judge-stub/unwired,99,19,0.7691386520000378,1,0.0,7.477736894444812e-05,777.8989010021178,8.760249002079945,769.1386520000378,0.0,19e1267e270fb26a4e6da10a2e33f407c4cde82d,7fdc85f695827cd40610ae43ca440f13cb399989fda72657811baf795f8607dc,2026-09-19T14:18:58.884934+00:00,measured,measured,0.0,0
764,d7139aa1656af428ccb9a7b26b119e359bfc9bc2f0658fb0ac8722dcfd001ce2,1,nq:0004,L1,v1,Qwen/Qwen2.5-1.5B-Instruct,"Not mentioned in the passage

Explanation: The passage does not provide information about who discovered Mount Everest. It only states that Mount Everest rises 8,849 metres on the Nepal-China border and is widely documented. Therefore, it cannot be determined from this text whether or not a specific individual discovered Mount Everest. 

The correct answer to ""Who discovered Mount Everest"" based solely on the provided context is: Not mentioned in the passage. 

It's worth noting that Mount Everest was first climbed by Sir Edmund Hillary and Tenzing Norgay on May 29, 1953, but the discovery of its existence as a mountain has been attributed to various individuals over time due to early explorations. However, without additional historical context beyond what is presented here, we cannot definitively state who first ""discovered"" Mount Everest. The passage focuses more on the height and location of the mountain rather than its discoverer.",Mount Everest,0,0,0.02857142857142857,,judge-stub/unwired,99,189,8.071821598000497,1,0.0,0.0007847604331389372,8081.460441003401,9.63884300290374,8071.821598000497,0.0,19e1267e270fb26a4e6da10a2e33f407c4cde82d,7fdc85f695827cd40610ae43ca440f13cb399989fda72657811baf795f8607dc,2026-09-19T14:19:07.210396+00:00,measured,measured,0.0,0
765,c88995301a6ef5e566ba8e4edbb5bff8c762317a8892a97732e414278e0fe1df,2,nq:0004,L1,v1,Qwen/Qwen2.5-1.5B-Instruct,Not mentioned in the passage. The passage only states that Mount Everest is widely documented. It does not mention any discovery of Mount Everest.,Mount Everest,0,0,0.16666666666666669,,judge-stub/unwired,99,27,1.1109051570001611,1,0.0,0.00010800466804168233,1118.5051440024836,7.59998700232245,1110.9051570001611,0.0,19e1267e270fb26a4e6da10a2e33f407c4cde82d,7fdc85f695827cd40610ae43ca440f13cb399989fda72657811baf795f8607dc,2026-09-19T14:19:08.613532+00:00,measured,measured,0.0,0
766,90079446492bc5bb756ed507c8099539f99c1114c3a7f57ab07a77d6c7b659b0,0,nq:0005,L1,v1,Qwen/Qwen2.5-1.5B-Instruct,"It was a period of significant technological, economic, and social change that transformed societies worldwide.",Industrial Revolution,0,0,0.0,,judge-stub/unwired,111,18,0.7756342920001771,1,0.0,7.540888950001722e-05,784.9831660023483,9.348874002171215,775.6342920001771,0.0,19e1267e270fb26a4e6da10a2e33f407c4cde82d,7fdc85f695827cd40610ae43ca440f13cb399989fda72657811baf795f8607dc,2026-09-19T14:19:09.698820+00:00,measured,measured,0.0,0
767,c7c6e608e174b7c2b770110ad8895891d9da0327f041ab57995afb1c4de4a5ef,1,nq:0005,L1,v1,Qwen/Qwen2.5-1.5B-Instruct,"It led to significant technological advancements, urbanization, and economic growth.",Industrial Revolution,0,0,0.0,,judge-stub/unwired,111,14,0.6028400579998561,1,0.0,5.860945008331934e-05,607.2803159950126,4.440257995156571,602.8400579998561,0.0,19e1267e270fb26a4e6da10a2e33f407c4cde82d,7fdc85f695827cd40610ae43ca440f13cb399989fda72657811baf795f8607dc,2026-09-19T14:19:10.551174+00:00,measured,measured,0.0,0
768,0dc0e9706be0e22878ba4c1a701f66587cc1b9ac252e88a3c6eeaf21dcefb3a8,2,nq:0005,L1,v1,Qwen/Qwen2.5-1.5B-Instruct,"It introduced mechanized production and factories, leading to increased productivity and economic growth.",Industrial Revolution,0,0,0.0,,judge-stub/unwired,111,16,0.6858323390006262,1,0.0,6.667814406950532e-05,690.2273210034764,4.394982002850156,685.8323390006262,0.0,19e1267e270fb26a4e6da10a2e33f407c4cde82d,7fdc85f695827cd40610ae43ca440f13cb399989fda72657811baf795f8607dc,2026-09-19T14:19:11.504219+00:00,measured,measured,0.0,0
769,b2a3514eade4d5da7729aa54ee2ff1ac691e2dbea2340cbf98c7057d74761cd8,0,nq:0006,L1,v1,Qwen/Qwen2.5-1.5B-Instruct,"Throughout history, since its discovery and documentation by scientists such as Robert Hooke in 1665. However, the concept has been known for much longer before that.",photosynthesis,0,0,0.0,,judge-stub/unwired,102,35,1.412651642000128,1,0.0,0.00013734113186112355,1417.1158639946952,4.464221994567197,1412.651642000128,0.0,19e1267e270fb26a4e6da10a2e33f407c4cde82d,7fdc85f695827cd40610ae43ca440f13cb399989fda72657811baf795f8607dc,2026-09-19T14:19:13.182468+00:00,measured,measured,0.0,0
770,cf5379f9950840f494ce77dd1b0d3281813af43d3ec58a32a0a4c8eaee3f5544,1,nq:0006,L1,v1,Qwen/Qwen2.5-1.5B-Instruct,"Throughout history, as evidenced by extensive documentation of this process across various fields and cultures. The concept has been known since ancient times but was formally described by Carl Linnaeus in 1753. However, its mechanism and importance were not fully understood until the mid-20th century. Today, we understand that plants use sunlight to convert carbon dioxide and water into glucose (food) and oxygen (oxygen for animals), a fundamental principle in life support systems on Earth.",photosynthesis,0,0,0.0,,judge-stub/unwired,102,97,4.539744609000081,1,0.0,0.0004413640592083412,4547.452618994612,7.708009994530585,4539.744609000081,0.0,19e1267e270fb26a4e6da10a2e33f407c4cde82d,7fdc85f695827cd40610ae43ca440f13cb399989fda72657811baf795f8607dc,2026-09-19T14:19:17.973563+00:00,measured,measured,0.0,0
771,6d609c4a120967682e7ed54c4b392b8aa140e7065db42c104da0b27f6782b707,2,nq:0006,L1,v1,Qwen/Qwen2.5-1.5B-Instruct,"The passage does not specify a time or historical moment when photosynthesis happened, as it describes an ongoing process that has been documented for many years and likely occurred long before humans recorded its existence. 

Justification: While the question asks ""when,"" the provided passages do not contain any information about the timing of photosynthesis's occurrence. They only describe what photosynthesis does and where it occurs (in plant chloroplasts), without providing any temporal details. Therefore, based solely on the given text, there is no specific time frame mentioned for when photosynthesis happens.",photosynthesis,0,0,0.023255813953488372,,judge-stub/unwired,102,112,4.486629192999317,1,0.0,0.0004362000604304891,4490.783894003471,4.154701004154049,4486.629192999317,0.0,19e1267e270fb26a4e6da10a2e33f407c4cde82d,7fdc85f695827cd40610ae43ca440f13cb399989fda72657811baf795f8607dc,2026-09-19T14:19:22.710464+00:00,measured,measured,0.0,0
772,fa2dd1ffa4ad44ca271956b7e995708ec81289668cd0f5006c9c158174b1d145,0,nq:0007,L1,v1,Qwen/Qwen2.5-1.5B-Instruct,"Not explicitly stated in the given passages, but it's known that scholars have extensively studied and documented Shakespeare's life and works over time. No specific person is credited as ""discovering"" him.",Shakespeare,0,0,0.06060606060606061,,judge-stub/unwired,93,39,1.6324130439998044,1,0.0,0.0001587068237222032,1636.5771349983333,4.164090998528991,1632.4130439998044,0.0,19e1267e270fb26a4e6da10a2e33f407c4cde82d,7fdc85f695827cd40610ae43ca440f13cb399989fda72657811baf795f8607dc,2026-09-19T14:19:24.630759+00:00,measured,measured,0.0,0
773,3305b355c9cab899e1628f909ae253711d612ce291ae6bc54e765c3984c518e8,1,nq:0007,L1,v1,Qwen/Qwen2.5-1.5B-Instruct,"Not explicitly stated in the passage, but it is known that Shakespeare was widely documented for his works and contributions to literature. The discovery of Shakespeare's identity as an author has been attributed to scholars and historians over time through various documents and evidence related to his life and works.",Shakespeare,0,0,0.04081632653061225,,judge-stub/unwired,93,54,2.2318756249997023,1,0.0,0.00021698790798608216,2236.39478399582,4.519158996117767,2231.8756249997023,0.0,19e1267e270fb26a4e6da10a2e33f407c4cde82d,7fdc85f695827cd40610ae43ca440f13cb399989fda72657811baf795f8607dc,2026-09-19T14:19:27.136286+00:00,measured,measured,0.0,0
774,2f563886c77aa0160c55feb666f43761790bf3c1c7df85164b54d67637b88ce6,2,nq:0007,L1,v1,Qwen/Qwen2.5-1.5B-Instruct,"The information provided does not mention any discovery of Shakespeare, only that he is widely documented as a playwright. Therefore, the correct answer to ""who discovered Shakespeare"" based on the given passage is not explicitly stated or implied in these sentences. However, it's important to note that Shakespeare was an author whose works have been extensively studied and documented over centuries. No single person can be credited with discovering him because his existence has been known for so long. 

Given the options, none directly address the question about discovery but rather focus on the documentation of Shakespeare's life and work. Thus, no specific individual is identified as having ""discovered"" Shakespeare in this context.",Shakespeare,0,0,0.018518518518518517,,judge-stub/unwired,93,132,5.883959943999798,1,0.0,0.0005720516612222026,5888.096892998874,4.136948999075685,5883.959943999798,0.0,19e1267e270fb26a4e6da10a2e33f407c4cde82d,7fdc85f695827cd40610ae43ca440f13cb399989fda72657811baf795f8607dc,2026-09-19T14:19:33.262932+00:00,measured,measured,0.0,0
775,3f8bfaba9e0099be18bac1d958429cbf7aaef87dfc8ef0b24cdbd1634d2280c2,0,nq:0008,L1,v1,Qwen/Qwen2.5-1.5B-Instruct,"1903-1911

Explanation of thinking process:
The user asked for a concise summary of Marie Curie's career period. The given passage contains information about her winning Nobel Prizes, but does not specify the exact years she lived or worked. However, based on common knowledge that she won these prizes in those specific years, we can infer that she lived from around 1867 to approximately 1934. Therefore, the answer provided is a reasonable approximation of the time frame within which Marie Curie was active professionally. 

Note: The actual birth year of Marie Curie is often cited as 1867, while the death year is sometimes reported as 1934. These dates are commonly used to establish a timeframe for her life span, though precise dates may vary slightly depending on sources. The answer ""1903-1911"" encapsulates the most relevant years of her professional achievements mentioned in the given text. To provide more accurate answers would require consulting additional historical records, which this passage does not contain.",Marie Curie,0,0,0.0261437908496732,,judge-stub/unwired,116,221,9.429656553000314,1,0.0,0.0009167721648750305,9438.522987997203,8.866434996889438,9429.656553000314,0.0,19e1267e270fb26a4e6da10a2e33f407c4cde82d,7fdc85f695827cd40610ae43ca440f13cb399989fda72657811baf795f8607dc,2026-09-19T14:19:42.992969+00:00,measured,measured,0.0,0
776,6484c7b013eb3ed791656078f407c3148b06fe1205040c1ceecb7aa2ea1216f5,1,nq:0008,L1,v1,Qwen/Qwen2.5-1.5B-Instruct,1903-1911,Marie Curie,0,0,0.0,,judge-stub/unwired,116,10,0.4486328800003321,1,0.0,4.3617085555587835e-05,453.5689190042831,4.936039003951009,448.6328800003321,0.0,19e1267e270fb26a4e6da10a2e33f407c4cde82d,7fdc85f695827cd40610ae43ca440f13cb399989fda72657811baf795f8607dc,2026-09-19T14:19:43.711560+00:00,measured,measured,0.0,0
777,3919e1c9e7f7080e017616c55936f224d8929ef00e6542c8814d5f5a17adf041,2,nq:0008,L1,v1,Qwen/Qwen2.5-1.5B-Instruct,"1903, 1911.",Marie Curie,0,0,0.0,,judge-stub/unwired,116,12,0.5093060399995011,1,0.0,4.951586499995149e-05,514.9712469974475,5.66520699794637,509.3060399995011,0.0,19e1267e270fb26a4e6da10a2e33f407c4cde82d,7fdc85f695827cd40610ae43ca440f13cb399989fda72657811baf795f8607dc,2026-09-19T14:19:44.485417+00:00,measured,measured,0.0,0
778,7e8d2be30a5a663c4e57f6d75e3a092b772caf9b56b6681a0e7e6ad962c04d38,0,nq:0009,L1,v1,Qwen/Qwen2.5-1.5B-Instruct,"Europe, specifically during the 14th to 17th centuries.",Renaissance,0,0,0.0,,judge-stub/unwired,129,16,0.6807327080005052,1,0.0,6.618234661116024e-05,685.1276350043918,4.394927003886551,680.7327080005052,0.0,19e1267e270fb26a4e6da10a2e33f407c4cde82d,7fdc85f695827cd40610ae43ca440f13cb399989fda72657811baf795f8607dc,2026-09-19T14:19:45.430717+00:00,measured,measured,0.0,0
779,49bdd54e7b0a4ed0694ff9d5243f63f8062f66035740f594125a7280a5ca920b,1,nq:0009,L1,v1,Qwen/Qwen2.5-1.5B-Instruct,Europe during the 14th to 17th centuries.,Renaissance,0,0,0.0,,judge-stub/unwired,129,14,0.5989099319995148,1,0.0,5.822735449995283e-05,604.881581995869,5.971649996354245,598.9099319995148,0.0,19e1267e270fb26a4e6da10a2e33f407c4cde82d,7fdc85f695827cd40610ae43ca440f13cb399989fda72657811baf795f8607dc,2026-09-19T14:19:46.284818+00:00,measured,measured,0.0,0
780,a8b1b72cd3e6a9ee9df2fb6dae185f5671578756a9ff693b23ab2e6dc11f67e8,2,nq:0009,L1,v1,Qwen/Qwen2.5-1.5B-Instruct,"Europe, specifically during the 14th to 17th centuries.",Renaissance,0,0,0.0,,judge-stub/unwired,129,16,0.6991866300004403,1,0.0,6.797647791670948e-05,704.7173409946481,5.530710994207766,699.1866300004403,0.0,19e1267e270fb26a4e6da10a2e33f407c4cde82d,7fdc85f695827cd40610ae43ca440f13cb399989fda72657811baf795f8607dc,2026-09-19T14:19:47.229823+00:00,measured,measured,0.0,0
781,ec4a9609ada5475a384d5c9c64b4cbdf1e3e636b0ebd86e88aed5c9a01df8b4a,0,nq:0010,L1,v1,Qwen/Qwen2.5-1.5B-Instruct,"Mount Everest is known for rising to a height of 8,849 meters and being widely documented. 

This concise response summarizes the key information provided in the passage about Mount Everest's elevation and its widespread documentation. It directly answers the question asked while incorporating relevant details from each sentence. The use of ""concisely"" ensures that the response remains clear and informative without unnecessary elaboration. [Sentence 1] - Sentence 2 (repeats the same information as sentence 1) - Sentence 3 - Sentence 4 - Sentence 5 (all provide the same information) - Answer: Mount Everest is known for rising to a height of 8,849 meters and being widely documented.",Mount Everest,0,0,0.04081632653061225,,judge-stub/unwired,101,143,6.063837333000265,1,0.0,0.000589539740708359,6068.272671996965,4.435338996700011,6063.837333000265,0.0,19e1267e270fb26a4e6da10a2e33f407c4cde82d,7fdc85f695827cd40610ae43ca440f13cb399989fda72657811baf795f8607dc,2026-09-19T14:19:53.543151+00:00,measured,measured,0.0,0
782,4e0e85ca4fdedee7d08fc62716fae9de0a80e783ca55df0b6f6245ab62667a89,1,nq:0010,L1,v1,Qwen/Qwen2.5-1.5B-Instruct,"Mount Everest is known for its height of 8,849 meters and being widely documented.",Mount Everest,0,0,0.23529411764705882,,judge-stub/unwired,101,20,1.188628257000346,1,0.0,0.0001155610805417003,1193.6097690004317,4.981512000085786,1188.628257000346,0.0,19e1267e270fb26a4e6da10a2e33f407c4cde82d,7fdc85f695827cd40610ae43ca440f13cb399989fda72657811baf795f8607dc,2026-09-19T14:19:54.999649+00:00,measured,measured,0.0,0
783,d5e79f0764ff8333fe0c9f64431619301d6e6bbd25ae0968d137f01f24383e18,2,nq:0010,L1,v1,Qwen/Qwen2.5-1.5B-Instruct,"Mount Everest is known for rising to a height of 8,849 meters on the Nepal-China border and being widely documented. 

Note: The passage repeats ""Mount Everest"" in each sentence, which could be seen as redundant or repetitive, but it's common practice when referring to a specific mountain peak like this one. If you need a more concise version without repetition, I can adjust the wording accordingly. However, given that the information provided remains consistent across all sentences, maintaining the exact text seems appropriate. Let me know if you'd prefer any changes!",Mount Everest,0,0,0.0449438202247191,,judge-stub/unwired,101,113,4.520541083999888,1,0.0,0.0004394970498333224,4525.102278000304,4.561194000416435,4520.541083999888,0.0,19e1267e270fb26a4e6da10a2e33f407c4cde82d,7fdc85f695827cd40610ae43ca440f13cb399989fda72657811baf795f8607dc,2026-09-19T14:19:59.837326+00:00,measured,measured,0.0,0
784,4282c3b9462c1abde11c70a9bd6766b1568c4b84a5c241ad878739c4fe818a0f,0,nq:0011,L1,v1,Qwen/Qwen2.5-1.5B-Instruct,Isaac Newton,gravity,0,0,0.0,,judge-stub/unwired,93,2,0.1254213130005155,1,0.0,1.2193738763939009e-05,129.9360440016244,4.514731001108885,125.42131300051551,0.0,19e1267e270fb26a4e6da10a2e33f407c4cde82d,7fdc85f695827cd40610ae43ca440f13cb399989fda72657811baf795f8607dc,2026-09-19T14:20:00.247983+00:00,measured,measured,0.0,0
785,28b9771cba6f4f0f871efe0048bc65b1e056ead03fcb9f7bce9814c7cff1fccb,1,nq:0011,L1,v1,Qwen/Qwen2.5-1.5B-Instruct,"Isaac Newton, along with additional documentation supporting its widespread observation and understanding. 

The correct answer to the question ""Who discovered gravity?"" based on the provided passage is Isaac Newton, as he described the law of universal gravitation that explains the attraction between masses. The second sentence also mentions that gravity is widely documented, further emphasizing its discovery or at least well-established nature by the time this information was written. However, it's important to note that while Newton made significant contributions to our understanding of gravity, his work built upon earlier observations and theories. Therefore, while Newton is credited for the formal description of gravitational laws, we cannot attribute the discovery itself solely to him without considering broader historical context. Nonetheless, the primary focus here is on the development and formalization of the concept rather than discovering gravity per se.",gravity,0,0,0.015384615384615384,,judge-stub/unwired,93,160,7.040620501000376,1,0.0,0.0006845047709305921,7048.154141004488,7.533640004112385,7040.620501000376,0.0,19e1267e270fb26a4e6da10a2e33f407c4cde82d,7fdc85f695827cd40610ae43ca440f13cb399989fda72657811baf795f8607dc,2026-09-19T14:20:07.558824+00:00,measured,measured,0.0,0
786,ad5e89bda2103d76d4acb4febd56ea78fceaf0eb7412bd7ae6a1c7361e6b0a92,2,nq:0011,L1,v1,Qwen/Qwen2.5-1.5B-Instruct,Isaac Newton,gravity,0,0,0.0,,judge-stub/unwired,93,2,0.1272931970006539,1,0.0,1.2375727486174682e-05,139.79452100375056,12.50132400309667,127.29319700065389,0.0,19e1267e270fb26a4e6da10a2e33f407c4cde82d,7fdc85f695827cd40610ae43ca440f13cb399989fda72657811baf795f8607dc,2026-09-19T14:20:07.996735+00:00,measured,measured,0.0,0
787,6bf71c1cf2e468ebd9de44d0ad22e75dfc6d5bcda7440ee89014898e2e1b036f,0,nq:0012,L1,v1,Qwen/Qwen2.5-1.5B-Instruct,"William Shakespeare is known for writing 37 plays, including works like Hamlet and Macbeth. He is also renowned for his sonnets.",Shakespeare,0,0,0.0909090909090909,,judge-stub/unwired,95,29,1.1742911989995264,1,0.0,0.00011416719990273173,1185.8731090023866,11.58191000286024,1174.2911989995264,0.0,19e1267e270fb26a4e6da10a2e33f407c4cde82d,7fdc85f695827cd40610ae43ca440f13cb399989fda72657811baf795f8607dc,2026-09-19T14:20:09.428886+00:00,measured,measured,0.0,0
788,08b8b24f8873b1d11929cb8a2b5e0aec2a9956cd95b318540ca8364cd78f2b42,1,nq:0012,L1,v1,Qwen/Qwen2.5-1.5B-Instruct,"William Shakespeare is known for writing 37 plays, including Hamlet and Macbeth.",Shakespeare,0,0,0.15384615384615385,,judge-stub/unwired,95,18,0.7508536140003343,1,0.0,7.299965691669916e-05,758.7128100049085,7.859196004574187,750.8536140003343,0.0,19e1267e270fb26a4e6da10a2e33f407c4cde82d,7fdc85f695827cd40610ae43ca440f13cb399989fda72657811baf795f8607dc,2026-09-19T14:20:10.447587+00:00,measured,measured,0.0,0
789,07567c40d18c4e64914ad3600a6569302fab931611354e566cee02b63b45ecac,2,nq:0012,L1,v1,Qwen/Qwen2.5-1.5B-Instruct,"William Shakespeare is known for his 37 plays, including works like Hamlet and Macbeth.",Shakespeare,0,0,0.13333333333333333,,judge-stub/unwired,95,20,0.8423290969994923,1,0.0,8.189310665272842e-05,851.9265710028776,9.597474003385287,842.3290969994923,0.0,19e1267e270fb26a4e6da10a2e33f407c4cde82d,7fdc85f695827cd40610ae43ca440f13cb399989fda72657811baf795f8607dc,2026-09-19T14:20:11.573747+00:00,measured,measured,0.0,0
790,ff3b8f1b9f27e495a6349680a33faa78daabf75fd40d5fadc51135bcff5f7c48,0,nq:0013,L1,v1,Qwen/Qwen2.5-1.5B-Instruct,"The information provided does not mention anyone discovering Mount Everest; it simply states that it is located on the Nepal-China border and has been widely documented. Therefore, no specific person was credited for discovery as there isn't a historical account of such an event. [1-5] all state this fact without mentioning any discoverer. 

The correct answer to ""who discovered Mount Everest"" based on these passages would be:

No one is credited as having discovered Mount Everest in these passages. [1-5]

However, if you're asking about its height or location, those facts are consistently stated throughout. No individual is attributed to these discoveries. 

For clarity, we can summarize by saying:
Mount Everest was first measured at 8,849 meters above sea level by the British expedition led by Sir George Everest in 1955, but its existence predates this measurement. Its precise elevation is now known from satellite measurements. It's situated on the border between Nepal and China near the Tibet region. There's extensive documentation and mapping of the mountain due to its importance in mountaineering history. [1-5] all provide details about its geographical location and have been extensively documented. No specific individual is credited with discovery in these texts.",Mount Everest,0,0,0.02010050251256281,,judge-stub/unwired,99,251,10.51159587500024,1,0.0,0.0010219607100694676,10518.03407299758,6.438197997340467,10511.59587500024,0.0,19e1267e270fb26a4e6da10a2e33f407c4cde82d,7fdc85f695827cd40610ae43ca440f13cb399989fda72657811baf795f8607dc,2026-09-19T14:20:22.334533+00:00,measured,measured,0.0,0
791,ac9ca0b9dac7deca974d66868b40097ed06fbeb9b8fc7fd1f26f13520820915f,1,nq:0013,L1,v1,Qwen/Qwen2.5-1.5B-Instruct,The discovery of Mount Everest was made by Sir George Everest in 1856.,Mount Everest,0,0,0.2857142857142857,,judge-stub/unwired,99,18,0.7649422739996226,1,0.0,7.43693877499633e-05,773.5529860001407,8.610712000518106,764.9422739996226,0.0,19e1267e270fb26a4e6da10a2e33f407c4cde82d,7fdc85f695827cd40610ae43ca440f13cb399989fda72657811baf795f8607dc,2026-09-19T14:20:23.368703+00:00,measured,measured,0.0,0
792,c6cfa6fdbad037db146bc2129e78aaf9d8a61f725cbb1bd3758d4069c14b1c11,2,nq:0013,L1,v1,Qwen/Qwen2.5-1.5B-Instruct,The discovery of Mount Everest was made by Sir George Everest in 1856.,Mount Everest,0,0,0.2857142857142857,,judge-stub/unwired,99,18,0.7634607899999537,1,0.0,7.422535458332883e-05,768.333416996029,4.872626996075269,763.4607899999537,0.0,19e1267e270fb26a4e6da10a2e33f407c4cde82d,7fdc85f695827cd40610ae43ca440f13cb399989fda72657811baf795f8607dc,2026-09-19T14:20:24.458008+00:00,measured,measured,0.0,0
793,4a76c2225400de31f2fc37859ac8fac7bb4f1a527f20ec519b4487f3374f3b6b,0,nq:0014,L1,v1,Qwen/Qwen2.5-1.5B-Instruct,"Throughout all of computer science and artificial intelligence fields, neural networks are a central topic for research and application. They represent fundamental concepts in machine learning and cognitive sciences. 

The question ""Where is neural networks located"" doesn't have an exact answer as it's more about their position within various academic and professional contexts rather than physical location on a device or network. However, if we were to consider the scope and impact, they are deeply embedded across these domains. The provided text emphasizes how widespread and influential neural networks are in both theoretical understanding and practical applications. Therefore, the best concise answer reflecting this broad influence would be:

Neural networks are located throughout computer science and artificial intelligence fields. Their importance extends beyond specific implementations into foundational principles that shape modern technology and research.",neural networks,0,0,0.030534351145038167,,judge-stub/unwired,95,152,6.162072570999953,1,0.0,0.0005990903888472177,6166.851428997688,4.778857997735031,6162.072570999953,0.0,19e1267e270fb26a4e6da10a2e33f407c4cde82d,7fdc85f695827cd40610ae43ca440f13cb399989fda72657811baf795f8607dc,2026-09-19T14:20:30.897543+00:00,measured,measured,0.0,0
794,48820579f970ee86aacebf52e61c44bfc162281abe871ab47eb5726a24ce4877,1,nq:0014,L1,v1,Qwen/Qwen2.5-1.5B-Instruct,"Throughout the passage, neural networks are discussed and described as a concept that learns representations through layers of weighted connections. The additional details provided emphasize its widespread documentation across various contexts, indicating its significance in fields such as computer science and artificial intelligence.",neural networks,0,0,0.09523809523809523,,judge-stub/unwired,95,47,2.4248406820006494,1,0.0,0.000235748399638952,2434.1592740056512,9.318592005001847,2424.8406820006494,0.0,19e1267e270fb26a4e6da10a2e33f407c4cde82d,7fdc85f695827cd40610ae43ca440f13cb399989fda72657811baf795f8607dc,2026-09-19T14:20:33.590506+00:00,measured,measured,0.0,0
795,d56a00b4d33fe6dbe8c0120488cf7b9b237ac56e6839704d2f02085c32f1a771,2,nq:0014,L1,v1,Qwen/Qwen2.5-1.5B-Instruct,"throughout the document, but not explicitly stated in [1-5].",neural networks,0,0,0.0,,judge-stub/unwired,95,14,0.5863029239999378,1,0.0,5.700167316666061e-05,592.2668560024249,5.963932002487127,586.3029239999378,0.0,19e1267e270fb26a4e6da10a2e33f407c4cde82d,7fdc85f695827cd40610ae43ca440f13cb399989fda72657811baf795f8607dc,2026-09-19T14:20:34.460666+00:00,measured,measured,0.0,0
796,aec5c23b1ce2d2f86d6edf12600b25cc6917c1bba1498330bf46e0f4db2faa7e,0,nq:0015,L1,v1,Qwen/Qwen2.5-1.5B-Instruct,"The Roman Empire was located in Europe, Africa, and Asia. It spanned three continents around the Mediterranean Sea.",Roman Empire,0,0,0.2222222222222222,,judge-stub/unwired,115,23,0.945921933000136,1,0.0,9.196463237501321e-05,950.5577340005402,4.635801000404172,945.921933000136,0.0,19e1267e270fb26a4e6da10a2e33f407c4cde82d,7fdc85f695827cd40610ae43ca440f13cb399989fda72657811baf795f8607dc,2026-09-19T14:20:35.680930+00:00,measured,measured,0.0,0
797,edf20635c24629d06a92d59be0c38a115f8a81399d59e7509ef1d07e80d08626,1,nq:0015,L1,v1,Qwen/Qwen2.5-1.5B-Instruct,Three continents around the Mediterranean Sea.,Roman Empire,0,0,0.0,,judge-stub/unwired,115,7,0.3158711949999997,1,0.0,3.070969951388886e-05,320.9319110010256,5.060716001025867,315.8711949999997,0.0,19e1267e270fb26a4e6da10a2e33f407c4cde82d,7fdc85f695827cd40610ae43ca440f13cb399989fda72657811baf795f8607dc,2026-09-19T14:20:36.281450+00:00,measured,measured,0.0,0
798,9176a0de74ac6f08c6f25ac67f595516c05d280ff6ef73a586770d3507c71852,2,nq:0015,L1,v1,Qwen/Qwen2.5-1.5B-Instruct,Around the Mediterranean Sea.,Roman Empire,0,0,0.0,,judge-stub/unwired,115,5,0.2492208119992938,1,0.0,2.4229801166598007e-05,254.12401099765702,4.903198998363223,249.2208119992938,0.0,19e1267e270fb26a4e6da10a2e33f407c4cde82d,7fdc85f695827cd40610ae43ca440f13cb399989fda72657811baf795f8607dc,2026-09-19T14:20:36.789485+00:00,measured,measured,0.0,0
799,aadfe2cd9ce0acbd47c997fffb23b4d4e79940f05070f764ab843cc7a797d58d,0,nq:0016,L1,v1,Qwen/Qwen2.5-1.5B-Instruct,"1960s

The passage does not specify a particular year or time period for Mount Everest's occurrence. The information provided focuses on its location and documentation rather than any specific timeline related to its creation or existence as a mountain. Therefore, based solely on the given text, there isn't enough information to determine when Mount Everest happened in the historical sense. However, if we interpret ""happened"" metaphorically here to mean when the first ascent was made (which has been done multiple times), the earliest known ascent date is around 1953, making the 1960s an appropriate timeframe for this question in a literal sense. But strictly speaking, without more context about the event itself, we can only conclude that no single definitive answer exists within the limited scope of the provided text. Thus, while acknowledging the ambiguity, a plausible but not definitively supported interpretation would be the 1960s. 

However, since you asked for a concise answer, the most accurate response would be:

The passage does not specify a particular year or time period for Mount Everest's occurrence. The information provided focuses on its location and documentation rather than any specific timeline related to its creation or existence as a mountain. Therefore, based solely on the given",Mount Everest,0,0,0.021621621621621623,,judge-stub/unwired,102,256,10.635421625000163,1,0.0,0.0010339993246527937,10640.010348997748,4.5887239975854754,10635.421625000163,0.0,19e1267e270fb26a4e6da10a2e33f407c4cde82d,7fdc85f695827cd40610ae43ca440f13cb399989fda72657811baf795f8607dc,2026-09-19T14:20:47.709359+00:00,measured,measured,0.0,0
800,b9532bc9d226f97d899d06213b16276436421c0a742938a694e7b82453785910,1,nq:0016,L1,v1,Qwen/Qwen2.5-1.5B-Instruct,"The passage does not provide a specific time for Mount Everest's occurrence. It states that Mount Everest ""rises"" at an elevation of 8,849 meters on the Nepal-China border and mentions its widespread documentation, but does not indicate when this event happened. Therefore, the question cannot be answered based solely on the provided information. 

However, if we consider the reference to the ""Renaissance,"" which was a period from the late 14th to early 17th century in Europe, one could speculate that Mount Everest might have been mentioned during this era due to its significance as a peak rising so high above sea level. But without more context about how or why Mount Everest would relate to the Renaissance specifically, this remains speculative. Thus, while Mount Everest exists, the timing of its existence is not addressed by the given text. 

Given the constraints, the most accurate response is:

The passage does not specify when Mount Everest occurred. To address your request directly, I will state that there is no specific temporal information provided regarding when Mount Everest happened. 

Please let me know if you need any further clarification!",Mount Everest,0,0,0.022988505747126436,,judge-stub/unwired,102,228,9.410897916000067,1,0.0,0.0009149484085000066,9415.734023997175,4.8361079971073195,9410.897916000067,0.0,19e1267e270fb26a4e6da10a2e33f407c4cde82d,7fdc85f695827cd40610ae43ca440f13cb399989fda72657811baf795f8607dc,2026-09-19T14:20:57.372930+00:00,measured,measured,0.0,0
801,c6925c8bfee4d18c63afdc53ba1aaf0b368f3493c1f30ffbb9a453bf3afdd4ce,2,nq:0016,L1,v1,Qwen/Qwen2.5-1.5B-Instruct,"1856-1953

This question asks about the historical timeline of Mount Everest's existence and documentation, which has been ongoing since its discovery in 1856 by Sir George Everest, a British surveyor general of India, and continued through various expeditions and scientific observations up until the present day. The additional details provided in each passage emphasize the extensive documentation and exploration efforts associated with this mountain. [Source: Wikipedia article on Mount Everest] 

Note that ""Mount Everest"" refers to the main peak, while other peaks like Lhotse, Nuptse, and Makalu are also part of the Himalayan range where Mount Everest is located. The term ""Mount Everest"" is often used as a shorthand for the entire mountain range or specific summits within it. This information highlights the enduring interest and scientific study surrounding one of the world's most famous mountains. [Wikipedia Article on Mount Everest]

The year 1856 marks the beginning of systematic scientific exploration and measurement of Mount Everest, setting a precedent for subsequent expeditions and research activities. Since then, Mount Everest has become an iconic symbol of human achievement and exploration, with numerous attempts at climbing the highest peak on Earth. Each passage emphasizes different aspects of this rich history,",Mount Everest,0,0,0.02150537634408602,,judge-stub/unwired,102,256,10.156234448999385,1,0.0,0.0009874116825416069,10164.625334995435,8.390885996050201,10156.234448999385,0.0,19e1267e270fb26a4e6da10a2e33f407c4cde82d,7fdc85f695827cd40610ae43ca440f13cb399989fda72657811baf795f8607dc,2026-09-19T14:21:07.845001+00:00,measured,measured,0.0,0
802,9e8d2a4d811244ad3b0a5ea0336a5abc5b5909be9649d6f56a0910c0faa6f16e,0,nq:0017,L1,v1,Qwen/Qwen2.5-1.5B-Instruct,"The Mona Lisa is located in the Louvre in Paris, France.",Mona Lisa,0,0,0.3636363636363636,,judge-stub/unwired,120,14,0.8259135060006884,1,0.0,8.029714641673359e-05,834.9915340013467,9.078028000658378,825.9135060006884,0.0,19e1267e270fb26a4e6da10a2e33f407c4cde82d,7fdc85f695827cd40610ae43ca440f13cb399989fda72657811baf795f8607dc,2026-09-19T14:21:08.984580+00:00,measured,measured,0.0,0
803,f342c585b103689f48bc6ac1837061b0e213585f9655221562093d995d2cb2c7,1,nq:0017,L1,v1,Qwen/Qwen2.5-1.5B-Instruct,"The Mona Lisa is located in the Louvre, Paris.",Mona Lisa,0,0,0.4444444444444445,,judge-stub/unwired,120,12,0.7587262110000665,1,0.0,7.376504829167313e-05,763.8676739998118,5.141462999745272,758.7262110000665,0.0,19e1267e270fb26a4e6da10a2e33f407c4cde82d,7fdc85f695827cd40610ae43ca440f13cb399989fda72657811baf795f8607dc,2026-09-19T14:21:10.130150+00:00,measured,measured,0.0,0
804,aaeb0fbc60ee347598a71794c2a00fd5b444c95a652fdc9ad250896fbff84db9,2,nq:0017,L1,v1,Qwen/Qwen2.5-1.5B-Instruct,"Louvre, Paris, France",Mona Lisa,0,0,0.0,,judge-stub/unwired,120,6,0.358382440999776,1,0.0,3.484273731942267e-05,364.5629549992009,6.180513999424875,358.382440999776,0.0,19e1267e270fb26a4e6da10a2e33f407c4cde82d,7fdc85f695827cd40610ae43ca440f13cb399989fda72657811baf795f8607dc,2026-09-19T14:21:10.773498+00:00,measured,measured,0.0,0
805,19d7898de2def755718c5eb244bb7e925e0003431d65de1d8072288f4fa75af4,0,nq:0018,L1,v1,Qwen/Qwen2.5-1.5B-Instruct,"The Pacific Ocean is known for being the largest and deepest ocean basin on Earth, as well as having a wide range of marine life and geographical features. [1-5]

The passage provides five identical statements about the Pacific Ocean, emphasizing its size and depth while also noting its significance in terms of marine life and geography. These details collectively highlight the Pacific's unique status among all oceans globally. Therefore, it can be concluded that the Pacific Ocean is renowned for its vastness and depth, making it an important body of water in both scientific exploration and human culture. 

This concise yet comprehensive summary encapsulates the essence of each statement without repetition or omission, providing a clear understanding of the Pacific Ocean's characteristics based on the given information. Each passage offers additional support to this conclusion by reinforcing the key points regarding the Pacific's size and depth. 

Thus, the Pacific Ocean is known for being the largest and deepest ocean basin on Earth, highlighting its significant role in global maritime affairs and natural history. This knowledge underscores the importance of the Pacific Ocean in various fields such as science, navigation, and cultural heritage. 

In summary, the Pacific Ocean is characterized by its immense scale and profound depths, along with its diverse ecosystems and geological formations, making it a pivotal subject in numerous disciplines. Its",Pacific Ocean,0,0,0.019138755980861243,,judge-stub/unwired,116,256,10.216940270000123,1,0.0,0.000993313637361123,10221.870795996438,4.930525996314827,10216.940270000123,0.0,19e1267e270fb26a4e6da10a2e33f407c4cde82d,7fdc85f695827cd40610ae43ca440f13cb399989fda72657811baf795f8607dc,2026-09-19T14:21:21.248377+00:00,measured,measured,0.0,0
806,41f076b8e87a1c5ac167b7bc36419e2a97856153e86e9ec17f42a0cd046467ab,1,nq:0018,L1,v1,Qwen/Qwen2.5-1.5B-Instruct,Widely documented as the largest and deepest ocean basin on Earth.,Pacific Ocean,0,0,0.16666666666666669,,judge-stub/unwired,116,13,0.7247028770007091,1,0.0,7.045722415284672e-05,733.8109720012653,9.108095000556204,724.7028770007091,0.0,19e1267e270fb26a4e6da10a2e33f407c4cde82d,7fdc85f695827cd40610ae43ca440f13cb399989fda72657811baf795f8607dc,2026-09-19T14:21:22.292936+00:00,measured,measured,0.0,0
807,32f310563051ac614c17257fb314ae671330ab2d599a4d0ca98786c029b97f7c,2,nq:0018,L1,v1,Qwen/Qwen2.5-1.5B-Instruct,Widely documented,Pacific Ocean,0,0,0.0,,judge-stub/unwired,116,3,0.20813124699998298,1,0.0,2.0234982347220566e-05,212.8750960000616,4.743849000078626,208.13124699998298,0.0,19e1267e270fb26a4e6da10a2e33f407c4cde82d,7fdc85f695827cd40610ae43ca440f13cb399989fda72657811baf795f8607dc,2026-09-19T14:21:22.755538+00:00,measured,measured,0.0,0
808,19a6844dcd13cc7e1e0476c774835201d5d22b7c8cc11d8140b250889d8d3102,0,nq:0019,L1,v1,Qwen/Qwen2.5-1.5B-Instruct,"It is known for being one of the deadliest conflicts in human history, resulting in millions of casualties and significant changes to global politics.",World War II,0,0,0.0,,judge-stub/unwired,127,26,1.0669573929999387,1,0.0,0.00010373196876388293,1071.4437229989926,4.486329999053851,1066.9573929999387,0.0,19e1267e270fb26a4e6da10a2e33f407c4cde82d,7fdc85f695827cd40610ae43ca440f13cb399989fda72657811baf795f8607dc,2026-09-19T14:21:24.062786+00:00,measured,measured,0.0,0
809,e9e566f84a13ad8d812815f16617e8ce44ab06a82d46dde2ae32589e3757041c,1,nq:0019,L1,v1,Qwen/Qwen2.5-1.5B-Instruct,"World War II is known for its extensive global involvement, significant military conflicts, and lasting impacts on world politics and society.",World War II,0,0,0.25,,judge-stub/unwired,127,24,0.9922377570001117,1,0.0,9.64675597083442e-05,996.5350050006236,4.2972480005119,992.2377570001117,0.0,19e1267e270fb26a4e6da10a2e33f407c4cde82d,7fdc85f695827cd40610ae43ca440f13cb399989fda72657811baf795f8607dc,2026-09-19T14:21:25.323084+00:00,measured,measured,0.0,0
810,09b10ea5390f76219d6b6293d151e20baf2aec480ca3c343235fc4c8a504d40c,2,nq:0019,L1,v1,Qwen/Qwen2.5-1.5B-Instruct,"World War II was a global conflict that lasted from 1939 to 1945, involving multiple countries and causing immense casualties. It is also notable for its technological advancements, including jet aircraft and atomic weapons, as well as its impact on world politics and culture. [World War II ended in 1945 with the surrender of Germany and Japan.] [World War II is widely documented.]",World War II,0,0,0.09375,,judge-stub/unwired,127,84,3.3531011069999295,1,0.0,0.0003259959409583265,3357.8071790025206,4.7060720025911,3353.1011069999295,0.0,19e1267e270fb26a4e6da10a2e33f407c4cde82d,7fdc85f695827cd40610ae43ca440f13cb399989fda72657811baf795f8607dc,2026-09-19T14:21:28.919696+00:00,measured,measured,0.0,0
811,3dbf2ca578e20efaeed8f3f6d0d19c91f5f9dbe39dca74a078a6c1ae51843ef0,0,nq:0020,L1,v1,Qwen/Qwen2.5-1.5B-Instruct,"Mitochondria are located in the cytoplasm of eukaryotic cells. 

Explanation: The passage states that mitochondria are found in ""eukaryotic cells"" and they perform ATP generation via oxidative phosphorylation, which is a common process in these cells. There's no mention of mitochondria being specifically located elsewhere within or outside the cell. Therefore, based on the information provided, mitochondria are primarily located in the cytoplasm of eukaryotic cells.",mitochondria,0,0,0.03225806451612903,,judge-stub/unwired,100,97,3.951180105000276,1,0.0,0.0003841425102083602,3955.4925640013607,4.31245900108479,3951.180105000276,0.0,19e1267e270fb26a4e6da10a2e33f407c4cde82d,7fdc85f695827cd40610ae43ca440f13cb399989fda72657811baf795f8607dc,2026-09-19T14:21:33.122693+00:00,measured,measured,0.0,0
812,40980bcc07097c1ff25543a56b9934f039dab70e35439c2406a5c07c4bf18c9f,1,nq:0020,L1,v1,Qwen/Qwen2.5-1.5B-Instruct,"Mitochondria are located in eukaryotic cells. They are often compared to the Eiffel Tower due to their complex structure and function, though this comparison does not alter their biological location within cells. 

The passage discusses that mitochondria play a crucial role in generating ATP (adenosine triphosphate) through oxidative phosphorylation in eukaryotic cells, and they have been extensively documented as well. The question asks for the location of mitochondria, which can be succinctly stated as being found in eukaryotic cells. This information directly addresses the query about the cellular location of mitochondria without unnecessary elaboration or comparisons. Therefore, the concise answer provided meets both the requirements of the question and the need for brevity while maintaining accuracy regarding mitochondrial biology.",mitochondria,0,0,0.018348623853211007,,judge-stub/unwired,100,157,6.8186987600001885,1,0.0,0.0006629290461111294,6828.08205600486,9.383296004671138,6818.6987600001885,0.0,19e1267e270fb26a4e6da10a2e33f407c4cde82d,7fdc85f695827cd40610ae43ca440f13cb399989fda72657811baf795f8607dc,2026-09-19T14:21:40.208472+00:00,measured,measured,0.0,0
813,48a19db06e79c7c6a29dc5cadedcdf311935dffad9efdce32b14babdd05c23aa,2,nq:0020,L1,v1,Qwen/Qwen2.5-1.5B-Instruct,"Mitochondria are located in eukaryotic cells, which includes plants and animals.",mitochondria,0,0,0.16666666666666669,,judge-stub/unwired,100,18,0.7651869789997363,1,0.0,7.439317851386326e-05,770.5879180002739,5.400939000537619,765.1869789997363,0.0,19e1267e270fb26a4e6da10a2e33f407c4cde82d,7fdc85f695827cd40610ae43ca440f13cb399989fda72657811baf795f8607dc,2026-09-19T14:21:41.260970+00:00,measured,measured,0.0,0
814,800b8fd59ba080f605c365345a8b4a82afb9c4eaa7e40ae177981267bbd07f1d,0,nq:0021,L1,v1,Qwen/Qwen2.5-1.5B-Instruct,"The discovery of quantum mechanics was made by many scientists over time, but it's often credited to Max Planck. However, it should be noted that the concept had been hinted at in earlier works such as those of Niels Bohr and Albert Einstein. Additionally, Werner Heisenberg played a significant role in formulating matrix mechanics. Paul Dirac then developed an alternative approach known as wave mechanics, which led to further development of the theory by Erwin Schrödinger. So while Max Planck is often cited as one of its founders, his work laid the foundation for subsequent developments rather than being the sole discoverer. 

The correct answer is not explicitly stated in the provided passages, but based on historical context, it can be inferred that quantum mechanics was discovered or developed by multiple scientists over time, including Max Planck, Niels Bohr, Albert Einstein, Werner Heisenberg, Paul Dirac, and Erwin Schrödinger. Therefore, without specific attribution from these sources, we cannot definitively state who ""discovered"" quantum mechanics within the given passage options. However, if forced to choose between the most common credits mentioned (Planck), the closest match would be:

Max Planck

This choice reflects the general consensus among scientific communities regarding the",quantum mechanics,0,0,0.021390374331550804,,judge-stub/unwired,109,256,10.835435029999644,1,0.0,0.0010534450723610764,10841.50344900263,6.068419002986047,10835.435029999644,0.0,19e1267e270fb26a4e6da10a2e33f407c4cde82d,7fdc85f695827cd40610ae43ca440f13cb399989fda72657811baf795f8607dc,2026-09-19T14:21:52.341805+00:00,measured,measured,0.0,0
815,16ec8133f33620449db416ca97d0e0c9f93bcbdf14fd3e2869acbc8c50ecfc00,1,nq:0021,L1,v1,Qwen/Qwen2.5-1.5B-Instruct,"The question ""Who discovered quantum mechanics"" does not have a clear or definitive answer, as it depends on which specific person or group of people you are referring to. However, it was developed by many scientists over time, including Max Planck, Niels Bohr, Werner Heisenberg, Erwin Schrödinger, and others. It emerged from attempts to explain phenomena such as blackbody radiation, the photoelectric effect, and electron diffraction. The theory has since become one of the fundamental pillars of modern physics. 

The statement that quantum mechanics is widely documented in scientific literature refers to its extensive theoretical development and experimental verification across various disciplines within physics. While the term ""discovery"" may imply an individual's sole contribution, quantum mechanics represents a collective effort involving multiple contributors and periods of refinement and expansion. Therefore, while no single person can be definitively credited with discovering quantum mechanics, credit for the development should go to the entire community of physicists working on this subject. The exact origin of quantum mechanics is complex and involves contributions from numerous researchers spread out over several decades. 

It's important to note that quantum mechanics encompasses both classical and new theories about particles and their interactions at extremely small scales. These theories aim to provide a consistent framework for understanding how physical systems behave",quantum mechanics,0,0,0.0196078431372549,,judge-stub/unwired,109,256,10.990381083999637,1,0.0,0.00106850927205552,10995.192944002156,4.811860002519097,10990.381083999637,0.0,19e1267e270fb26a4e6da10a2e33f407c4cde82d,7fdc85f695827cd40610ae43ca440f13cb399989fda72657811baf795f8607dc,2026-09-19T14:22:03.577585+00:00,measured,measured,0.0,0
816,948f049c67093b366408949b646d730eb3df03a52564b17573109df7a3d012af,2,nq:0021,L1,v1,Qwen/Qwen2.5-1.5B-Instruct,"Albert Einstein, Niels Bohr, Max Planck, Werner Heisenberg, and others have contributed to the development of quantum mechanics, but it was not a single individual or discovery that led to its formation. It evolved over time through various scientific advancements and theoretical developments in physics. The term ""quantum mechanics"" itself was coined by Paul Dirac in 1926, though he did not discover the theory; rather, he used it as a generalization of previous ideas about particles and their behavior under certain conditions. So while multiple individuals made significant contributions, no one can be credited with discovering quantum mechanics outright.",quantum mechanics,0,0,0.04166666666666667,,judge-stub/unwired,109,126,5.098486449999655,1,0.0,0.0004956861826388553,5103.041780997046,4.555330997391138,5098.486449999655,0.0,19e1267e270fb26a4e6da10a2e33f407c4cde82d,7fdc85f695827cd40610ae43ca440f13cb399989fda72657811baf795f8607dc,2026-09-19T14:22:08.963595+00:00,measured,measured,0.0,0
817,6944024e9b227c66eb0a9313f4bb624783a269233884c7f0874928fa407374d5,0,nq:0022,L1,v1,Qwen/Qwen2.5-1.5B-Instruct,"1869-1870s, when Alan Turing first introduced the concept in his paper ""On Computable Numbers"" and later in a lecture at Princeton University. The term ""neural network"" was coined by Warren McCulloch and Walter Pitts in their 1943 paper ""A Logical Calculus of Ideas Immanent in Nervous Activity"". They described them as simple models that could perform logical operations similar to how the human brain works. In summary, while the basic idea of neural networks predates these formal definitions, they were not called neural networks until much later. Neural networks gained widespread use in the late 1980s and early 1990s with the development of backpropagation algorithms and improved computational power. Their applications have since expanded into various fields including computer vision, natural language processing, and deep learning. The term ""deep learning"", which refers specifically to multilayered neural networks, emerged around the mid-2010s but has become increasingly popular due to advancements in computing hardware and machine learning techniques. The field continues to evolve rapidly, incorporating innovations such as transfer learning, ensemble methods, and large-scale data processing.",neural networks,0,0,0.02380952380952381,,judge-stub/unwired,97,244,10.310187371999746,1,0.0,0.0010023793278333085,10318.260548999206,8.073176999459974,10310.187371999746,0.0,19e1267e270fb26a4e6da10a2e33f407c4cde82d,7fdc85f695827cd40610ae43ca440f13cb399989fda72657811baf795f8607dc,2026-09-19T14:22:19.579579+00:00,measured,measured,0.0,0
818,dda98b05cf620afe0123ba46e3d5d6531a6e161827ea76386cac0924536367c4,1,nq:0022,L1,v1,Qwen/Qwen2.5-1.5B-Instruct,1940s-1950s,neural networks,0,0,0.0,,judge-stub/unwired,97,12,0.5137754240004142,1,0.0,4.9950388444484716e-05,519.0175400002772,5.242115999863017,513.7754240004142,0.0,19e1267e270fb26a4e6da10a2e33f407c4cde82d,7fdc85f695827cd40610ae43ca440f13cb399989fda72657811baf795f8607dc,2026-09-19T14:22:20.342075+00:00,measured,measured,0.0,0
819,c074b5cc4fcf9d40b14a6253a6a7ecb80b79a6669fdad0d5ffd61407814ec638,2,nq:0022,L1,v1,Qwen/Qwen2.5-1.5B-Instruct,1800s,neural networks,0,0,0.0,,judge-stub/unwired,97,6,0.2860556280002129,1,0.0,2.781096383335403e-05,290.65908300344745,4.603455003234558,286.0556280002129,0.0,19e1267e270fb26a4e6da10a2e33f407c4cde82d,7fdc85f695827cd40610ae43ca440f13cb399989fda72657811baf795f8607dc,2026-09-19T14:22:20.924096+00:00,measured,measured,0.0,0
820,52f66400737888a88cde7a3d89b32f01114e3a6f56cbfbb3182f6eaa553a5d34,0,nq:0023,L1,v1,Qwen/Qwen2.5-1.5B-Instruct,"1968-1972, during the Apollo missions to the Moon",Pacific Ocean,0,0,0.0,,judge-stub/unwired,115,18,0.773493192999922,1,0.0,7.520072709721463e-05,778.1355279994386,4.642334999516606,773.493192999922,0.0,19e1267e270fb26a4e6da10a2e33f407c4cde82d,7fdc85f695827cd40610ae43ca440f13cb399989fda72657811baf795f8607dc,2026-09-19T14:22:21.971733+00:00,measured,measured,0.0,0
821,06dc3d78bc5e2d5b1adb4302bfcd17227a577342e7e499871777e6e0ea202073,1,nq:0023,L1,v1,Qwen/Qwen2.5-1.5B-Instruct,1970s-present (historical) or since discovery of its size in 18th century (present).,Pacific Ocean,0,0,0.0,,judge-stub/unwired,115,26,1.0738536849994489,1,0.0,0.00010440244159716863,1079.2380160009998,5.3843310015508905,1073.853684999449,0.0,19e1267e270fb26a4e6da10a2e33f407c4cde82d,7fdc85f695827cd40610ae43ca440f13cb399989fda72657811baf795f8607dc,2026-09-19T14:22:23.344599+00:00,measured,measured,0.0,0
822,a092de47d285d441ceb96c92f26e7a8479e67a09e832c05c1f051440bba5dee6,2,nq:0023,L1,v1,Qwen/Qwen2.5-1.5B-Instruct,"Since passage [1], all subsequent sentences refer to the Pacific Ocean as being the largest and deepest ocean basin on Earth, indicating that it has always been this way.",Pacific Ocean,0,0,0.13793103448275862,,judge-stub/unwired,115,33,1.7592787800003862,1,0.0,0.00017104099250003755,1772.456295997472,13.17751599708572,1759.2787800003862,0.0,19e1267e270fb26a4e6da10a2e33f407c4cde82d,7fdc85f695827cd40610ae43ca440f13cb399989fda72657811baf795f8607dc,2026-09-19T14:22:25.440099+00:00,measured,measured,0.0,0
823,5c237015341db1551870d51956d20f7010678b1eb82a031374da15b80baf2494,0,nq:0024,L1,v1,Qwen/Qwen2.5-1.5B-Instruct,"None, as it is a well-documented historical fact.",Roman Empire,0,0,0.0,,judge-stub/unwired,114,12,0.6676585719997092,1,0.0,6.491125005552729e-05,671.9677529999899,4.30918100028066,667.6585719997092,0.0,19e1267e270fb26a4e6da10a2e33f407c4cde82d,7fdc85f695827cd40610ae43ca440f13cb399989fda72657811baf795f8607dc,2026-09-19T14:22:26.394165+00:00,measured,measured,0.0,0
824,79fc00e4d5e6a54a993c369809d20cfb1b0783d0ffcdd2f710769e7420174296,1,nq:0024,L1,v1,Qwen/Qwen2.5-1.5B-Instruct,"None, as it is a well-documented historical fact.",Roman Empire,0,0,0.0,,judge-stub/unwired,114,12,0.5262884899993878,1,0.0,5.116693652771826e-05,535.0773289965218,8.788838997134008,526.2884899993878,0.0,19e1267e270fb26a4e6da10a2e33f407c4cde82d,7fdc85f695827cd40610ae43ca440f13cb399989fda72657811baf795f8607dc,2026-09-19T14:22:27.171733+00:00,measured,measured,0.0,0
825,823b39cac62e0b6bbe26fb967267a030b0928a6b3ffc0f7b0b33214af7ba53e2,2,nq:0024,L1,v1,Qwen/Qwen2.5-1.5B-Instruct,"Not explicitly stated, but the passage suggests that the Roman Empire was widely documented and well-known throughout history. Therefore, it can be inferred that Romans themselves or others familiar with their historical records likely discovered the empire. However, without direct evidence, this inference cannot be definitively confirmed. Context: [1], [2], [3], [4], [5]. Type of logical reasoning involved: Inference. Answer: It's an inference based on the wide documentation of the Roman Empire. 

Note: This response includes a detailed explanation about the type of logical reasoning used (inference) to derive the answer from given context passages. However, as per the instruction, I've kept the answer concise while providing additional context for understanding the question and solution process.",Roman Empire,0,0,0.03669724770642201,,judge-stub/unwired,114,152,6.020665312000347,1,0.0,0.0005853424608889225,6028.833371001383,8.168059001036454,6020.665312000347,0.0,19e1267e270fb26a4e6da10a2e33f407c4cde82d,7fdc85f695827cd40610ae43ca440f13cb399989fda72657811baf795f8607dc,2026-09-19T14:22:33.448642+00:00,measured,measured,0.0,0
826,6f29a7d1d8f8b2bddcfab81facef707a8fca62152ef5cb8e93c60b46439c6075,0,nq:0025,L1,v1,Qwen/Qwen2.5-1.5B-Instruct,"Widely documented and iconic symbol of Paris, France.",Eiffel Tower,0,0,0.0,,judge-stub/unwired,121,11,0.4900208079998265,1,0.0,4.764091188887202e-05,495.16068400407676,5.1398760042502545,490.0208079998265,0.0,19e1267e270fb26a4e6da10a2e33f407c4cde82d,7fdc85f695827cd40610ae43ca440f13cb399989fda72657811baf795f8607dc,2026-09-19T14:22:34.232150+00:00,measured,measured,0.0,0
827,879a6367d7cd094365af56dc21888845e6ee37e7b0d3a8ee6f1c2fa6eab7e2ed,1,nq:0025,L1,v1,Qwen/Qwen2.5-1.5B-Instruct,Widely documented.,Eiffel Tower,0,0,0.0,,judge-stub/unwired,121,4,0.2148743830002786,1,0.0,2.0890565013915976e-05,220.53090000190423,5.656517001625616,214.8743830002786,0.0,19e1267e270fb26a4e6da10a2e33f407c4cde82d,7fdc85f695827cd40610ae43ca440f13cb399989fda72657811baf795f8607dc,2026-09-19T14:22:34.741072+00:00,measured,measured,0.0,0
828,d05ccdedba62cb3c9b9afe446161c7c1aa4940435547ddc14708292c07b6450f,2,nq:0025,L1,v1,Qwen/Qwen2.5-1.5B-Instruct,"Known for its iconic design and historical significance, particularly associated with the 1889 World's Fair in Paris.",Eiffel Tower,0,0,0.0,,judge-stub/unwired,121,24,0.9980447529997036,1,0.0,9.703212876386006e-05,1003.6628499983635,5.618096998659894,998.0447529997036,0.0,19e1267e270fb26a4e6da10a2e33f407c4cde82d,7fdc85f695827cd40610ae43ca440f13cb399989fda72657811baf795f8607dc,2026-09-19T14:22:35.995575+00:00,measured,measured,0.0,0
829,8aca5cdf26dd6a236c9a84ac740a300ba44ef606ad42244d9ec2a9b215472c4c,0,nq:0026,L1,v1,Qwen/Qwen2.5-1.5B-Instruct,Known for being the largest hot desert in North Africa and extensively documented.,Sahara Desert,0,0,0.14285714285714285,,judge-stub/unwired,116,14,0.7780137720001221,1,0.0,7.56402278333452e-05,782.954348000203,4.94057600008091,778.0137720001221,0.0,19e1267e270fb26a4e6da10a2e33f407c4cde82d,7fdc85f695827cd40610ae43ca440f13cb399989fda72657811baf795f8607dc,2026-09-19T14:22:37.109851+00:00,measured,measured,0.0,0
830,33700912cd9f71ca9dba0c66b665894e19928840fd01b2a34e6df78d7268af16,1,nq:0026,L1,v1,Qwen/Qwen2.5-1.5B-Instruct,"The Sahara Desert is known for being the largest hot desert in North Africa and covering a vast area across several countries. It is also extensively documented due to its significant impact on climate and ecology. 

This question tests the reader's ability to extract specific information from multiple sources within a text passage. By focusing solely on the details provided about the Sahara Desert, we can accurately summarize that it is the largest hot desert in North Africa and has been well-documented. This concise response adheres strictly to the given context while capturing the essence of the desert's characteristics as described in each passage.",Sahara Desert,0,0,0.04081632653061225,,judge-stub/unwired,116,116,4.939845607000279,1,0.0,0.0004802627673472494,4944.307867003772,4.462260003492702,4939.845607000279,0.0,19e1267e270fb26a4e6da10a2e33f407c4cde82d,7fdc85f695827cd40610ae43ca440f13cb399989fda72657811baf795f8607dc,2026-09-19T14:22:42.365101+00:00,measured,measured,0.0,0
831,119dbf05bbe9e3e729228260f80543eb7e19859c9bf77c1006b9c2fe285b6688,2,nq:0026,L1,v1,Qwen/Qwen2.5-1.5B-Instruct,Known for being the largest hot desert in North Africa and widely documented.,Sahara Desert,0,0,0.14285714285714285,,judge-stub/unwired,116,14,0.5814561730003334,1,0.0,5.6530461263921294e-05,585.8074400020996,4.351267001766246,581.4561730003334,0.0,19e1267e270fb26a4e6da10a2e33f407c4cde82d,7fdc85f695827cd40610ae43ca440f13cb399989fda72657811baf795f8607dc,2026-09-19T14:22:43.299861+00:00,measured,measured,0.0,0
832,05c998878b5fb80e41a01df70879b3525caed13b6a4ff62c9ada4a44234aae13,0,nq:0027,L1,v1,Qwen/Qwen2.5-1.5B-Instruct,"Throughout history, gravity has been observed and described by various scientists, including Sir Isaac Newton who formulated his law of universal gravitation in 1687. The concept of gravity as an attractive force that pulls objects towards each other was first proposed by Aristotle over 2000 years ago, though it wasn't until Newton's work that a mathematical description emerged. Gravity is still being studied today through experiments and observations to better understand its behavior and implications across different scales and conditions.",gravity,0,0,0.024999999999999998,,judge-stub/unwired,100,97,3.840191562000655,1,0.0,0.0003733519574167303,3844.767055004013,4.575493003358133,3840.191562000655,0.0,19e1267e270fb26a4e6da10a2e33f407c4cde82d,7fdc85f695827cd40610ae43ca440f13cb399989fda72657811baf795f8607dc,2026-09-19T14:22:47.442629+00:00,measured,measured,0.0,0
833,ccec2850be5227e820dd7061f7117b2c2d8efd73f0183bd1d1cb966c5cf480c9,1,nq:0027,L1,v1,Qwen/Qwen2.5-1.5B-Instruct,"Throughout history, people have observed and discussed the force that attracts objects towards each other. The concept was first described by Sir Isaac Newton in his work ""Philosophiæ Naturalis Principia Mathematica"" published in 1687. Gravity has since been a fundamental part of our understanding of the universe. It continues to be studied and refined through experiments and theoretical models. While the exact moment it happened isn't specified, its discovery marked a significant milestone in scientific knowledge. 

This answer provides a concise overview of when gravity was discovered and how it has evolved over time, answering the question about when gravity happened based on historical context.",gravity,0,0,0.020202020202020204,,judge-stub/unwired,100,128,5.771812916000272,1,0.0,0.0005611484779444709,5779.897009002525,8.084093002253212,5771.812916000272,0.0,19e1267e270fb26a4e6da10a2e33f407c4cde82d,7fdc85f695827cd40610ae43ca440f13cb399989fda72657811baf795f8607dc,2026-09-19T14:22:53.480136+00:00,measured,measured,0.0,0
834,b0e95aa65a03c6b6e64706795db1ba030193c52e8f11fdeee3996b8a09a64575,2,nq:0027,L1,v1,Qwen/Qwen2.5-1.5B-Instruct,"Throughout history, gravity has been a fundamental concept in physics and astronomy. The earliest known mention of gravity can be traced back to ancient Greek philosophers like Aristotle, who described it as an attractive force that causes objects to fall towards Earth. However, the precise mathematical description of gravity came much later with Sir Isaac Newton's formulation of his law of universal gravitation in the late 17th century. This law provided a quantitative explanation for gravitational phenomena such as planetary motion and the tides. Since then, gravity has become one of the four fundamental forces of nature, alongside electromagnetism, strong nuclear force, and weak nuclear force, and continues to play a crucial role in understanding celestial mechanics and the structure of the universe. Gravity also forms the basis of Einstein's general theory of relativity, which explains how massive objects curve spacetime around them, affecting the paths taken by light and other matter. Thus, while gravity has existed since the beginning of time, its exact nature and effects were only understood through scientific inquiry over centuries.",gravity,0,0,0.012195121951219513,,judge-stub/unwired,100,205,8.241716495000219,1,0.0,0.0008012779925694656,8249.18836100369,7.471866003470495,8241.716495000219,0.0,19e1267e270fb26a4e6da10a2e33f407c4cde82d,7fdc85f695827cd40610ae43ca440f13cb399989fda72657811baf795f8607dc,2026-09-19T14:23:02.002559+00:00,measured,measured,0.0,0
835,e24697cc7853463fb32ee52a7af668ef5bf05da8a64a88a4c1842c9128574e5e,0,nq:0028,L1,v1,Qwen/Qwen2.5-1.5B-Instruct,"Marie Curie was known for winning Nobel Prizes in both Physics (in 1903) and Chemistry (in 1911), making her one of the few scientists to have achieved this distinction. Additionally, she made significant contributions to radioactivity research.",Marie Curie,0,0,0.10526315789473684,,judge-stub/unwired,111,55,2.718488993000392,1,0.0,0.0002642975409861492,2724.044060997585,5.555067997192964,2718.488993000392,0.0,19e1267e270fb26a4e6da10a2e33f407c4cde82d,7fdc85f695827cd40610ae43ca440f13cb399989fda72657811baf795f8607dc,2026-09-19T14:23:04.994570+00:00,measured,measured,0.0,0
836,28b5127a407c60cb4e2b8c68155f301746b6ed3df5847e40cf5f5ae28f79e0a1,1,nq:0028,L1,v1,Qwen/Qwen2.5-1.5B-Instruct,Marie Curie was known for winning Nobel Prizes in both Physics and Chemistry.,Marie Curie,0,0,0.2666666666666667,,judge-stub/unwired,111,16,0.684589440000309,1,0.0,6.65573066666967e-05,690.0869950013657,5.497555001056753,684.589440000309,0.0,19e1267e270fb26a4e6da10a2e33f407c4cde82d,7fdc85f695827cd40610ae43ca440f13cb399989fda72657811baf795f8607dc,2026-09-19T14:23:05.928166+00:00,measured,measured,0.0,0
837,e5b8719acad351186fcfdfa36976da6e8200e5f61e42f645aa7b3d8df3566561,2,nq:0028,L1,v1,Qwen/Qwen2.5-1.5B-Instruct,Marie Curie was known for winning Nobel Prizes in both Physics and Chemistry. She also made significant contributions to radioactivity research.,Marie Curie,0,0,0.17391304347826084,,judge-stub/unwired,111,26,1.0613048820005133,1,0.0,0.00010318241908338323,1065.8497469985377,4.544864998024423,1061.3048820005133,0.0,19e1267e270fb26a4e6da10a2e33f407c4cde82d,7fdc85f695827cd40610ae43ca440f13cb399989fda72657811baf795f8607dc,2026-09-19T14:23:07.230688+00:00,measured,measured,0.0,0
838,bca2c2cb8f0f6a2e682d2456d4ab2d27c1bc9a9871ff164f7d4008aa64e95c01,0,nq:0029,L1,v1,Qwen/Qwen2.5-1.5B-Instruct,Now,Amazon River,0,0,0.0,,judge-stub/unwired,122,1,0.09351201499976014,1,0.0,9.091445902754458e-06,98.4896329946423,4.977617994882166,93.51201499976014,0.0,19e1267e270fb26a4e6da10a2e33f407c4cde82d,7fdc85f695827cd40610ae43ca440f13cb399989fda72657811baf795f8607dc,2026-09-19T14:23:07.640399+00:00,measured,measured,0.0,0
839,0f499b886d9cf848ce868d9e199d705819eff421eaa467787261c2e0131263be,1,nq:0029,L1,v1,Qwen/Qwen2.5-1.5B-Instruct,Now,Amazon River,0,0,0.0,,judge-stub/unwired,122,1,0.08451550300014787,1,0.0,8.216785013903264e-06,89.08545499798493,4.569951997837052,84.51550300014787,0.0,19e1267e270fb26a4e6da10a2e33f407c4cde82d,7fdc85f695827cd40610ae43ca440f13cb399989fda72657811baf795f8607dc,2026-09-19T14:23:07.995200+00:00,measured,measured,0.0,0
840,00e89970c213732b94ea55827b5c08955a00f040ac4c6725b0b605a47718e173,2,nq:0029,L1,v1,Qwen/Qwen2.5-1.5B-Instruct,"Throughout history, the Amazon River has been a significant body of water known for its vast flow and importance. However, specific historical events or timelines related to the Amazon River are not provided in the given passage. Therefore, the exact timing of ""when"" the Amazon River happened cannot be definitively stated based on this information alone. 

The passage focuses on describing the Amazon River's capacity and its documentation, but does not provide details about its inception or historical timeline. To address the question accurately requires additional context that isn't present here. The Amazon River's existence can be traced back millions of years through geological evidence and paleontological findings, but specific dates within human history aren't mentioned.",Amazon River,0,0,0.03571428571428572,,judge-stub/unwired,122,137,5.478711244999431,1,0.0,0.0005326524821527225,5482.9704239964485,4.259178997017443,5478.711244999431,0.0,19e1267e270fb26a4e6da10a2e33f407c4cde82d,7fdc85f695827cd40610ae43ca440f13cb399989fda72657811baf795f8607dc,2026-09-19T14:23:13.726284+00:00,measured,measured,0.0,0
841,d716730be46de28d779e68af9002ab01b73e4b035f40ea91bdf06f2260068065,0,nq:0030,L1,v1,Qwen/Qwen2.5-1.5B-Instruct,1970s-present,Pacific Ocean,0,0,0.0,,judge-stub/unwired,115,7,0.45273385800010146,1,0.0,4.4015791750009865e-05,458.2922649997272,5.558406999625731,452.73385800010146,0.0,19e1267e270fb26a4e6da10a2e33f407c4cde82d,7fdc85f695827cd40610ae43ca440f13cb399989fda72657811baf795f8607dc,2026-09-19T14:23:14.468919+00:00,measured,measured,0.0,0
842,e632f437009361e6a6e743b8c7051823d47f7ba35097b0491692e77f674b80e7,1,nq:0030,L1,v1,Qwen/Qwen2.5-1.5B-Instruct,"1970s-present

Explanation of reasoning process:

The passage states that ""Pacific Ocean is widely documented."" This implies a long-term observation or record of the Pacific Ocean's existence, suggesting it has been known about for a considerable period. Given the consistent use of the phrase throughout, we can conclude that the Pacific Ocean was happening (or existing) at least since the 1970s, as it is consistently described as having these characteristics in relation to its size and depth. Therefore, the most appropriate answer based on the given information is that the Pacific Ocean happened from the 1970s to present day. 

Note: While the question asks specifically about when the Pacific Ocean happened, the context suggests this could refer to its discovery, naming, or documentation rather than its actual occurrence. The provided answers are based on general knowledge and the historical usage of the term ""Pacific Ocean"" without specifying an exact timeframe. The 1970s-to-present timeframe mentioned is derived from understanding how the concept of a vast, deep ocean called the Pacific became established over time through various documents and descriptions. However, the precise starting point might be debated by some historians or geographers who might place the naming of the Pacific Ocean in earlier periods, but the",Pacific Ocean,0,0,0.02173913043478261,,judge-stub/unwired,115,256,10.763881178000702,1,0.0,0.0010464884478611793,10770.608850997633,6.727672996930778,10763.881178000702,0.0,19e1267e270fb26a4e6da10a2e33f407c4cde82d,7fdc85f695827cd40610ae43ca440f13cb399989fda72657811baf795f8607dc,2026-09-19T14:23:25.512409+00:00,measured,measured,0.0,0
843,b92360585c0f5cf8512454891581a294013d3fae84a5ebe8e05a5a62ab0c791c,2,nq:0030,L1,v1,Qwen/Qwen2.5-1.5B-Instruct,"Now, in present time.",Pacific Ocean,0,0,0.0,,judge-stub/unwired,115,6,0.29609519399946294,1,0.0,2.8787032749947784e-05,300.583330000336,4.488136000873055,296.09519399946294,0.0,19e1267e270fb26a4e6da10a2e33f407c4cde82d,7fdc85f695827cd40610ae43ca440f13cb399989fda72657811baf795f8607dc,2026-09-19T14:23:26.080695+00:00,measured,measured,0.0,0
844,d9c7458be5367d05faf3d769104a9722f02163f4c096d75036f95b89b87c40b7,0,nq:0031,L1,v1,Qwen/Qwen2.5-1.5B-Instruct,"DNA is known for carrying genetic instructions in a double-helix structure discovered in 1953, and it is widely documented. 

The passage repeatedly emphasizes that DNA is widely documented and has been discovered through research in 1953, which further reinforces its significance as a carrier of genetic information. The other details provided (such as its discovery and helical structure) are additional supporting evidence for this primary fact. [Final Answer]: DNA is known for carrying genetic instructions in a double-helix structure discovered in 1953, and it is widely documented.]",DNA,0,0,0.023529411764705882,,judge-stub/unwired,105,116,5.342332888000783,1,0.0,0.0005193934752222983,5351.341386004606,9.008498003822751,5342.332888000783,0.0,19e1267e270fb26a4e6da10a2e33f407c4cde82d,7fdc85f695827cd40610ae43ca440f13cb399989fda72657811baf795f8607dc,2026-09-19T14:23:31.779776+00:00,measured,measured,0.0,0
845,cb3334c9503a2029ce82ab83f38d89d29d385a75615557c3b21eb9ae0a337de3,1,nq:0031,L1,v1,Qwen/Qwen2.5-1.5B-Instruct,DNA is known for carrying genetic instructions.,DNA,0,0,0.25,,judge-stub/unwired,105,8,0.37188082699958613,1,0.0,3.6155080402737536e-05,376.3520090005841,4.471182000997942,371.88082699958613,0.0,19e1267e270fb26a4e6da10a2e33f407c4cde82d,7fdc85f695827cd40610ae43ca440f13cb399989fda72657811baf795f8607dc,2026-09-19T14:23:32.424057+00:00,measured,measured,0.0,0
846,f7c509a3bbc2a52e1787f514d7ccecf3775c3c37990c19bb8d50ebf584b2d7e6,2,nq:0031,L1,v1,Qwen/Qwen2.5-1.5B-Instruct,DNA is known for carrying genetic instructions.,DNA,0,0,0.25,,judge-stub/unwired,105,8,0.3617802339995251,1,0.0,3.517307830550938e-05,366.3894710025488,4.609237003023736,361.7802339995251,0.0,19e1267e270fb26a4e6da10a2e33f407c4cde82d,7fdc85f695827cd40610ae43ca440f13cb399989fda72657811baf795f8607dc,2026-09-19T14:23:33.060711+00:00,measured,measured,0.0,0
847,f61bee47b136ffd5e2f94c07463ed4a5e94a86c2c65964890a001418270b3cbb,0,nq:0032,L1,v1,Qwen/Qwen2.5-1.5B-Instruct,"Black holes are regions of spacetime where gravity prevents anything from escaping, and they are widely documented. The term ""black hole"" was coined by physicist John Wheeler in 1967. They are formed when massive stars collapse under their own gravity, resulting in an object so dense that not even light can escape its gravitational pull. This unique property makes them fascinating subjects in astrophysics. Answer: Black holes are regions of spacetime where gravity prevents anything from escaping, and they are widely documented. The term ""black hole"" was coined by physicist John Wheeler in 1967. They are formed when massive stars collapse under their own gravity, resulting in an object so dense that not even light can escape its gravitational pull. This unique property makes them fascinating subjects in astrophysics.",black holes,0,0,0.031496062992125984,,judge-stub/unwired,116,160,6.450086896999892,1,0.0,0.0006270917816527672,6456.260425003165,6.173528003273532,6450.086896999892,0.0,19e1267e270fb26a4e6da10a2e33f407c4cde82d,7fdc85f695827cd40610ae43ca440f13cb399989fda72657811baf795f8607dc,2026-09-19T14:23:39.759040+00:00,measured,measured,0.0,0
848,fd003d042a72127d36b06f857333341d8e67f64fe67ac6119fb450d4bd65d966,1,nq:0032,L1,v1,Qwen/Qwen2.5-1.5B-Instruct,"Black holes are regions of spacetime where gravity prevents anything from escaping, as widely documented in scientific research and observation.",black holes,0,0,0.18181818181818182,,judge-stub/unwired,116,23,1.2692296920004082,1,0.0,0.00012339733116670636,1274.5760920015528,5.346400001144502,1269.2296920004082,0.0,19e1267e270fb26a4e6da10a2e33f407c4cde82d,7fdc85f695827cd40610ae43ca440f13cb399989fda72657811baf795f8607dc,2026-09-19T14:23:41.309760+00:00,measured,measured,0.0,0
849,50c929f4f7cdd68fc62618dc3cce3719ae32b15f07d60c0d4d5e3d25fd967604,2,nq:0032,L1,v1,Qwen/Qwen2.5-1.5B-Instruct,"Black holes are regions of spacetime where gravity prevents anything from escaping, as widely documented in scientific literature and observations.",black holes,0,0,0.18181818181818182,,judge-stub/unwired,116,23,1.0284400869995807,1,0.0,9.998723068051477e-05,1033.0641329992432,4.624045999662485,1028.4400869995807,0.0,19e1267e270fb26a4e6da10a2e33f407c4cde82d,7fdc85f695827cd40610ae43ca440f13cb399989fda72657811baf795f8607dc,2026-09-19T14:23:42.587765+00:00,measured,measured,0.0,0
850,f36a4210158fcde140baecd4498a3a3462b8f337de7c7beed6c85746b16adbcb,0,nq:0033,L1,v1,Qwen/Qwen2.5-1.5B-Instruct,"Paris, France.",Eiffel Tower,0,0,0.0,,judge-stub/unwired,120,4,0.20422883999981423,1,0.0,1.9855581666648606e-05,209.1587740023897,4.9299340025754645,204.22883999981423,0.0,19e1267e270fb26a4e6da10a2e33f407c4cde82d,7fdc85f695827cd40610ae43ca440f13cb399989fda72657811baf795f8607dc,2026-09-19T14:23:43.076368+00:00,measured,measured,0.0,0
851,338de0acc5ecfa8b8e9066fc935df7d1b35b1687b925f71dc49e7720c971ea91,1,nq:0033,L1,v1,Qwen/Qwen2.5-1.5B-Instruct,"In Paris, France.",Eiffel Tower,0,0,0.0,,judge-stub/unwired,120,5,0.25310841099963,1,0.0,2.460776218051958e-05,258.6734179985797,5.565006998949684,253.10841099963,0.0,19e1267e270fb26a4e6da10a2e33f407c4cde82d,7fdc85f695827cd40610ae43ca440f13cb399989fda72657811baf795f8607dc,2026-09-19T14:23:43.609051+00:00,measured,measured,0.0,0
852,7bde409c4c39dad7601711d62436c416f4cd0e9299733152a4280aa3e9325432,2,nq:0033,L1,v1,Qwen/Qwen2.5-1.5B-Instruct,"In Paris, France.",Eiffel Tower,0,0,0.0,,judge-stub/unwired,120,5,0.24388931300018157,1,0.0,2.3711460986128763e-05,248.10000300021784,4.210690000036266,243.88931300018157,0.0,19e1267e270fb26a4e6da10a2e33f407c4cde82d,7fdc85f695827cd40610ae43ca440f13cb399989fda72657811baf795f8607dc,2026-09-19T14:23:44.137043+00:00,measured,measured,0.0,0
853,a7d64f7ba14e351b1ae71f5b1a557d540303f68cf51c53e43ddac1d9379a1ba9,0,nq:0034,L1,v1,Qwen/Qwen2.5-1.5B-Instruct,"In space-time, specifically in the region where gravity prevents objects from escaping.",gravity,0,0,0.15384615384615385,,judge-stub/unwired,114,15,0.6526489080006286,1,0.0,6.345197716672777e-05,658.8790640034858,6.230156002857257,652.6489080006286,0.0,19e1267e270fb26a4e6da10a2e33f407c4cde82d,7fdc85f695827cd40610ae43ca440f13cb399989fda72657811baf795f8607dc,2026-09-19T14:23:45.030027+00:00,measured,measured,0.0,0
854,b04b6b07ce7e0be19eb6a415a39966f5882bf6bd8551e735c249a289a7ca5ebb,1,nq:0034,L1,v1,Qwen/Qwen2.5-1.5B-Instruct,Spacetime,gravity,0,0,0.0,,judge-stub/unwired,114,3,0.17116040600012639,1,0.0,1.6640595027790064e-05,180.49227400115342,9.331868001027033,171.1604060001264,0.0,19e1267e270fb26a4e6da10a2e33f407c4cde82d,7fdc85f695827cd40610ae43ca440f13cb399989fda72657811baf795f8607dc,2026-09-19T14:23:45.444830+00:00,measured,measured,0.0,0
855,643d3a8107c9e37382e5a6b067cccf85f4c797d63a7b5f7c0444e9928b344ca5,2,nq:0034,L1,v1,Qwen/Qwen2.5-1.5B-Instruct,"In spacetime, gravity is located at all points that prevent anything from escaping. 

Explanation: The question asks about the location of gravity in relation to space and time. According to general relativity, gravity is a curvature of spacetime caused by mass or energy. Any region of spacetime where the curvature (or ""gravity"") is significant will prevent objects from moving freely through it, as per Einstein's famous equation E=mc². Thus, black holes are locations where this gravitational influence is extreme enough to trap even light within their event horizons. Therefore, while gravity itself is not confined to any specific point in space-time, its effects can be felt everywhere around these critical areas. [Reference: Stephen Hawking, A Brief History of Time.]",gravity,0,0,0.016949152542372885,,judge-stub/unwired,114,151,5.978705595000065,1,0.0,0.0005812630439583396,5982.959222004865,4.253627004800364,5978.705595000065,0.0,19e1267e270fb26a4e6da10a2e33f407c4cde82d,7fdc85f695827cd40610ae43ca440f13cb399989fda72657811baf795f8607dc,2026-09-19T14:23:51.656747+00:00,measured,measured,0.0,0
856,5b23a29cd2d20380367c1a090533a0c32e4d68e2efbd0778892fc7e9c3c0c5e5,0,nq:0035,L1,v1,Qwen/Qwen2.5-1.5B-Instruct,"Isaac Newton, although additional details about his discovery are not provided here.",gravity,0,0,0.0,,judge-stub/unwired,93,14,0.7772438839992901,1,0.0,7.55653776110421e-05,786.0355110051387,8.791627005848568,777.2438839992901,0.0,19e1267e270fb26a4e6da10a2e33f407c4cde82d,7fdc85f695827cd40610ae43ca440f13cb399989fda72657811baf795f8607dc,2026-09-19T14:23:52.702418+00:00,measured,measured,0.0,0
857,ad2ea0c6e44d478683ad7a2d09bebef206eb508f42d75ed12e8c45b50f2d8a0b,1,nq:0035,L1,v1,Qwen/Qwen2.5-1.5B-Instruct,Sir Isaac Newton discovered gravity.,gravity,0,0,0.33333333333333337,,judge-stub/unwired,93,6,0.3664874400001281,1,0.0,3.5630723333345785e-05,371.0353180013044,4.5478780011762865,366.4874400001281,0.0,19e1267e270fb26a4e6da10a2e33f407c4cde82d,7fdc85f695827cd40610ae43ca440f13cb399989fda72657811baf795f8607dc,2026-09-19T14:23:53.313978+00:00,measured,measured,0.0,0
858,47377559a47d55ea3ffa355265a6bf144656e1fa450fde41c258973bf5b93e0c,2,nq:0035,L1,v1,Qwen/Qwen2.5-1.5B-Instruct,Isaac Newton discovered gravity.,gravity,0,0,0.4,,judge-stub/unwired,93,5,0.3256703919996653,1,0.0,3.166239922218968e-05,333.6978840034135,8.027492003748193,325.6703919996653,0.0,19e1267e270fb26a4e6da10a2e33f407c4cde82d,7fdc85f695827cd40610ae43ca440f13cb399989fda72657811baf795f8607dc,2026-09-19T14:23:53.943348+00:00,measured,measured,0.0,0
859,215b000de23f1c2cab9c615451957bc2ef48f64632af0e07bd9cb9e3e2b04467,0,nq:0036,L1,v1,Qwen/Qwen2.5-1.5B-Instruct,"Quantum mechanics is known for describing matter and energy at atomic and subatomic scales, as well as being widely documented.",quantum mechanics,0,0,0.18181818181818182,,judge-stub/unwired,111,23,0.9569247819999873,1,0.0,9.303435380555432e-05,961.7152350001561,4.790453000168782,956.9247819999873,0.0,19e1267e270fb26a4e6da10a2e33f407c4cde82d,7fdc85f695827cd40610ae43ca440f13cb399989fda72657811baf795f8607dc,2026-09-19T14:23:55.230457+00:00,measured,measured,0.0,0
860,78468ba7662efa99c053dc6565e3763c15532e1dd94f692349dd80d68d90cd8c,1,nq:0036,L1,v1,Qwen/Qwen2.5-1.5B-Instruct,"Quantum mechanics is known for describing matter and energy at atomic and subatomic scales, and it is widely documented.",quantum mechanics,0,0,0.1904761904761905,,judge-stub/unwired,111,22,0.9211920230000032,1,0.0,8.956033556944475e-05,929.919602006521,8.727579006517772,921.1920230000032,0.0,19e1267e270fb26a4e6da10a2e33f407c4cde82d,7fdc85f695827cd40610ae43ca440f13cb399989fda72657811baf795f8607dc,2026-09-19T14:23:56.391738+00:00,measured,measured,0.0,0
861,3bab4761c1463ca0d4563bb47605685114b63317f2f6d8ff9d3579a8ebdef9bd,2,nq:0036,L1,v1,Qwen/Qwen2.5-1.5B-Instruct,"Quantum mechanics is known for describing matter and energy at atomic and subatomic scales, and it is widely documented. 

The passage repeats ""quantum mechanics"" multiple times in [1], [2], [3], [4], and [5]. This repetition suggests that the topic being discussed is consistently about quantum mechanics throughout all five instances. The additional details provided include its ability to describe phenomena on microscopic levels (atomic and subatomic) and its widespread documentation as a well-established scientific theory. Therefore, answering succinctly while incorporating all elements of the question into one concise statement provides the most accurate response.",quantum mechanics,0,0,0.04395604395604395,,judge-stub/unwired,111,120,4.739579017000324,1,0.0,0.000460792404430587,4744.150317997082,4.571300996758509,4739.579017000324,0.0,19e1267e270fb26a4e6da10a2e33f407c4cde82d,7fdc85f695827cd40610ae43ca440f13cb399989fda72657811baf795f8607dc,2026-09-19T14:24:01.386473+00:00,measured,measured,0.0,0
862,0e17085875efa7b672acd05a016325015725e874723b886fb46f094251827b7d,0,nq:0037,L1,v1,Qwen/Qwen2.5-1.5B-Instruct,1940s-present,neural networks,0,0,0.0,,judge-stub/unwired,97,7,0.3316808849995141,1,0.0,3.224675270828609e-05,339.1669339980581,7.486048998543993,331.6808849995141,0.0,19e1267e270fb26a4e6da10a2e33f407c4cde82d,7fdc85f695827cd40610ae43ca440f13cb399989fda72657811baf795f8607dc,2026-09-19T14:24:02.049185+00:00,measured,measured,0.0,0
863,d4f909bb0b03ff16edca3ef36b8e8a6400168718faf3115ff86d5be4d9e2b198,1,nq:0037,L1,v1,Qwen/Qwen2.5-1.5B-Instruct,"Since 1940s, as documented by numerous sources and theories related to its development in various fields including neuroscience and artificial intelligence.",neural networks,0,0,0.0,,judge-stub/unwired,97,28,1.1683803980004086,1,0.0,0.00011359253869448415,1173.0324010013646,4.652003000956029,1168.3803980004086,0.0,19e1267e270fb26a4e6da10a2e33f407c4cde82d,7fdc85f695827cd40610ae43ca440f13cb399989fda72657811baf795f8607dc,2026-09-19T14:24:03.454047+00:00,measured,measured,0.0,0
864,2bb42e8251c5835adc66bf249149ad3a447c700a909fc297031135f1f0a3e0a7,2,nq:0037,L1,v1,Qwen/Qwen2.5-1.5B-Instruct,"1800s (as a general timeframe) or earlier, depending on specific context or interpretation of ""neural networks"" in different fields. The passage does not specify an exact time period but implies that neural network concepts have been known for some time.",neural networks,0,0,0.10256410256410257,,judge-stub/unwired,97,53,2.7747137940004905,1,0.0,0.000269763841083381,2780.908314000044,6.1945199995534495,2774.7137940004905,0.0,19e1267e270fb26a4e6da10a2e33f407c4cde82d,7fdc85f695827cd40610ae43ca440f13cb399989fda72657811baf795f8607dc,2026-09-19T14:24:06.476372+00:00,measured,measured,0.0,0
865,f8347e93b2f1698c1fe638191aaeb112ae86af8bcbcdf28e70f6386e776c943a,0,nq:0038,L1,v1,Qwen/Qwen2.5-1.5B-Instruct,"World War II is known for being a global conflict that involved major military operations across multiple continents, leading to significant casualties and reshaping the political landscape of Europe and Asia. It also resulted in the formation of several international organizations such as the United Nations and NATO. The war had profound effects on world history and continues to be studied and remembered through various historical accounts and commemorations.",World War II,0,0,0.08955223880597014,,judge-stub/unwired,127,75,3.0318168679996234,1,0.0,0.00029475997327774113,3040.4024690042206,8.585601004597265,3031.8168679996234,0.0,19e1267e270fb26a4e6da10a2e33f407c4cde82d,7fdc85f695827cd40610ae43ca440f13cb399989fda72657811baf795f8607dc,2026-09-19T14:24:09.781892+00:00,measured,measured,0.0,0
866,07a81b7ae0b13a9b54f377d389ada3d265d14c1318de4df4303b91e692f68c28,1,nq:0038,L1,v1,Qwen/Qwen2.5-1.5B-Instruct,"World War II is known for its global scale, extensive involvement of major world powers, and significant military, political, and economic consequences. It also saw pivotal battles such as D-Day, the Battle of Stalingrad, and the atomic bombings of Hiroshima and Nagasaki. The war resulted in the deaths of millions and led to the creation of international organizations like the United Nations.",World War II,0,0,0.1,,judge-stub/unwired,127,76,3.0238585430006424,1,0.0,0.0002939862472361735,3028.6330070039185,4.77446400327608,3023.8585430006424,0.0,19e1267e270fb26a4e6da10a2e33f407c4cde82d,7fdc85f695827cd40610ae43ca440f13cb399989fda72657811baf795f8607dc,2026-09-19T14:24:13.071108+00:00,measured,measured,0.0,0
867,643f6eacc8b1d1b38aeeec9bdd21cac12c114e87e6062f331d67f6ddcd6046a3,2,nq:0038,L1,v1,Qwen/Qwen2.5-1.5B-Instruct,"World War II was a global war that lasted from 1939 to 1945, resulting in the deaths of millions of people. It was marked by significant military conflicts and political upheaval across Europe, Asia, Africa, and the Pacific Ocean. The war involved major powers such as the United States, the Soviet Union, Germany, Italy, Great Britain, France, China, and numerous smaller nations. Its outcomes had far-reaching consequences, including the Holocaust, the establishment of the United Nations, and the Cold War. Additionally, it led to significant changes in international relations, leading to the creation of new countries and the division of territories into spheres of influence. The conflict's end brought about a period of relative peace but also set the stage for future geopolitical tensions and conflicts.",World War II,0,0,0.05172413793103448,,judge-stub/unwired,127,159,6.959647904999656,1,0.0,0.0006766324352082999,6965.408368005228,5.760463005572092,6959.647904999656,0.0,19e1267e270fb26a4e6da10a2e33f407c4cde82d,7fdc85f695827cd40610ae43ca440f13cb399989fda72657811baf795f8607dc,2026-09-19T14:24:20.320118+00:00,measured,measured,0.0,0
868,a94917033f232fd1a6c55de139ee3e4725e4221b25f5a22d8d9ccb0771dff280,0,nq:0039,L1,v1,Qwen/Qwen2.5-1.5B-Instruct,Late 18th century,Industrial Revolution,0,0,0.0,,judge-stub/unwired,112,6,0.29717999000058626,1,0.0,2.8892499027834772e-05,301.97260299974005,4.792612999153789,297.17999000058626,0.0,19e1267e270fb26a4e6da10a2e33f407c4cde82d,7fdc85f695827cd40610ae43ca440f13cb399989fda72657811baf795f8607dc,2026-09-19T14:24:20.916352+00:00,measured,measured,0.0,0
869,1d9baa5f7332c38bc9f93378c12265546a10ab8f464d225086cfe4fd2ebc3dd3,1,nq:0039,L1,v1,Qwen/Qwen2.5-1.5B-Instruct,"Late 18th century, specifically between 1760 and 1840. The Industrial Revolution began in Britain in the late 18th century. It was a period of great change in society, economy, and technology that lasted until around 1840. The term ""Industrial Revolution"" refers to the transition from an agrarian-based economy to one based primarily on manufacturing industries. This revolution marked significant improvements in machinery, transportation, and communication technologies which led to increased productivity and economic growth. The impact of this era can still be seen today in various aspects of modern life such as urbanization, factory work, and consumerism. The Industrial Revolution fundamentally transformed the world's industrial landscape, leading to rapid technological advancements and profound social changes. 

Note: The passage emphasizes that while multiple sentences are identical (i.e., [1], [2], [3], [4], and [5]), they all describe the same event—the beginning of the Industrial Revolution—happening in Britain during the late 18th century. The exact start date is often debated, but typically agreed upon as being sometime between 1760 and 1840. The question asks for a concise answer, so I have summarized these details",Industrial Revolution,0,0,0.023529411764705882,,judge-stub/unwired,112,256,10.961397033999674,1,0.0,0.0010656913783055237,10965.757576996111,4.360542996437289,10961.397033999674,0.0,19e1267e270fb26a4e6da10a2e33f407c4cde82d,7fdc85f695827cd40610ae43ca440f13cb399989fda72657811baf795f8607dc,2026-09-19T14:24:32.125181+00:00,measured,measured,0.0,0
870,2b8ffb30011e2b8640af21d9d57169fc554e3c43189b20314e570409bb89f030,2,nq:0039,L1,v1,Qwen/Qwen2.5-1.5B-Instruct,"The Industrial Revolution began in Britain in the late 18th century. 
Justification: This concise answer directly addresses the question by providing a clear and precise timeframe for the start of the Industrial Revolution, as stated in all five passage excerpts provided. It also includes additional relevant information that supports the accuracy of this timeline, such as its connection to the late 18th century and the fact that the Industrial Revolution has been widely documented. However, note that while the passage mentions ""further context"" about the Industrial Revolution being related to the Renaissance, this does not change the specific time frame asked for in the question. The focus remains solely on the timing of when the Industrial Revolution started in Britain.",Industrial Revolution,0,0,0.038461538461538464,,judge-stub/unwired,112,141,5.660027232000175,1,0.0,0.0005502804253333504,5669.610288002332,9.583056002156809,5660.027232000175,0.0,19e1267e270fb26a4e6da10a2e33f407c4cde82d,7fdc85f695827cd40610ae43ca440f13cb399989fda72657811baf795f8607dc,2026-09-19T14:24:38.116288+00:00,measured,measured,0.0,0
871,18728daf69c3e50491990743eeae17e08d88f75f8ec8783fee186ef954cc7680,0,nq:0040,L1,v1,Qwen/Qwen2.5-1.5B-Instruct,"The discovery of Mount Everest was made by Sir George Everest in 1856 during an expedition to measure its height from a base camp at 7,000 meters altitude. However, it wasn't officially named as Mount Everest until after his death in 1866. [Reference: ""The Discovery of Mount Everest"" by John H. Heaton and Robert F. Smith.]",Mount Everest,0,0,0.07142857142857142,,judge-stub/unwired,99,81,3.303860570999859,1,0.0,0.0003212086666249863,3313.5396710031273,9.679100003268104,3303.860570999859,0.0,19e1267e270fb26a4e6da10a2e33f407c4cde82d,7fdc85f695827cd40610ae43ca440f13cb399989fda72657811baf795f8607dc,2026-09-19T14:24:41.783511+00:00,measured,measured,0.0,0
872,d4136711a05ef16243d77c5385ed232bec6c8a1f7e0b5ef6b4033fc3f247bffa,1,nq:0040,L1,v1,Qwen/Qwen2.5-1.5B-Instruct,Not mentioned in the passage.,Mount Everest,0,0,0.0,,judge-stub/unwired,99,6,0.3565844409995407,1,0.0,3.466793176384423e-05,360.99164499592007,4.407203996379394,356.5844409995407,0.0,19e1267e270fb26a4e6da10a2e33f407c4cde82d,7fdc85f695827cd40610ae43ca440f13cb399989fda72657811baf795f8607dc,2026-09-19T14:24:42.658036+00:00,measured,measured,0.0,0
873,e3e5d668fd70979150198ee0292703356d9103846f0a46a854dca034e3a32298,2,nq:0040,L1,v1,Qwen/Qwen2.5-1.5B-Instruct,"Not explicitly stated in the given passages. The information provided does not mention any specific discoverer of Mount Everest. 

The passage states that Mount Everest rises to a height of 8,849 meters (approximately 29,029 feet) above sea level and is located on the border between Nepal and Tibet (China). However, it does not provide any details about when or by whom this mountain was first climbed or named. Therefore, based solely on the text provided, we cannot determine which individual or group discovered Mount Everest. There could be multiple discoveries depending on different expeditions or explorations. Hence, no specific person can be attributed as the ""discoverer"" without additional historical context beyond what's presented here. To conclusively identify the discoverer would require more detailed historical records and research into early mountaineering history.",Mount Everest,0,0,0.03125,,judge-stub/unwired,99,169,7.376472113000091,1,0.0,0.00071715701098612,7381.161116006297,4.689003006205894,7376.472113000091,0.0,19e1267e270fb26a4e6da10a2e33f407c4cde82d,7fdc85f695827cd40610ae43ca440f13cb399989fda72657811baf795f8607dc,2026-09-19T14:24:50.432426+00:00,measured,measured,0.0,0
874,8f509dad571331f1a04a071f99d1917c0cdc6cabadd6b48168809fea85a68e83,0,nq:0041,L1,v1,Qwen/Qwen2.5-1.5B-Instruct,"The discovery of photosynthesis was made by Robert Hooke and Antonie van Leeuwenhoek, although it wasn't named or fully understood until much later. However, they were early contributors to understanding how plants use sunlight for growth. [1-5]

The passage discusses multiple statements about photosynthesis but does not provide information on when or who first discovered this process. Therefore, based on the available information:

Answer: It's unclear from these passages which specific person(s) discovered photosynthesis, as the exact discoverer isn't mentioned. However, some early contributions include those of scientists like Robert Hooke and Antonie van Leeuwenhoek, though their work didn't lead directly to a full understanding of the process. [1-5]",photosynthesis,0,0,0.018018018018018018,,judge-stub/unwired,96,152,6.8789889109993965,1,0.0,0.0006687905885693857,6883.4195580002415,4.430647000845056,6878.9889109993965,0.0,19e1267e270fb26a4e6da10a2e33f407c4cde82d,7fdc85f695827cd40610ae43ca440f13cb399989fda72657811baf795f8607dc,2026-09-19T14:24:57.564288+00:00,measured,measured,0.0,0
875,6c719f3319ee479ed6385c3e9e1012435718efbf2e0f1de446b7ee4a92fc3dc3,1,nq:0041,L1,v1,Qwen/Qwen2.5-1.5B-Instruct,"Not explicitly stated, but it has been known since ancient times.",photosynthesis,0,0,0.0,,judge-stub/unwired,96,13,0.5662467410002137,1,0.0,5.505176648613188e-05,573.7645639965194,7.5178229963057674,566.2467410002137,0.0,19e1267e270fb26a4e6da10a2e33f407c4cde82d,7fdc85f695827cd40610ae43ca440f13cb399989fda72657811baf795f8607dc,2026-09-19T14:24:58.388628+00:00,measured,measured,0.0,0
876,6c18a6cc6bfdab87b1a812e03b8bdb488d008bdf7dea12c9d0c632379efa1fcd,2,nq:0041,L1,v1,Qwen/Qwen2.5-1.5B-Instruct,"Not specified

Explanation: The passage does not mention any specific individual or group that discovered photosynthesis, it only states that photosynthesis has been widely documented and converted light energy into chemical energy through plant chloroplasts. Therefore, the correct answer to ""Who discovered photosynthesis?"" is that it is not specified. 

This question tests the ability to identify information from a given text accurately without making assumptions beyond what is explicitly stated. It also requires understanding of context clues and distinguishing between factual statements about scientific processes versus speculative claims about discovery. [No direct answer option provided here but the explanation should be understood as such.]",photosynthesis,0,0,0.02,,judge-stub/unwired,96,122,4.843767090000256,1,0.0,0.0004709218004166915,4848.184624997884,4.417534997628536,4843.767090000256,0.0,19e1267e270fb26a4e6da10a2e33f407c4cde82d,7fdc85f695827cd40610ae43ca440f13cb399989fda72657811baf795f8607dc,2026-09-19T14:25:03.505790+00:00,measured,measured,0.0,0
877,1a2f2395a95fa3e19738ab0405a6bdc7dbe5fae2a90d3fb3c2de3f6edb0b7d9d,0,nq:0042,L1,v1,Qwen/Qwen2.5-1.5B-Instruct,"Throughout history, black holes have been known and documented since ancient times through various astronomical observations. However, the modern understanding and theoretical explanation of black holes were developed in the 20th century, particularly by Albert Einstein's theory of general relativity. The concept gained significant recognition and scientific validation after the discovery of neutron stars and pulsars in the mid-20th century. Today, we have a robust understanding of black hole physics based on advanced astrophysical research and observational evidence.",black holes,0,0,0.052631578947368425,,judge-stub/unwired,120,98,4.077258444000108,1,0.0,0.0003964001265000105,4081.8158499987476,4.557405998639297,4077.2584440001083,0.0,19e1267e270fb26a4e6da10a2e33f407c4cde82d,7fdc85f695827cd40610ae43ca440f13cb399989fda72657811baf795f8607dc,2026-09-19T14:25:07.904861+00:00,measured,measured,0.0,0
878,d9a24c8d05abf357d9ecbad81c9a15e6530cca81a1b152b97ec5703d065ffa27,1,nq:0042,L1,v1,Qwen/Qwen2.5-1.5B-Instruct,"Not applicable as all passage references discuss black holes, not their occurrence time. However, historically, the first direct evidence for black holes came in 1971 through observations by the orbiting Einstein Observatory. The term ""black hole"" was coined by John Wheeler in 1967 and the first black hole was discovered in 1998 using gravitational lensing effects observed by the Hubble Space Telescope. 

In summary, while there's no specific historical event that directly led to the existence of black holes, they were initially described mathematically before observational confirmation. The earliest known discovery of a black hole was made in 1998. The formation of black holes can be explained theoretically based on astrophysical processes such as stellar collapse or supermassive mergers. However, this theoretical understanding predates any actual observation. Therefore, the exact moment black holes occurred is more about their mathematical description rather than an observable event.",black holes,0,0,0.029197080291970802,,judge-stub/unwired,120,191,8.162458972000422,1,0.0,0.0007935724000555966,8170.830476999072,8.37150499864947,8162.458972000422,0.0,19e1267e270fb26a4e6da10a2e33f407c4cde82d,7fdc85f695827cd40610ae43ca440f13cb399989fda72657811baf795f8607dc,2026-09-19T14:25:16.343273+00:00,measured,measured,0.0,0
879,95ad654061b609c3e18c631df7cae438bccef147bf5e223a5540b15da2219b8c,2,nq:0042,L1,v1,Qwen/Qwen2.5-1.5B-Instruct,"1970s, as detailed in passage [1], black holes were first described and documented by scientists.",black holes,0,0,0.23529411764705882,,judge-stub/unwired,120,24,1.0071478660001958,1,0.0,9.791715363890792e-05,1012.8450279999015,5.697161999705713,1007.1478660001958,0.0,19e1267e270fb26a4e6da10a2e33f407c4cde82d,7fdc85f695827cd40610ae43ca440f13cb399989fda72657811baf795f8607dc,2026-09-19T14:25:17.610451+00:00,measured,measured,0.0,0
880,db95d5d180e84467ecec0df3d7fa4f06e1dc4f9c84109023a0e4e7a82625c465,0,nq:0043,L1,v1,Qwen/Qwen2.5-1.5B-Instruct,"Not applicable, as all statements are describing information about the Pacific Ocean without mentioning any discovery. However, it has been known since ancient times by explorers such as Ferdinand Magellan during his circumnavigation of the globe in 1520-1521. [1], [2], [3], [4], [5].",Pacific Ocean,0,0,0.0909090909090909,,judge-stub/unwired,114,69,3.019562995999877,1,0.0,0.00029356862461109914,3024.151965000783,4.588969000906218,3019.562995999877,0.0,19e1267e270fb26a4e6da10a2e33f407c4cde82d,7fdc85f695827cd40610ae43ca440f13cb399989fda72657811baf795f8607dc,2026-09-19T14:25:20.906337+00:00,measured,measured,0.0,0
881,f28e11ac020ea552cc94f586077d3e03bc825f571824a2209cf08baf3f272974,1,nq:0043,L1,v1,Qwen/Qwen2.5-1.5B-Instruct,No one discovered the Pacific Ocean; it has been known since ancient times through various sources of documentation.,Pacific Ocean,0,0,0.21052631578947367,,judge-stub/unwired,114,20,1.170388570999421,1,0.0,0.00011378777773605482,1174.9280450003425,4.539474000921473,1170.388570999421,0.0,19e1267e270fb26a4e6da10a2e33f407c4cde82d,7fdc85f695827cd40610ae43ca440f13cb399989fda72657811baf795f8607dc,2026-09-19T14:25:22.317052+00:00,measured,measured,0.0,0
882,e842a9d709f915a684b87c7ae13589d247b498651cca6987454b584baa121033,2,nq:0043,L1,v1,Qwen/Qwen2.5-1.5B-Instruct,"Humans have known about the Pacific Ocean for a long time, but it wasn't until modern times that detailed exploration and documentation began to take place.",Pacific Ocean,0,0,0.14814814814814814,,judge-stub/unwired,114,29,1.2382894390002548,1,0.0,0.00012038925101391366,1243.0693609976515,4.779921997396741,1238.2894390002548,0.0,19e1267e270fb26a4e6da10a2e33f407c4cde82d,7fdc85f695827cd40610ae43ca440f13cb399989fda72657811baf795f8607dc,2026-09-19T14:25:23.809503+00:00,measured,measured,0.0,0
883,5612bec80e008904940881ad97c3abf3b55dc95cfed1faf5f772a7d29704e465,0,nq:0044,L1,v1,Qwen/Qwen2.5-1.5B-Instruct,Northern China,Great Wall of China,0,0,0.3333333333333333,,judge-stub/unwired,127,2,0.12787422999917908,1,0.0,1.2432216805475744e-05,134.63972500267118,6.765495003492106,127.87422999917908,0.0,19e1267e270fb26a4e6da10a2e33f407c4cde82d,7fdc85f695827cd40610ae43ca440f13cb399989fda72657811baf795f8607dc,2026-09-19T14:25:24.191267+00:00,measured,measured,0.0,0
884,33c1c0deb2d33db1d3f0317c9edf4f25867258593016df88baf8959282193161,1,nq:0044,L1,v1,Qwen/Qwen2.5-1.5B-Instruct,Northern China.,Great Wall of China,0,0,0.3333333333333333,,judge-stub/unwired,127,3,0.17625351999959094,1,0.0,1.713575888884912e-05,183.47002700102166,7.2165070014307275,176.25351999959094,0.0,19e1267e270fb26a4e6da10a2e33f407c4cde82d,7fdc85f695827cd40610ae43ca440f13cb399989fda72657811baf795f8607dc,2026-09-19T14:25:24.625109+00:00,measured,measured,0.0,0
885,16bbe9d97eb1f25d4129a9081c4f6141bafb6ee2bf5ea786719f719f6333c606,2,nq:0044,L1,v1,Qwen/Qwen2.5-1.5B-Instruct,The Great Wall of China is located in northern China.,Great Wall of China,0,0,0.6153846153846153,,judge-stub/unwired,127,11,0.4732662540000092,1,0.0,4.6011996916667555e-05,482.47104000165564,9.204786001646426,473.2662540000092,0.0,19e1267e270fb26a4e6da10a2e33f407c4cde82d,7fdc85f695827cd40610ae43ca440f13cb399989fda72657811baf795f8607dc,2026-09-19T14:25:25.356848+00:00,measured,measured,0.0,0
886,46a780202183cc5b1310be57013ab958e44421d3d9830f762063d529214b951a,0,nq:0045,L1,v1,Qwen/Qwen2.5-1.5B-Instruct,Gravity is widely documented.,gravity,0,0,0.4,,judge-stub/unwired,95,5,0.2416783230000874,1,0.0,2.3496503625008498e-05,249.42010499944445,7.741781999357045,241.6783230000874,0.0,19e1267e270fb26a4e6da10a2e33f407c4cde82d,7fdc85f695827cd40610ae43ca440f13cb399989fda72657811baf795f8607dc,2026-09-19T14:25:25.838216+00:00,measured,measured,0.0,0
887,cdc2dc15331ec2e38d43a1d6ae44796466b4a171e451a791e945532d28864b0b,1,nq:0045,L1,v1,Qwen/Qwen2.5-1.5B-Instruct,Gravity is known for its wide documentation and universal gravitational force between masses.,gravity,0,0,0.14285714285714288,,judge-stub/unwired,95,14,0.6128460330000962,1,0.0,5.958225320834269e-05,620.2678580011707,7.421825001074467,612.8460330000962,0.0,19e1267e270fb26a4e6da10a2e33f407c4cde82d,7fdc85f695827cd40610ae43ca440f13cb399989fda72657811baf795f8607dc,2026-09-19T14:25:26.752183+00:00,measured,measured,0.0,0
888,4e8f204757909df6e6de92e9a5c53d0158c3d15bf5fcad7ccaa56b00f665b0e7,2,nq:0045,L1,v1,Qwen/Qwen2.5-1.5B-Instruct,Gravity is known for its wide documentation and description as a force of attraction between masses.,gravity,0,0,0.125,,judge-stub/unwired,95,17,0.7253248309998526,1,0.0,7.051769190276344e-05,729.7427930016056,4.41796200175304,725.3248309998526,0.0,19e1267e270fb26a4e6da10a2e33f407c4cde82d,7fdc85f695827cd40610ae43ca440f13cb399989fda72657811baf795f8607dc,2026-09-19T14:25:27.786143+00:00,measured,measured,0.0,0
889,100735b72b985ca8fe5110eb483c7125259ad4edae6663dbc450d5626dea88dc,0,nq:0046,L1,v1,Qwen/Qwen2.5-1.5B-Instruct,"London, England

The passage indicates that William Shakespeare lived in London, England. The question specifically asks about his location, which can be directly inferred from the given information. Therefore, the most concise answer to ""Where is Shakespeare located?"" based on the provided context is:

London, England",Shakespeare,0,0,0.047619047619047616,,judge-stub/unwired,94,57,2.335645679000663,1,0.0,0.00022707666323617558,2342.03680599785,6.391126997186802,2335.645679000663,0.0,19e1267e270fb26a4e6da10a2e33f407c4cde82d,7fdc85f695827cd40610ae43ca440f13cb399989fda72657811baf795f8607dc,2026-09-19T14:25:30.371412+00:00,measured,measured,0.0,0
890,23a0522b699789fa3cab8b9bbb4d2d031183cc61394a232b73a2f9c5a40dea0c,1,nq:0046,L1,v1,Qwen/Qwen2.5-1.5B-Instruct,"London, England",Shakespeare,0,0,0.0,,judge-stub/unwired,94,3,0.17667907800023386,1,0.0,1.717713258335607e-05,185.00271299672022,8.323634996486362,176.67907800023386,0.0,19e1267e270fb26a4e6da10a2e33f407c4cde82d,7fdc85f695827cd40610ae43ca440f13cb399989fda72657811baf795f8607dc,2026-09-19T14:25:30.803998+00:00,measured,measured,0.0,0
891,47efbfcbbc2b7242a51fa863eb5c05961c5851b7500a946f0a11084378a49c49,2,nq:0046,L1,v1,Qwen/Qwen2.5-1.5B-Instruct,"London, England",Shakespeare,0,0,0.0,,judge-stub/unwired,94,3,0.16901587899974402,1,0.0,1.6432099347197333e-05,177.5124309997409,8.496551999996882,169.01587899974402,0.0,19e1267e270fb26a4e6da10a2e33f407c4cde82d,7fdc85f695827cd40610ae43ca440f13cb399989fda72657811baf795f8607dc,2026-09-19T14:25:31.216511+00:00,measured,measured,0.0,0
892,9ecfa10ca12cf479694b8097f8a0fc83059a078af32c70913760c9c6614f497f,0,nq:0047,L1,v1,Qwen/Qwen2.5-1.5B-Instruct,Known for carrying the most water of any river in the world.,Amazon River,0,0,0.16666666666666669,,judge-stub/unwired,121,13,0.5720264550000138,1,0.0,5.561368312500134e-05,576.6187259978324,4.592270997818559,572.0264550000138,0.0,19e1267e270fb26a4e6da10a2e33f407c4cde82d,7fdc85f695827cd40610ae43ca440f13cb399989fda72657811baf795f8607dc,2026-09-19T14:25:32.021725+00:00,measured,measured,0.0,0
893,14c3df9434ead723bd6a66adc74bc2dbba73a41ed47facf4961947587cb83a31,1,nq:0047,L1,v1,Qwen/Qwen2.5-1.5B-Instruct,Known for carrying the most water of any river in the world.,Amazon River,0,0,0.16666666666666669,,judge-stub/unwired,121,13,0.6513372489998801,1,0.0,6.332445476387724e-05,656.077003003702,4.739754003821872,651.3372489998801,0.0,19e1267e270fb26a4e6da10a2e33f407c4cde82d,7fdc85f695827cd40610ae43ca440f13cb399989fda72657811baf795f8607dc,2026-09-19T14:25:32.933346+00:00,measured,measured,0.0,0
894,87785608ef2c1d1e5c3650d47b571b2654ebea1a4d33ff5cece22526baf89083,2,nq:0047,L1,v1,Qwen/Qwen2.5-1.5B-Instruct,"The Amazon River is known for carrying more water than any other river in the world, and it is widely documented as such.",Amazon River,0,0,0.17391304347826084,,judge-stub/unwired,121,25,1.3671827839998514,1,0.0,0.00013292054844443,1376.6462690027765,9.463485002925154,1367.1827839998514,0.0,19e1267e270fb26a4e6da10a2e33f407c4cde82d,7fdc85f695827cd40610ae43ca440f13cb399989fda72657811baf795f8607dc,2026-09-19T14:25:34.556335+00:00,measured,measured,0.0,0
895,29154fe80a653e03bd907e852279190858c06dbd742bc448b3a584f374b966c3,0,nq:0048,L1,v1,Qwen/Qwen2.5-1.5B-Instruct,"The Industrial Revolution was a period of great technological and economic change, characterized by the widespread adoption of mechanized production methods, the growth of factories, the expansion of transportation networks, and significant improvements in productivity and efficiency. It marked the transition from an agrarian to an industrial society, laying the groundwork for modern industrial economies.",Industrial Revolution,0,0,0.08333333333333333,,judge-stub/unwired,111,64,2.7042756670007293,1,0.0,0.0002629156898472931,2711.534691002271,7.2590240015415475,2704.2756670007293,0.0,19e1267e270fb26a4e6da10a2e33f407c4cde82d,7fdc85f695827cd40610ae43ca440f13cb399989fda72657811baf795f8607dc,2026-09-19T14:25:37.533147+00:00,measured,measured,0.0,0
896,c6de847914a7966aaa552d82ecaede4a826c4b587b6a5be4bcd02f340d14cec4,1,nq:0048,L1,v1,Qwen/Qwen2.5-1.5B-Instruct,"The Industrial Revolution was a period of great technological and economic change that transformed society, leading to increased production efficiency and widespread urbanization. It marked the shift from manual labor to mechanized processes in manufacturing and industry. 

The Industrial Revolution led to significant changes such as:

- Increased production efficiency through new technologies like steam power and machinery
- Widespread adoption of factories 
- Urban growth and industrial cities 
- Changes in social structure, including factory work and wage labor

It fundamentally altered global economies and societal norms, laying the groundwork for modern industrial societies. 

Additional details include advancements in transportation (canals, railways), communication (telegraph), and science & technology innovations. It also brought about environmental degradation due to pollution and resource extraction. The revolution fostered competition among nations and contributed to international trade networks.",Industrial Revolution,0,0,0.032,,judge-stub/unwired,111,162,6.384734664999996,1,0.0,0.0006207380924305551,6393.563988000096,8.829323000099976,6384.734664999996,0.0,19e1267e270fb26a4e6da10a2e33f407c4cde82d,7fdc85f695827cd40610ae43ca440f13cb399989fda72657811baf795f8607dc,2026-09-19T14:25:44.210615+00:00,measured,measured,0.0,0
897,a8b7f1836929e887c6c4c4c87e562e80c63317baa117f3249180ed87bc6c84cf,2,nq:0048,L1,v1,Qwen/Qwen2.5-1.5B-Instruct,"The Industrial Revolution is known for significant technological advancements and changes to social structures, including the rise of factories and mass production methods.",Industrial Revolution,0,0,0.17391304347826084,,judge-stub/unwired,111,25,1.1670646920001673,1,0.0,0.00011346462283334959,1171.5772610014028,4.5125690012355335,1167.0646920001673,0.0,19e1267e270fb26a4e6da10a2e33f407c4cde82d,7fdc85f695827cd40610ae43ca440f13cb399989fda72657811baf795f8607dc,2026-09-19T14:25:45.653836+00:00,measured,measured,0.0,0
898,728cc1314fd9fc549a16f39f7d595e02334a52e5661d98acda2a976b1da4aa26,0,nq:0049,L1,v1,Qwen/Qwen2.5-1.5B-Instruct,"The Pacific Ocean is located in the western part of the world, surrounded by North America to the west, Asia to the east, Australia to the south, and Antarctica to the north. It covers about 63% of the planet's surface area and contains a variety of ecosystems including coral reefs, seamounts, trenches, and mid-ocean ridges. Its waters are home to diverse marine life such as whales, sharks, sea turtles, and many other species. The Pacific Ocean plays a significant role in global climate patterns and has been crucial for human activities, including navigation, trade, and exploration throughout history. It also serves as a natural barrier that affects weather patterns across different regions of the globe. Given its size and depth, it supports extensive fishing grounds and is an important source of food resources for millions of people worldwide. Additionally, it hosts numerous islands, archipelagos, and atolls, each contributing unique characteristics and habitats to the vast ecosystem. The Pacific Ocean is not only geographically expansive but also culturally rich, influencing art, literature, and traditions around the world through various cultural exchanges and stories. In summary, the Pacific Ocean is a vital body of water situated in the Western Hemisphere and forms a critical component of our planet’s geography and ecology. It connects",Pacific Ocean,0,0,0.020618556701030924,,judge-stub/unwired,115,256,10.699891676999869,1,0.0,0.0010402672463749871,10704.66850500543,4.776828005560674,10699.891676999869,0.0,19e1267e270fb26a4e6da10a2e33f407c4cde82d,7fdc85f695827cd40610ae43ca440f13cb399989fda72657811baf795f8607dc,2026-09-19T14:25:56.603156+00:00,measured,measured,0.0,0
899,61acacaefb2ea74ac8257a8e91aa90e21a4d739b9494da8d70995dd863b97bc9,1,nq:0049,L1,v1,Qwen/Qwen2.5-1.5B-Instruct,"Located in the western part of the world, surrounding North and South America as well as Asia, Australia, and New Zealand. It covers about 63% of the water surface area of the globe. It's also home to many islands such as Hawaii, Samoa, Tonga, etc., and has numerous major river deltas including the Amazon River Delta, which is the largest delta in the world by drainage area. Additionally, it contains several important geographical features like the Mariana Trench, the deepest point on Earth, and the Bering Strait, a narrow body of water that connects the Pacific Ocean with the Arctic Ocean through the Bering Sea. Furthermore, it plays an essential role in global climate regulation due to its vast size and depth.",Pacific Ocean,0,0,0.03636363636363636,,judge-stub/unwired,115,149,6.6005217280007855,1,0.0,0.0006417173902222986,6611.4187989996935,10.89707099890802,6600.5217280007855,0.0,19e1267e270fb26a4e6da10a2e33f407c4cde82d,7fdc85f695827cd40610ae43ca440f13cb399989fda72657811baf795f8607dc,2026-09-19T14:26:03.469705+00:00,measured,measured,0.0,0
900,b2564e57a8f4f768aa8acd1f47376e304409c7fa8e0c668949e38d54176b20fe,2,nq:0049,L1,v1,Qwen/Qwen2.5-1.5B-Instruct,"The Pacific Ocean is located in the western hemisphere, between North America and Antarctica.",Pacific Ocean,0,0,0.2857142857142857,,judge-stub/unwired,115,16,0.6826531480000995,1,0.0,6.636905605556522e-05,687.3697559967695,4.716607996670064,682.6531480000995,0.0,19e1267e270fb26a4e6da10a2e33f407c4cde82d,7fdc85f695827cd40610ae43ca440f13cb399989fda72657811baf795f8607dc,2026-09-19T14:26:04.407690+00:00,measured,measured,0.0,0
901,ca6d925b203afca3452adecd2bbf38c13b94b93e815bc5c68e51c00371cb25d6,0,nq:0050,L1,v1,Qwen/Qwen2.5-1.5B-Instruct,James Watson and Francis Crick discovered DNA.,DNA,0,0,0.25,,judge-stub/unwired,103,9,0.43151511899941397,1,0.0,4.1952858791609685e-05,438.23774000065896,6.722621001244988,431.51511899941397,0.0,19e1267e270fb26a4e6da10a2e33f407c4cde82d,7fdc85f695827cd40610ae43ca440f13cb399989fda72657811baf795f8607dc,2026-09-19T14:26:05.106808+00:00,measured,measured,0.0,0
902,68b39f1e35f5a75f957552928bdb43de9432e7890bd587b9b379c326eec7bba0,1,nq:0050,L1,v1,Qwen/Qwen2.5-1.5B-Instruct,"James Watson and Francis Crick

This question asks for the discoverers of DNA, which can be answered directly from the given passage as ""James Watson and Francis Crick"". These two scientists are credited with discovering the structure of DNA in 1953, based on earlier work by Rosalind Franklin and others. The additional details provided about DNA's double-helix structure and its widespread documentation serve to support this discovery but do not change the identity of the discoverers. Therefore, the most concise answer to the question ""Who discovered DNA"" is ""James Watson and Francis Crick.""",DNA,0,0,0.022727272727272724,,judge-stub/unwired,103,119,4.7909186460001365,1,0.0,0.00046578375725001323,4795.593691995236,4.675045995099936,4790.9186460001365,0.0,19e1267e270fb26a4e6da10a2e33f407c4cde82d,7fdc85f695827cd40610ae43ca440f13cb399989fda72657811baf795f8607dc,2026-09-19T14:26:10.159489+00:00,measured,measured,0.0,0
903,69e31e0f80238d997d96f77db41e229ee08bacd5bf9424d37ed406311e4c6d99,2,nq:0050,L1,v1,Qwen/Qwen2.5-1.5B-Instruct,"James Watson and Francis Crick

The discovery of DNA's double-helix structure was made by James Watson and Francis Crick in 1953, which led to the understanding that DNA carries genetic instructions. This information has been extensively documented, confirming the accuracy of the details provided. [1-5] all reference this significant scientific breakthrough in biology.",DNA,0,0,0.03773584905660378,,judge-stub/unwired,103,72,3.5552932470000087,1,0.0,0.00034565351012500085,3560.963190995608,5.669943995599169,3555.2932470000087,0.0,19e1267e270fb26a4e6da10a2e33f407c4cde82d,7fdc85f695827cd40610ae43ca440f13cb399989fda72657811baf795f8607dc,2026-09-19T14:26:13.985836+00:00,measured,measured,0.0,0
904,6e2b87181846852c4ab1ae080e30b83e72d312128cb8995a64f3094e7a3886d5,0,nq:0051,L1,v1,Qwen/Qwen2.5-1.5B-Instruct,Europe during the 14th to 17th centuries.,Renaissance,0,0,0.0,,judge-stub/unwired,129,14,0.599918457000058,1,0.0,5.83254055416723e-05,605.5047820018444,5.586325001786463,599.918457000058,0.0,19e1267e270fb26a4e6da10a2e33f407c4cde82d,7fdc85f695827cd40610ae43ca440f13cb399989fda72657811baf795f8607dc,2026-09-19T14:26:14.857020+00:00,measured,measured,0.0,0
905,8dd7a89f3250403881be396c5b79e362a8d7c8d57fd67b75303b9f8dcb4b32d6,1,nq:0051,L1,v1,Qwen/Qwen2.5-1.5B-Instruct,"Europe, specifically during the 14th to 17th centuries.",Renaissance,0,0,0.0,,judge-stub/unwired,129,16,0.6901908670006378,1,0.0,6.710188984728423e-05,699.5563570053491,9.365490004711319,690.1908670006378,0.0,19e1267e270fb26a4e6da10a2e33f407c4cde82d,7fdc85f695827cd40610ae43ca440f13cb399989fda72657811baf795f8607dc,2026-09-19T14:26:15.813363+00:00,measured,measured,0.0,0
906,30b93e10a268b2f4b3a13cc2130637de62c5d4fbe204b6b1c587aa7895dd8833,2,nq:0051,L1,v1,Qwen/Qwen2.5-1.5B-Instruct,Europe during the 14th to 17th centuries.,Renaissance,0,0,0.0,,judge-stub/unwired,129,14,0.6120998449996478,1,0.0,5.950970715274353e-05,621.3112829946112,9.21143799496349,612.0998449996478,0.0,19e1267e270fb26a4e6da10a2e33f407c4cde82d,7fdc85f695827cd40610ae43ca440f13cb399989fda72657811baf795f8607dc,2026-09-19T14:26:16.716702+00:00,measured,measured,0.0,0
907,4491115f3253f4c34dfd4c0053987d86e6bd43147bdd8ecaa07529e6e19e0782,0,nq:0052,L1,v1,Qwen/Qwen2.5-1.5B-Instruct,"Gravity is known for its widespread documentation and description of attraction between masses. 

This summary encapsulates the key points from the given passage, highlighting that gravity is well-documented and described as an attractive force between masses. The detailed information provided in the original text supports this conclusion. [4] provides a concise yet comprehensive statement about gravity's nature based on the available information. This option directly corresponds to the question asked without any extraneous details. It accurately reflects how gravity is understood through Newton's law of universal gravitation, emphasizing its universality and the extensive evidence supporting it.",gravity,0,0,0.02197802197802198,,judge-stub/unwired,95,115,4.610438624999915,1,0.0,0.0004482370885416584,4615.89070899845,5.452083998534363,4610.438624999915,0.0,19e1267e270fb26a4e6da10a2e33f407c4cde82d,7fdc85f695827cd40610ae43ca440f13cb399989fda72657811baf795f8607dc,2026-09-19T14:26:21.580826+00:00,measured,measured,0.0,0
908,ad091fa22259ac58e9eae57ecc18d4f7eb485d61225656cd1dc8deabc7a30d5f,1,nq:0052,L1,v1,Qwen/Qwen2.5-1.5B-Instruct,"Gravity is known for its widespread documentation and description as a force that attracts objects towards each other, particularly in relation to Newton's law of universal gravitation. 

This question asks about gravity's well-known characteristic or attribute, which can be answered succinctly by mentioning it is ""widely documented"" and described using Newton's law of universal gravitation. The passage emphasizes these points, making them suitable answers to this specific inquiry. 

To directly address the request concisely:

Gravity is known for being widely documented and described by Newton's law of universal gravitation.",gravity,0,0,0.02173913043478261,,judge-stub/unwired,95,113,5.197827885999686,1,0.0,0.000505344377805525,5202.383655999256,4.555769999569748,5197.827885999686,0.0,19e1267e270fb26a4e6da10a2e33f407c4cde82d,7fdc85f695827cd40610ae43ca440f13cb399989fda72657811baf795f8607dc,2026-09-19T14:26:27.028323+00:00,measured,measured,0.0,0
909,2c2dfba2496f93700735de91658d7012809245dd61aa344e95cb0b1696b95243,2,nq:0052,L1,v1,Qwen/Qwen2.5-1.5B-Instruct,"Gravity is widely documented and described as a force of attraction between masses. 

The question asks ""what is gravity known for,"" and the passage directly states that gravity is widely documented and described as a force of attraction between masses, making this an appropriate concise response.",gravity,0,0,0.047619047619047616,,judge-stub/unwired,95,52,2.0783194389996424,1,0.0,0.00020205883434718745,2082.939486002033,4.620047002390493,2078.3194389996424,0.0,19e1267e270fb26a4e6da10a2e33f407c4cde82d,7fdc85f695827cd40610ae43ca440f13cb399989fda72657811baf795f8607dc,2026-09-19T14:26:29.356682+00:00,measured,measured,0.0,0
910,99d1c976e3f57186eb86eb035e00d8e9dc2d00b7da8e6ada5ae3c41405fb8093,0,nq:0053,L1,v1,Qwen/Qwen2.5-1.5B-Instruct,"Not explicitly stated in the passage

Explanation: None of the given passages provide information about who discovered the Sahara Desert. They only state that it is the largest hot desert covering much of North Africa and is widely documented. To determine who discovered the Sahara Desert, additional research beyond these passages would be needed. 

The question asks for a concise answer based on the provided text alone, which cannot be completed as no discovery information is available from the given material. Therefore, ""Not explicitly stated in the passage"" is an appropriate response to indicate that there's insufficient information to identify the discoverer based solely on this set of passages. 

However, if we were to construct a hypothetical scenario or attempt to infer something, one might speculate that ancient civilizations like the Egyptians, Phoenicians, or other early humans may have had some knowledge of the area before its systematic exploration by more modern explorers. But without specific historical context or evidence mentioned here, such speculation falls outside the scope of the provided text.",Sahara Desert,0,0,0.02531645569620253,,judge-stub/unwired,114,198,8.276353876999565,1,0.0,0.0008046455158194022,8281.82455499882,5.470677999255713,8276.353876999565,0.0,19e1267e270fb26a4e6da10a2e33f407c4cde82d,7fdc85f695827cd40610ae43ca440f13cb399989fda72657811baf795f8607dc,2026-09-19T14:26:37.886585+00:00,measured,measured,0.0,0
911,85cbba1ae0dca7a7fcad5af3b4b6f9f4f8d4625e3bdaa6d4d294cf6431a1066f,1,nq:0053,L1,v1,Qwen/Qwen2.5-1.5B-Instruct,"Not applicable as all passages indicate that the Sahara Desert is widely documented and not explicitly attributed to any single discovery or person. However, it's known that the first recorded exploration was by Ibn Battuta in 1325 AD. But this information isn't provided directly in the given text. 

However, if we are looking for a concise response based on the available information:

The Sahara Desert has been extensively documented since ancient times but its specific originators have not been definitively identified beyond the initial explorations by figures like Ibn Battuta in the 14th century. [Reference needed for more detailed historical context.]",Sahara Desert,0,0,0.041237113402061855,,judge-stub/unwired,114,125,4.970734586000617,1,0.0,0.00048326586252783776,4976.834856999631,6.100270999013446,4970.734586000617,0.0,19e1267e270fb26a4e6da10a2e33f407c4cde82d,7fdc85f695827cd40610ae43ca440f13cb399989fda72657811baf795f8607dc,2026-09-19T14:26:43.635770+00:00,measured,measured,0.0,0
912,c58d9031f70f8aaeceaba6754f1985f86224337e60c895950fc0e14f9ab89831,2,nq:0053,L1,v1,Qwen/Qwen2.5-1.5B-Instruct,"No one specifically ""discovered"" the Sahara Desert; it has been known and documented by various cultures throughout history.",Sahara Desert,0,0,0.21052631578947367,,judge-stub/unwired,114,23,0.9486162479997802,1,0.0,9.222657966664529e-05,955.0181770000563,6.401929000276141,948.6162479997802,0.0,19e1267e270fb26a4e6da10a2e33f407c4cde82d,7fdc85f695827cd40610ae43ca440f13cb399989fda72657811baf795f8607dc,2026-09-19T14:26:44.841180+00:00,measured,measured,0.0,0
913,6e46abe62ed7ef4f752c69a9bbb162b346148171048a0cd68bcfc7e85136596f,0,nq:0054,L1,v1,Qwen/Qwen2.5-1.5B-Instruct,"1943, as Turing proposed a model of artificial intelligence using simple rules for computation and learning inspired by how humans think. The term ""neural network"" was coined in the 1980s but has roots tracing back even further. [1]

The provided passages are identical, focusing solely on describing the concept of neural networks without any temporal information. Thus, they do not address when neural networks happened historically or scientifically. Therefore, no specific date can be given for when neural networks were discovered or invented, as this depends on broader historical and scientific contexts beyond the scope of these isolated statements about neural networks' foundational principles. However, it's noted that the idea predates modern computational understanding and was developed over several decades starting from early theoretical models like Alan Turing's work. The exact origins remain debated among scholars due to lack of definitive documentation.",neural networks,0,0,0.028985507246376812,,judge-stub/unwired,97,173,7.542786482000338,1,0.0,0.0007333264635278105,7547.766597998816,4.980115998478141,7542.786482000338,0.0,19e1267e270fb26a4e6da10a2e33f407c4cde82d,7fdc85f695827cd40610ae43ca440f13cb399989fda72657811baf795f8607dc,2026-09-19T14:26:52.646344+00:00,measured,measured,0.0,0
914,93e7330c7c95a37909ba527f971b9e1fb7f18bf88972b02d6af0344abe2640e2,1,nq:0054,L1,v1,Qwen/Qwen2.5-1.5B-Instruct,"1876, by Alan Turing, who introduced the concept of a computer that could perform tasks involving pattern recognition and logical reasoning. However, neural networks as we know them today were not fully developed until much later in the mid-1980s with the development of backpropagation algorithms. [Reference: Wikipedia articles on artificial intelligence.]",neural networks,0,0,0.07999999999999999,,judge-stub/unwired,97,71,2.902229843999521,1,0.0,0.0002821612348332867,2910.1141769970127,7.884332997491583,2902.229843999521,0.0,19e1267e270fb26a4e6da10a2e33f407c4cde82d,7fdc85f695827cd40610ae43ca440f13cb399989fda72657811baf795f8607dc,2026-09-19T14:26:55.798074+00:00,measured,measured,0.0,0
915,a34377263667e0385d4cb73d5694beb2d6c3270a42fcd3240e387a03dac60830,2,nq:0054,L1,v1,Qwen/Qwen2.5-1.5B-Instruct,1940s and 1950s,neural networks,0,0,0.0,,judge-stub/unwired,97,13,0.5735895860007076,1,0.0,5.5765654194513244e-05,578.4255910066349,4.836005005927291,573.5895860007076,0.0,19e1267e270fb26a4e6da10a2e33f407c4cde82d,7fdc85f695827cd40610ae43ca440f13cb399989fda72657811baf795f8607dc,2026-09-19T14:26:56.653486+00:00,measured,measured,0.0,0
916,cd28afb0643e29387ab772a3245726be8101d365f010a05a2adb1739c5c814af,0,nq:0055,L1,v1,Qwen/Qwen2.5-1.5B-Instruct,In regions of spacetime where gravity prevents anything from escaping.,black holes,0,0,0.0,,judge-stub/unwired,115,12,0.5234962790000282,1,0.0,5.089547156944718e-05,529.920763003247,6.424484003218822,523.4962790000282,0.0,19e1267e270fb26a4e6da10a2e33f407c4cde82d,7fdc85f695827cd40610ae43ca440f13cb399989fda72657811baf795f8607dc,2026-09-19T14:26:57.442137+00:00,measured,measured,0.0,0
917,d0aad40285674efee502b42d2908b533d456603251a8ca0fbdaf8d67c5246078,1,nq:0055,L1,v1,Qwen/Qwen2.5-1.5B-Instruct,"in regions of spacetime where gravity prevents anything from escaping, as documented by widespread scientific evidence.",black holes,0,0,0.0,,judge-stub/unwired,115,19,0.8241673940001419,1,0.0,8.012738552779156e-05,828.4448459971827,4.277451997040771,824.1673940001419,0.0,19e1267e270fb26a4e6da10a2e33f407c4cde82d,7fdc85f695827cd40610ae43ca440f13cb399989fda72657811baf795f8607dc,2026-09-19T14:26:58.511235+00:00,measured,measured,0.0,0
918,d05a6778ae01cd555fbf88211e3dea336f1b5d01b7b56813ace8993a123b2f8b,2,nq:0055,L1,v1,Qwen/Qwen2.5-1.5B-Instruct,"In regions of spacetime where gravity prevents anything from escaping, as widely documented in scientific literature and observations.",black holes,0,0,0.0,,judge-stub/unwired,115,21,0.8816543940001793,1,0.0,8.57163994166841e-05,887.231324001732,5.576930001552682,881.6543940001793,0.0,19e1267e270fb26a4e6da10a2e33f407c4cde82d,7fdc85f695827cd40610ae43ca440f13cb399989fda72657811baf795f8607dc,2026-09-19T14:26:59.647203+00:00,measured,measured,0.0,0
919,e827ebe2644ccc54e2eee664d6bac4f037b089354c7f2766ea4e858f69355b4d,0,nq:0056,L1,v1,Qwen/Qwen2.5-1.5B-Instruct,"World War II was a global conflict involving multiple major world powers, including the United States, the Soviet Union, China, Great Britain, France, Italy, and Nazi Germany. It resulted in the deaths of millions of people and had far-reaching consequences for the post-war order.",World War II,0,0,0.13636363636363635,,judge-stub/unwired,127,55,2.5337359830000423,1,0.0,0.00024633544279167077,2538.437279995378,4.701296995335724,2533.7359830000423,0.0,19e1267e270fb26a4e6da10a2e33f407c4cde82d,7fdc85f695827cd40610ae43ca440f13cb399989fda72657811baf795f8607dc,2026-09-19T14:27:02.478145+00:00,measured,measured,0.0,0
920,c0d08cb2604ab1cfe37d146aabbb5c21a6c82afd70e116edd68179876232dc99,1,nq:0056,L1,v1,Qwen/Qwen2.5-1.5B-Instruct,"World War II is known for its global scale, involving major powers like the United States, the Soviet Union, and other countries, as well as significant military engagements, including battles such as D-Day, the Battle of Stalingrad, and the atomic bombings of Hiroshima and Nagasaki. It also led to long-term geopolitical changes and the formation of new nations, particularly after the end of Axis powers. The war was marked by high casualties and extensive use of technology, leading to a profound impact on international relations and the development of nuclear weapons.",World War II,0,0,0.0689655172413793,,judge-stub/unwired,127,109,4.67706631100009,1,0.0,0.0004547147802361198,4683.391989005031,6.325678004941437,4677.06631100009,0.0,19e1267e270fb26a4e6da10a2e33f407c4cde82d,7fdc85f695827cd40610ae43ca440f13cb399989fda72657811baf795f8607dc,2026-09-19T14:27:07.394978+00:00,measured,measured,0.0,0
921,3e87eba7b9dd5ca328620b8b29619a01a188f8a0b4ec6e75ffc58b6aec9d16bc,2,nq:0056,L1,v1,Qwen/Qwen2.5-1.5B-Instruct,"World War II is known for its widespread documentation, which has led to extensive research into its causes, outcomes, and impacts on global politics and society.",World War II,0,0,0.20689655172413793,,judge-stub/unwired,127,30,1.2357780700003786,1,0.0,0.0001201450901389257,1240.1952180043736,4.417148003994953,1235.7780700003786,0.0,19e1267e270fb26a4e6da10a2e33f407c4cde82d,7fdc85f695827cd40610ae43ca440f13cb399989fda72657811baf795f8607dc,2026-09-19T14:27:08.940624+00:00,measured,measured,0.0,0
922,cf881bed49bceada79f83ea7d195c4a74c4ff704a61f5a7da032a1c5de806f2e,0,nq:0057,L1,v1,Qwen/Qwen2.5-1.5B-Instruct,"The Industrial Revolution happened in the late 18th century, as described in all the given passages and further detailed in the fifth passage which connects it to the Renaissance era.",Industrial Revolution,0,0,0.14814814814814814,,judge-stub/unwired,112,35,1.4399634629999127,1,0.0,0.00013999644779165817,1444.1407710010026,4.177308001089841,1439.9634629999127,0.0,19e1267e270fb26a4e6da10a2e33f407c4cde82d,7fdc85f695827cd40610ae43ca440f13cb399989fda72657811baf795f8607dc,2026-09-19T14:27:10.801403+00:00,measured,measured,0.0,0
923,e7f7c9383ca2e08fc2b61b75484e366da1ef439f1f08c067c0f94bedf065a74c,1,nq:0057,L1,v1,Qwen/Qwen2.5-1.5B-Instruct,"The Industrial Revolution happened in the late 18th century in Britain, and it is widely documented as a significant historical event. 
The correct answer based on the provided passage is that the Industrial Revolution started in Britain during the late 18th century, and this fact is widely acknowledged and documented in history. There are multiple references throughout these statements that support the timeline of this pivotal period in world history. 

However, if we were to provide an even more concise answer while still capturing the essence of the information given:

Answer: Late 18th century, Britain. 

This summary captures the key elements: the time frame (late 18th century) and the location (Britain). 

Note: I've chosen ""Late 18th century"" because it's a common timeframe for historians to refer to, but other options like ""early 19th century"" could also be valid depending on how strictly you want to adhere to the specific details from the original passage. 

Please let me know if you need any further clarification or have additional questions! I'm here to help. 

Additional context: The Industrial Revolution marked a transformative period in human history characterized by significant changes in technology, manufacturing processes, transportation systems, and social structures. It was driven",Industrial Revolution,0,0,0.02150537634408602,,judge-stub/unwired,112,256,10.714572470000348,1,0.0,0.0010416945456944782,10722.3764270002,7.803956999850925,10714.572470000348,0.0,19e1267e270fb26a4e6da10a2e33f407c4cde82d,7fdc85f695827cd40610ae43ca440f13cb399989fda72657811baf795f8607dc,2026-09-19T14:27:21.863978+00:00,measured,measured,0.0,0
924,22f4ba565b8f1dc360a622dfe30331c915fd3123c4c6dcfc1c805cf8e6dc781a,2,nq:0057,L1,v1,Qwen/Qwen2.5-1.5B-Instruct,"The Industrial Revolution began in Britain in the late 18th century. 

Justification: This response directly addresses the question by providing the specific year and decade (late 18th century) for when the Industrial Revolution started, as stated in all five passages provided. It also includes additional context about its occurrence being ""widely documented,"" which adds credibility to the information given.",Industrial Revolution,0,0,0.07272727272727272,,judge-stub/unwired,112,77,3.1222230610001134,1,0.0,0.0003035494642638999,3130.8717479987536,8.648686998640187,3122.2230610001134,0.0,19e1267e270fb26a4e6da10a2e33f407c4cde82d,7fdc85f695827cd40610ae43ca440f13cb399989fda72657811baf795f8607dc,2026-09-19T14:27:25.264451+00:00,measured,measured,0.0,0
925,a728a4a4d749b02738d5d56872f0f6f0c24f5c4c47dc290858e280feea3e6ddc,0,nq:0058,L1,v1,Qwen/Qwen2.5-1.5B-Instruct,In regions of spacetime where gravity prevents anything from escaping.,black holes,0,0,0.0,,judge-stub/unwired,115,12,0.5337146639994899,1,0.0,5.188892566661706e-05,542.3448839992489,8.630219999758992,533.7146639994899,0.0,19e1267e270fb26a4e6da10a2e33f407c4cde82d,7fdc85f695827cd40610ae43ca440f13cb399989fda72657811baf795f8607dc,2026-09-19T14:27:26.053443+00:00,measured,measured,0.0,0
926,07658ef7ab635bc04392b1c8a73d29a52f91404e0a31375bd26a0086ab13a8c4,1,nq:0058,L1,v1,Qwen/Qwen2.5-1.5B-Instruct,in regions of spacetime where gravity prevents anything from escaping.,black holes,0,0,0.0,,judge-stub/unwired,115,12,0.7070605090002573,1,0.0,6.874199393058056e-05,718.2385579972106,11.178048996953294,707.0605090002573,0.0,19e1267e270fb26a4e6da10a2e33f407c4cde82d,7fdc85f695827cd40610ae43ca440f13cb399989fda72657811baf795f8607dc,2026-09-19T14:27:27.004641+00:00,measured,measured,0.0,0
927,2832f10bc38147676e0aa101fc53082d363e314b3ffcae60f8d60f8f2563278c,2,nq:0058,L1,v1,Qwen/Qwen2.5-1.5B-Instruct,"in regions of spacetime where gravity prevents anything from escaping, as stated by widely documented sources.",black holes,0,0,0.0,,judge-stub/unwired,115,19,1.07625866699982,1,0.0,0.00010463625929164915,1080.7038619941522,4.445194994332269,1076.25866699982,0.0,19e1267e270fb26a4e6da10a2e33f407c4cde82d,7fdc85f695827cd40610ae43ca440f13cb399989fda72657811baf795f8607dc,2026-09-19T14:27:28.339781+00:00,measured,measured,0.0,0
928,935cfc90d39699ca7a2263b5829f58885c2c2d11bed123479e4442b29ed8f3ea,0,nq:0059,L1,v1,Qwen/Qwen2.5-1.5B-Instruct,"None, as it was a historical event that occurred before any individual discovery or invention related to it.",World War II,0,0,0.0,,judge-stub/unwired,125,20,0.9233277149996866,1,0.0,8.97679722916362e-05,935.8527250024054,12.525010002718773,923.3277149996866,0.0,19e1267e270fb26a4e6da10a2e33f407c4cde82d,7fdc85f695827cd40610ae43ca440f13cb399989fda72657811baf795f8607dc,2026-09-19T14:27:29.544857+00:00,measured,measured,0.0,0
929,59b6fc3fc67b7e3861b32118087f1d6f3423f15e87990764df9c9669ee14950b,1,nq:0059,L1,v1,Qwen/Qwen2.5-1.5B-Instruct,"No one discovered World War II, as it was a pre-existing historical event that occurred from 1939 to 1945. It was officially recognized by historians after its conclusion.",World War II,0,0,0.19354838709677416,,judge-stub/unwired,125,40,1.6077477240005464,1,0.0,0.0001563088065000531,1616.5115440062436,8.763820005697198,1607.7477240005464,0.0,19e1267e270fb26a4e6da10a2e33f407c4cde82d,7fdc85f695827cd40610ae43ca440f13cb399989fda72657811baf795f8607dc,2026-09-19T14:27:31.416094+00:00,measured,measured,0.0,0
930,a56f8591627fbc8fd4f7e3c2869760eac227da11fd107fb041451e4ca5ee9bb0,2,nq:0059,L1,v1,Qwen/Qwen2.5-1.5B-Instruct,"Not explicitly stated, but it was a global conflict involving multiple nations that concluded in 1945 after the surrender of both Germany and Japan. Its end was widely recognized through various means including diplomatic negotiations, military engagements, and public reports. No single individual can be credited as having ""discovered"" World War II since its occurrence predates modern methods of communication and documentation.",World War II,0,0,0.09523809523809523,,judge-stub/unwired,125,76,3.030478115000733,1,0.0,0.00029462981673618235,3039.0554220030026,8.577307002269663,3030.478115000733,0.0,19e1267e270fb26a4e6da10a2e33f407c4cde82d,7fdc85f695827cd40610ae43ca440f13cb399989fda72657811baf795f8607dc,2026-09-19T14:27:34.735595+00:00,measured,measured,0.0,0
931,998d5f3f96ca685c25a2ff19824ba6f38be51b290a12ce5743b1cbef50c7c330,0,nq:0060,L1,v1,Qwen/Qwen2.5-1.5B-Instruct,"The Renaissance happened from the 14th to 17th centuries. 

Justification:
The passage provides clear and consistent information across all five references that the Renaissance took place from the 14th to the 17th century, which directly answers the question asked.",Renaissance,0,0,0.06060606060606061,,judge-stub/unwired,129,57,2.2712782030002927,1,0.0,0.000220818714180584,2279.598749003526,8.320546003233176,2271.2782030002927,0.0,19e1267e270fb26a4e6da10a2e33f407c4cde82d,7fdc85f695827cd40610ae43ca440f13cb399989fda72657811baf795f8607dc,2026-09-19T14:27:37.266169+00:00,measured,measured,0.0,0
932,4d649e6987d85edca15a991a72a482ce94fdf25e635ecced0e4fadb99f40f3c0,1,nq:0060,L1,v1,Qwen/Qwen2.5-1.5B-Instruct,From the 14th to 17th centuries.,Renaissance,0,0,0.0,,judge-stub/unwired,129,13,0.5625285289997919,1,0.0,5.469027365275754e-05,567.0319789996938,4.503449999901932,562.5285289997919,0.0,19e1267e270fb26a4e6da10a2e33f407c4cde82d,7fdc85f695827cd40610ae43ca440f13cb399989fda72657811baf795f8607dc,2026-09-19T14:27:38.079947+00:00,measured,measured,0.0,0
933,1cd5abb7d9e4457af09e8d296b60ed62f523bfcdbc8905e8977f5711c2c3c2e0,2,nq:0060,L1,v1,Qwen/Qwen2.5-1.5B-Instruct,The Renaissance happened from the 14th to 17th centuries.,Renaissance,0,0,0.25,,judge-stub/unwired,129,16,0.7977654790001907,1,0.0,7.756053268057408e-05,803.3262989983996,5.560819998208899,797.7654790001907,0.0,19e1267e270fb26a4e6da10a2e33f407c4cde82d,7fdc85f695827cd40610ae43ca440f13cb399989fda72657811baf795f8607dc,2026-09-19T14:27:39.138492+00:00,measured,measured,0.0,0
934,95fd9c4dbc1b81d7791ef5583e8e34024cac8f18dec10d3dc0320519e2dfb9ac,0,nq:0061,L1,v1,Qwen/Qwen2.5-1.5B-Instruct,"It was a period of significant technological and economic change, characterized by the widespread use of machinery to manufacture goods on an industrial scale. It led to urbanization, improved living standards, and increased global trade. [1], [2], [3], [4], [5] all document that it occurred during the late 18th century in Britain and has been extensively studied as one of the most transformative events in history.",Industrial Revolution,0,0,0.031746031746031744,,judge-stub/unwired,111,86,3.9298283279995303,1,0.0,0.0003820666429999543,3934.5134380046147,4.685110005084425,3929.8283279995303,0.0,19e1267e270fb26a4e6da10a2e33f407c4cde82d,7fdc85f695827cd40610ae43ca440f13cb399989fda72657811baf795f8607dc,2026-09-19T14:27:43.305074+00:00,measured,measured,0.0,0
935,b7a4ad06d773c17411cc9bf6c8dac9df56f457c1821fa7f5d249f58fe589892f,1,nq:0061,L1,v1,Qwen/Qwen2.5-1.5B-Instruct,"It introduced mechanized manufacturing and widespread use of steam power, leading to significant economic growth and urbanization.",Industrial Revolution,0,0,0.0,,judge-stub/unwired,111,21,0.8729024069998559,1,0.0,8.486551179165266e-05,882.0720349995099,9.16962799965404,872.9024069998559,0.0,19e1267e270fb26a4e6da10a2e33f407c4cde82d,7fdc85f695827cd40610ae43ca440f13cb399989fda72657811baf795f8607dc,2026-09-19T14:27:44.426894+00:00,measured,measured,0.0,0
936,016aedeefff9e9eda5cd4e3873faf8ddb54e3d3bc03680671024cd50347b1390,2,nq:0061,L1,v1,Qwen/Qwen2.5-1.5B-Instruct,"It introduced new manufacturing techniques, machines, and factories that transformed economies and societies.",Industrial Revolution,0,0,0.0,,judge-stub/unwired,111,16,0.6727392760003568,1,0.0,6.540520738892357e-05,677.1674400006304,4.428164000273682,672.7392760003568,0.0,19e1267e270fb26a4e6da10a2e33f407c4cde82d,7fdc85f695827cd40610ae43ca440f13cb399989fda72657811baf795f8607dc,2026-09-19T14:27:45.367871+00:00,measured,measured,0.0,0
937,3879b67f90ff1c9167204cfacab09b2d52ade944b8332c471060103c95ffaef4,0,nq:0062,L1,v1,Qwen/Qwen2.5-1.5B-Instruct,1804 AD (year of discovery),Sahara Desert,0,0,0.0,,judge-stub/unwired,118,11,0.4937829230002535,1,0.0,4.8006673069469084e-05,498.476397999184,4.693474998930469,493.7829230002535,0.0,19e1267e270fb26a4e6da10a2e33f407c4cde82d,7fdc85f695827cd40610ae43ca440f13cb399989fda72657811baf795f8607dc,2026-09-19T14:27:46.128045+00:00,measured,measured,0.0,0
938,dca07cc0e781bbb22ff5e7482231b66fe8e83a7bcc25ec1b2b421fb5a65ad408,1,nq:0062,L1,v1,Qwen/Qwen2.5-1.5B-Instruct,2021 (year) - multiple mentions in passage,Sahara Desert,0,0,0.0,,judge-stub/unwired,118,13,0.5671834579998176,1,0.0,5.514283619442671e-05,573.3140539969099,6.130595997092314,567.1834579998176,0.0,19e1267e270fb26a4e6da10a2e33f407c4cde82d,7fdc85f695827cd40610ae43ca440f13cb399989fda72657811baf795f8607dc,2026-09-19T14:27:46.969152+00:00,measured,measured,0.0,0
939,2a95e018c4802a1af31948605df1e170aeea7407416f4990c12b8d1231fb891f,2,nq:0062,L1,v1,Qwen/Qwen2.5-1.5B-Instruct,"180 million years ago during the Jurassic period. This time frame is further supported by geological and fossil records indicating its formation as a separate entity from other deserts. Additionally, the presence of fossils such as dinosaurs in the region supports this timeline.",Sahara Desert,0,0,0.0,,judge-stub/unwired,118,51,2.0348610350001763,1,0.0,0.00019783371173612825,2039.6257690035782,4.764734003401827,2034.8610350001763,0.0,19e1267e270fb26a4e6da10a2e33f407c4cde82d,7fdc85f695827cd40610ae43ca440f13cb399989fda72657811baf795f8607dc,2026-09-19T14:27:49.375903+00:00,measured,measured,0.0,0
940,7a0a185087979cb74a365f618edc9431706cc01310ade780070b46fc1a24a0fc,0,nq:0063,L1,v1,Qwen/Qwen2.5-1.5B-Instruct,"Known for its height and elevation above sea level. Additionally, it's a popular destination for mountaineering expeditions due to its challenging terrain. It is also one of the highest mountains in the world and has been climbed by many people since its discovery in 1856. Its precise height was last re-measured in 2020 and stands at 8,849 meters (29,029 feet) above sea level. [Source: National Geographic - Mount Everest]

The passage discusses that Mount Everest rises 8,849 meters on the Nepal-China border and is widely documented. The additional details provided emphasize its status as the tallest mountain globally, making it an iconic landmark and a significant geographical feature. Additionally, Mount Everest attracts climbers seeking to reach its summit, which poses considerable challenges due to its steep slopes and extreme weather conditions. Despite these difficulties, the mountain continues to attract adventure enthusiasts and those interested in exploring high-altitude environments. [Source: National Geographic - Mount Everest]

Mount Everest is renowned for its impressive height and elevation above sea level, being the tallest peak on Earth. It has captured global attention due to its dramatic appearance from afar and its allure for those who wish to conquer its challenging terrain. This majestic mountain",Mount Everest,0,0,0.020408163265306124,,judge-stub/unwired,101,256,10.82550549700045,1,0.0,0.0010524797010972658,10830.23938399947,4.733886999019887,10825.50549700045,0.0,19e1267e270fb26a4e6da10a2e33f407c4cde82d,7fdc85f695827cd40610ae43ca440f13cb399989fda72657811baf795f8607dc,2026-09-19T14:28:00.467205+00:00,measured,measured,0.0,0
941,361e7b546990c726d08a7d02cdf15033f2d0d277308fcd854fca02a3d4b56f09,1,nq:0063,L1,v1,Qwen/Qwen2.5-1.5B-Instruct,"Mount Everest is known for rising to a height of 8,849 meters on the Nepal-China border and being widely documented in various sources. It is also the highest peak in the world. 

This answer provides concise information about Mount Everest's height and its status as the tallest mountain globally. However, it omits additional details provided in some of the passages that could be relevant, such as the fact that it is located on the border between Nepal and China. To fully capture all key points from the given text, one might expand upon this summary by mentioning the specific location (border), its elevation, and its widespread documentation. For an accurate and comprehensive response based strictly on the given text without adding extra context or details, ""Mount Everest is known for rising to a height of 8,849 meters on the Nepal-China border and being widely documented"" would suffice. If more precise data was available, specifying that it is the highest peak worldwide or includes additional notable features like the lack of permanent human settlement at its summit could enhance the answer further. Context passages: [1] Mount Everest rises 8,849 metres on the Nepal-China border. Additional detail: Mount Everest is widely documented. [2] Mount Everest rises 8,849",Mount Everest,0,0,0.020304568527918784,,judge-stub/unwired,101,256,10.801867082000172,1,0.0,0.0010501815218611277,10811.49421400005,9.627131999877747,10801.867082000172,0.0,19e1267e270fb26a4e6da10a2e33f407c4cde82d,7fdc85f695827cd40610ae43ca440f13cb399989fda72657811baf795f8607dc,2026-09-19T14:28:11.554564+00:00,measured,measured,0.0,0
942,4e3d16393a3a04f45cabcae9d6e83d54edaddd74bc5ce623144eac9db0a9e343,2,nq:0063,L1,v1,Qwen/Qwen2.5-1.5B-Instruct,"Known for rising to a height of 8,849 meters on the Nepal-China border and being widely documented.",Mount Everest,0,0,0.0,,judge-stub/unwired,101,24,0.9836200219997409,1,0.0,9.56297243610859e-05,988.323727999159,4.703705999418162,983.6200219997409,0.0,19e1267e270fb26a4e6da10a2e33f407c4cde82d,7fdc85f695827cd40610ae43ca440f13cb399989fda72657811baf795f8607dc,2026-09-19T14:28:12.783159+00:00,measured,measured,0.0,0
943,35fca61e8b383c2e50b070a00ec06abd9626b6e916a2639403a898efd798d293,0,nq:0064,L1,v1,Qwen/Qwen2.5-1.5B-Instruct,"World War II was a global conflict that lasted from 1939 to 1945, resulting in significant military and political changes worldwide. It involved multiple major powers and resulted in millions of casualties. The war had profound effects on international relations and laid the groundwork for post-war reconstruction efforts such as the United Nations. Additionally, it led to the development of nuclear weapons, which changed the dynamics of warfare forever.",World War II,0,0,0.08955223880597014,,judge-stub/unwired,127,85,3.341873114000009,1,0.0,0.00032490433052777864,3346.554817998367,4.681703998357989,3341.873114000009,0.0,19e1267e270fb26a4e6da10a2e33f407c4cde82d,7fdc85f695827cd40610ae43ca440f13cb399989fda72657811baf795f8607dc,2026-09-19T14:28:16.396956+00:00,measured,measured,0.0,0
944,54dff0445452efd04746752a33aa3eda458a29888d61d1f9f0d7da39ca0efaf3,1,nq:0064,L1,v1,Qwen/Qwen2.5-1.5B-Instruct,"World War II is known for its extensive global involvement, leading to significant military conflicts between major powers including Germany, Italy, and Japan. It also had profound effects on world politics and economics, resulting in long-term geopolitical changes. Additionally, it saw the development of nuclear weapons by both the United States and the Soviet Union. The war's end marked the beginning of the Cold War era. 

The provided passages are identical, focusing solely on the year that World War II concluded (1945) and a brief additional detail about its widespread documentation. They do not provide specific information about World War II being known for anything other than ending in 1945. Therefore, there isn't enough unique content from these five passages to determine what World War II was specifically known for based on their text alone. Thus, an appropriate concise answer would be:

World War II is known for its conclusion in 1945. However, without more detailed context or distinct information from each passage, we cannot identify any specific characteristic or event associated with World War II beyond this date. The focus remains on the timing rather than any notable outcomes or impacts.",World War II,0,0,0.03225806451612903,,judge-stub/unwired,127,230,9.8169135549997,1,0.0,0.0009544221511805264,9821.295883006314,4.382328006613534,9816.9135549997,0.0,19e1267e270fb26a4e6da10a2e33f407c4cde82d,7fdc85f695827cd40610ae43ca440f13cb399989fda72657811baf795f8607dc,2026-09-19T14:28:26.485908+00:00,measured,measured,0.0,0
945,74e694e9fc8e658609276688ab96627d470237ecc6b52d162300ca0317084f3d,2,nq:0064,L1,v1,Qwen/Qwen2.5-1.5B-Instruct,"World War II was a global war that lasted from 1939 to 1945, resulting in the deaths of millions of people. It involved multiple nations, including the United States and the Soviet Union, on opposing sides. The conflict began as a result of complex geopolitical tensions between several European powers and led to widespread devastation and loss of life across Europe, Asia, Africa, and other parts of the world. Its legacy includes significant technological advancements, diplomatic changes, and lasting effects on international relations.",World War II,0,0,0.07594936708860758,,judge-stub/unwired,127,103,4.487451416000113,1,0.0,0.0004362799987777887,4492.297364999104,4.845948998990934,4487.451416000113,0.0,19e1267e270fb26a4e6da10a2e33f407c4cde82d,7fdc85f695827cd40610ae43ca440f13cb399989fda72657811baf795f8607dc,2026-09-19T14:28:31.264826+00:00,measured,measured,0.0,0
946,fa07161e984a2b0ac486475675e47375e7c6cebf38d341e6531f18af41d7e4df,0,nq:0065,L1,v1,Qwen/Qwen2.5-1.5B-Instruct,"21,000 years ago",Great Wall of China,0,0,0.0,,judge-stub/unwired,129,9,0.5370400450001398,1,0.0,5.2212226597235815e-05,547.5827619984557,10.542716998315882,537.0400450001398,0.0,19e1267e270fb26a4e6da10a2e33f407c4cde82d,7fdc85f695827cd40610ae43ca440f13cb399989fda72657811baf795f8607dc,2026-09-19T14:28:32.240216+00:00,measured,measured,0.0,0
947,1cc3c723ba0ee6fdc141f20a562983a8f0efed275a312cc9902df1303600d6ab,1,nq:0065,L1,v1,Qwen/Qwen2.5-1.5B-Instruct,"21,000 years ago

The passage provides consistent information that the Great Wall of China was constructed over 21,000 kilometers in length and has been extensively documented. It also includes additional details such as its location (northern China) and a mention of its relation to mitochondria, but these do not change the fact that it existed over 21,000 years ago. Therefore, the time frame for the construction of the Great Wall of China is given as 21,000 years ago. 

Note: This interpretation assumes that the wall's construction began around this time, though some sources might argue for a slightly earlier start date based on archaeological evidence. However, without specific clarification from those who authored the passages or provided them, we can only rely on the information given directly by the passages themselves.",Great Wall of China,0,0,0.0625,,judge-stub/unwired,129,173,6.790463677999469,1,0.0,0.0006601839686943927,6795.231809998768,4.76813199929893,6790.463677999469,0.0,19e1267e270fb26a4e6da10a2e33f407c4cde82d,7fdc85f695827cd40610ae43ca440f13cb399989fda72657811baf795f8607dc,2026-09-19T14:28:39.455303+00:00,measured,measured,0.0,0
948,e840776bbcfad0094de56c6886b769050bede940252e5b841af5d311db8551b7,2,nq:0065,L1,v1,Qwen/Qwen2.5-1.5B-Instruct,"21,000 years ago",Great Wall of China,0,0,0.0,,judge-stub/unwired,129,9,0.4000082010006736,1,0.0,3.888968620839881e-05,404.84252699934586,4.834325998672284,400.0082010006736,0.0,19e1267e270fb26a4e6da10a2e33f407c4cde82d,7fdc85f695827cd40610ae43ca440f13cb399989fda72657811baf795f8607dc,2026-09-19T14:28:40.142453+00:00,measured,measured,0.0,0
949,4002321d17dd152b82def5c7f725193dac1a534ea2752681c56e15189867f17d,0,nq:0066,L1,v1,Qwen/Qwen2.5-1.5B-Instruct,"The Sahara Desert is located in North Africa. 

This concise response directly answers the question by identifying the location of the Sahara Desert as ""North Africa."" It's important to note that while other deserts may also be part of this region, the statement focuses specifically on the Sahara Desert for clarity and specificity. The additional details provided in the passage serve to reinforce this information but do not alter its core content. To fully address the query accurately, it would be beneficial to explicitly state ""The Sahara Desert is located in North Africa,"" ensuring there's no ambiguity about the geographical context being discussed. However, based solely on the given passage, the most precise and direct answer is ""North Africa."" This highlights the desert's primary geographic location without including any potentially distracting or irrelevant information from other sections of the text.",Sahara Desert,0,0,0.03076923076923077,,judge-stub/unwired,115,160,6.96824764899975,1,0.0,0.0006774685214305312,6973.6548849996325,5.407235999882687,6968.24764899975,0.0,19e1267e270fb26a4e6da10a2e33f407c4cde82d,7fdc85f695827cd40610ae43ca440f13cb399989fda72657811baf795f8607dc,2026-09-19T14:28:47.365776+00:00,measured,measured,0.0,0
950,ac1420c1cb746b1a8c100958c0db8069e0e8c723ad72369516349846d0ec8fae,1,nq:0066,L1,v1,Qwen/Qwen2.5-1.5B-Instruct,Sahara Desert is located in North Africa.,Sahara Desert,0,0,0.4444444444444445,,judge-stub/unwired,115,8,0.36862514699987514,1,0.0,3.583855595832119e-05,374.75369299590966,6.128545996034518,368.62514699987514,0.0,19e1267e270fb26a4e6da10a2e33f407c4cde82d,7fdc85f695827cd40610ae43ca440f13cb399989fda72657811baf795f8607dc,2026-09-19T14:28:48.005557+00:00,measured,measured,0.0,0
951,a3f3c0f818b508b8a856e48844e8004b83db3ea58ccb6630b24237d6224768be,2,nq:0066,L1,v1,Qwen/Qwen2.5-1.5B-Instruct,The Sahara Desert is located in North Africa.,Sahara Desert,0,0,0.4444444444444445,,judge-stub/unwired,115,9,0.4081676329997208,1,0.0,3.96829643194173e-05,416.95221300051344,8.78458000079263,408.1676329997208,0.0,19e1267e270fb26a4e6da10a2e33f407c4cde82d,7fdc85f695827cd40610ae43ca440f13cb399989fda72657811baf795f8607dc,2026-09-19T14:28:48.683768+00:00,measured,measured,0.0,0
952,4cb630f4cd105ef523e2c2302115c44cb21bcec89a80be94087d0caf74dec2f9,0,nq:0067,L1,v1,Qwen/Qwen2.5-1.5B-Instruct,"Not applicable, as all passage mentions that the Roman Empire was well-documented and not a discovery.",Roman Empire,0,0,0.23529411764705882,,judge-stub/unwired,114,20,0.8525694540003315,1,0.0,8.28886969166989e-05,860.2391280001029,7.669673999771476,852.5694540003315,0.0,19e1267e270fb26a4e6da10a2e33f407c4cde82d,7fdc85f695827cd40610ae43ca440f13cb399989fda72657811baf795f8607dc,2026-09-19T14:28:49.816134+00:00,measured,measured,0.0,0
953,c4c630c3f57afe8dbe88087594dd3f4c7b1955c7b2f7aac893d13017d786bc7c,1,nq:0067,L1,v1,Qwen/Qwen2.5-1.5B-Instruct,"Not applicable, as all passages state that the Roman Empire was already known and documented before any discovery of it.",Roman Empire,0,0,0.1904761904761905,,judge-stub/unwired,114,22,0.909338693000791,1,0.0,8.840792848618801e-05,919.1021779961375,9.763484995346516,909.338693000791,0.0,19e1267e270fb26a4e6da10a2e33f407c4cde82d,7fdc85f695827cd40610ae43ca440f13cb399989fda72657811baf795f8607dc,2026-09-19T14:28:50.981815+00:00,measured,measured,0.0,0
954,00b78e926154ae410415dd3bff0d95dc06a1812995d614f9dba7a6fabac25088,2,nq:0067,L1,v1,Qwen/Qwen2.5-1.5B-Instruct,"Not applicable, as all references do not provide a specific discoverer of the Roman Empire.",Roman Empire,0,0,0.2666666666666667,,judge-stub/unwired,114,18,0.7464736609999818,1,0.0,7.257382815277601e-05,751.4183499970386,4.944688997056801,746.4736609999818,0.0,19e1267e270fb26a4e6da10a2e33f407c4cde82d,7fdc85f695827cd40610ae43ca440f13cb399989fda72657811baf795f8607dc,2026-09-19T14:28:51.990870+00:00,measured,measured,0.0,0
955,824ff672a7a57507ac19dd12da603cbbe9689dedcfda810d96d58ec35ee6a0b2,0,nq:0068,L1,v1,Qwen/Qwen2.5-1.5B-Instruct,James Watson and Francis Crick,DNA,0,0,0.0,,judge-stub/unwired,103,6,0.2893761720006296,1,0.0,2.813379450006121e-05,300.50950900113094,11.133337000501342,289.3761720006296,0.0,19e1267e270fb26a4e6da10a2e33f407c4cde82d,7fdc85f695827cd40610ae43ca440f13cb399989fda72657811baf795f8607dc,2026-09-19T14:28:52.529253+00:00,measured,measured,0.0,0
956,5f93d1c8c0f92d3f7d565f5568b6a5c3b36ee7c8fb2ee760b4976a2ab6c48e66,1,nq:0068,L1,v1,Qwen/Qwen2.5-1.5B-Instruct,James Watson and Francis Crick discovered DNA.,DNA,0,0,0.25,,judge-stub/unwired,103,9,0.40770916800011037,1,0.0,3.963839133334406e-05,416.2314620034522,8.522294003341813,407.70916800011037,0.0,19e1267e270fb26a4e6da10a2e33f407c4cde82d,7fdc85f695827cd40610ae43ca440f13cb399989fda72657811baf795f8607dc,2026-09-19T14:28:53.193275+00:00,measured,measured,0.0,0
957,7bb26c2e3004adb3eff74e823f9de53dd34faca751d987a854b028685ba5d849,2,nq:0068,L1,v1,Qwen/Qwen2.5-1.5B-Instruct,"James Watson and Francis Crick

This question asks for the discoverer of DNA, which can be directly answered from the given passage as ""James Watson and Francis Crick"" were the co-discoverers of the double helix structure of DNA in 1953. The information provided in each of the five passages is consistent and supports this conclusion. Each passage contains the same key details about DNA's discovery and documentation, confirming that it was James Watson and Francis Crick who made the significant scientific contribution to understanding DNA's structure and function. 

While the question does not specify an exact number or order of the discoveries mentioned (which could imply different individuals), the context clearly indicates that these two scientists are responsible for the initial discovery of DNA's structure. Thus, the concise answer provided reflects their collective achievement in identifying the double-helix structure of DNA. [Answer]: James Watson and Francis Crick [Explanation]: The passage states that DNA carries genetic instructions in a double-helix structure discovered in 1953 by James Watson and Francis Crick, making them the primary discoverers of this crucial biological molecule. [Note]: This response emphasizes the collaborative nature of their work while acknowledging the specific individual credited with the discovery of DNA's structure.",DNA,0,0,0.010638297872340425,,judge-stub/unwired,103,251,10.653159096000309,1,0.0,0.0010357238010000299,10662.151468997763,8.992372997454368,10653.159096000309,0.0,19e1267e270fb26a4e6da10a2e33f407c4cde82d,7fdc85f695827cd40610ae43ca440f13cb399989fda72657811baf795f8607dc,2026-09-19T14:29:04.130235+00:00,measured,measured,0.0,0
958,0d23eac2bf47384005bfa4141f1b55441d4596d106cf1c93babf8b3ab645cf47,0,nq:0069,L1,v1,Qwen/Qwen2.5-1.5B-Instruct,"16th century AD

The Mona Lisa was created during the Italian Renaissance, which took place roughly from the late 14th to early 17th centuries (roughly 1400-1600 AD). So ""Mona Lisa"" happened between 1400 and 1600 AD. However, as this passage does not provide specific details about its creation year or decade, we can only conclude that it happened within the period of the Italian Renaissance. Therefore, a more precise answer would be that it happened around 16th century AD, though there's no exact date provided in these passages for its creation. 

Given the available information, the most accurate and concise response based on the context provided is:

Answer: 16th century AD",Mona Lisa,0,0,0.03773584905660378,,judge-stub/unwired,125,163,7.18420103400058,1,0.0,0.000698463989416723,7190.261968000414,6.060933999833651,7184.20103400058,0.0,19e1267e270fb26a4e6da10a2e33f407c4cde82d,7fdc85f695827cd40610ae43ca440f13cb399989fda72657811baf795f8607dc,2026-09-19T14:29:11.629319+00:00,measured,measured,0.0,0
959,33336e00e9d7719ecd2592857a809a8e46554d55469f6940cb041ed17859f299,1,nq:0069,L1,v1,Qwen/Qwen2.5-1.5B-Instruct,16th century,Mona Lisa,0,0,0.0,,judge-stub/unwired,125,5,0.25781403400014824,1,0.0,2.506525330556997e-05,266.3516130005519,8.537579000403639,257.81403400014824,0.0,19e1267e270fb26a4e6da10a2e33f407c4cde82d,7fdc85f695827cd40610ae43ca440f13cb399989fda72657811baf795f8607dc,2026-09-19T14:29:12.146510+00:00,measured,measured,0.0,0
960,cbe7408de55c60001fadfa54cbf4a690557804e07ba56d12a6119217a16d5228,2,nq:0069,L1,v1,Qwen/Qwen2.5-1.5B-Instruct,"16th century, specifically during the Renaissance period.",Mona Lisa,0,0,0.0,,judge-stub/unwired,125,12,0.5287902469999608,1,0.0,5.1410162902773963e-05,537.8336290004881,9.043382000527345,528.7902469999608,0.0,19e1267e270fb26a4e6da10a2e33f407c4cde82d,7fdc85f695827cd40610ae43ca440f13cb399989fda72657811baf795f8607dc,2026-09-19T14:29:12.941009+00:00,measured,measured,0.0,0
961,a6752c8fbfed1304718ac4982371e142a82b930677bc3dc554f2c48c758c9714,0,nq:0070,L1,v1,Qwen/Qwen2.5-1.5B-Instruct,Learning representations through layered weighted connections.,neural networks,0,0,0.0,,judge-stub/unwired,96,7,0.3177912829996785,1,0.0,3.089637473607985e-05,324.0711230027955,6.279840003116988,317.7912829996785,0.0,19e1267e270fb26a4e6da10a2e33f407c4cde82d,7fdc85f695827cd40610ae43ca440f13cb399989fda72657811baf795f8607dc,2026-09-19T14:29:13.530607+00:00,measured,measured,0.0,0
962,b236b1712ebe140cb7116d6621f76cb85cbb8bfc64e2624bd32638a11104904b,1,nq:0070,L1,v1,Qwen/Qwen2.5-1.5B-Instruct,"Neural networks are known for learning representations through layered weighted connections, a process that is widely documented in literature and research. 

The passage emphasizes this fundamental characteristic of neural networks by repeating it multiple times, indicating its importance as a defining feature. The additional details provided about its widespread documentation further reinforce its significance within the field of artificial intelligence and machine learning. Therefore, neural networks are primarily recognized for their ability to learn from data through interconnected layers, where each layer processes information based on the weights assigned to its connections. This capability allows them to adapt and improve performance over time, making them versatile tools in various applications such as image recognition, natural language processing, and more. Despite variations in implementation and complexity across different models, the core concept remains central to understanding how these systems function.",neural networks,0,0,0.02985074626865672,,judge-stub/unwired,96,154,6.0205620240003554,1,0.0,0.0005853324190000346,6025.195633998919,4.63360999856377,6020.562024000355,0.0,19e1267e270fb26a4e6da10a2e33f407c4cde82d,7fdc85f695827cd40610ae43ca440f13cb399989fda72657811baf795f8607dc,2026-09-19T14:29:19.798098+00:00,measured,measured,0.0,0
963,0b14f8a9777783033fc2b01e32cafe4670c8fa0f1d6ccd4d9598d5a80abb9e1f,2,nq:0070,L1,v1,Qwen/Qwen2.5-1.5B-Instruct,"Learning representations through layered weighted connections, as widely documented in the literature. 

The passage discusses that neural networks are known to learn representations by using layers of interconnected nodes or neurons, each with weights assigned to their connections. This learning process allows neural networks to recognize patterns and make predictions based on input data. The term ""widely documented"" emphasizes how this concept has been consistently supported and validated across various studies and research papers within the field of artificial intelligence and machine learning. Therefore, neural networks are primarily recognized for their ability to extract meaningful features from raw data through a hierarchical structure of connected nodes. [Reference]: [1][2][3][4][5]",neural networks,0,0,0.03669724770642201,,judge-stub/unwired,96,132,5.97029919400029,1,0.0,0.0005804457549722505,5975.216922001891,4.917728001601063,5970.29919400029,0.0,19e1267e270fb26a4e6da10a2e33f407c4cde82d,7fdc85f695827cd40610ae43ca440f13cb399989fda72657811baf795f8607dc,2026-09-19T14:29:26.029814+00:00,measured,measured,0.0,0
964,e34e2f1a92f8a68c7684ccf207456787cc07e0aa98c5b88c7d6b140fd47a54c3,0,nq:0071,L1,v1,Qwen/Qwen2.5-1.5B-Instruct,"Not explicitly stated, but it's widely documented that the Renaissance began around the 14th century and continued until the early 17th century. No specific individual is credited for its discovery.",Renaissance,0,0,0.0689655172413793,,judge-stub/unwired,128,40,1.6416942349997043,1,0.0,0.00015960916173608235,1647.438905000854,5.744670001149643,1641.6942349997043,0.0,19e1267e270fb26a4e6da10a2e33f407c4cde82d,7fdc85f695827cd40610ae43ca440f13cb399989fda72657811baf795f8607dc,2026-09-19T14:29:27.926717+00:00,measured,measured,0.0,0
965,69355b639a4c1f30f5c9ccb024d50c3983a2cbb4c787445d6f7568466020fe76,1,nq:0071,L1,v1,Qwen/Qwen2.5-1.5B-Instruct,"None, as it is an established historical period and not attributed to any single discovery.",Renaissance,0,0,0.0,,judge-stub/unwired,128,17,0.7282496930001798,1,0.0,7.080205348612859e-05,732.580162004524,4.330469004344195,728.2496930001798,0.0,19e1267e270fb26a4e6da10a2e33f407c4cde82d,7fdc85f695827cd40610ae43ca440f13cb399989fda72657811baf795f8607dc,2026-09-19T14:29:28.928572+00:00,measured,measured,0.0,0
966,3b2859092c45bf979adcd9c6ca1cdb4918d72fd364a2cb27cb309ae577b7a8cd,2,nq:0071,L1,v1,Qwen/Qwen2.5-1.5B-Instruct,"None, as it is a term that refers to a historical period rather than an individual discovery.",Renaissance,0,0,0.0,,judge-stub/unwired,128,19,0.8206126430004588,1,0.0,7.978178473615571e-05,828.7406129957162,8.127969995257445,820.6126430004588,0.0,19e1267e270fb26a4e6da10a2e33f407c4cde82d,7fdc85f695827cd40610ae43ca440f13cb399989fda72657811baf795f8607dc,2026-09-19T14:29:30.004110+00:00,measured,measured,0.0,0
967,8b41ac8e5e972d4781289ef98eda05c87abf1320077d697ec16cb851a492bc09,0,nq:0072,L1,v1,Qwen/Qwen2.5-1.5B-Instruct,"Not applicable, as there is no mention of discovery in the given passages.",Eiffel Tower,0,0,0.0,,judge-stub/unwired,119,15,0.6531201469997541,1,0.0,6.349779206942053e-05,657.2756599935019,4.155512993747834,653.1201469997541,0.0,19e1267e270fb26a4e6da10a2e33f407c4cde82d,7fdc85f695827cd40610ae43ca440f13cb399989fda72657811baf795f8607dc,2026-09-19T14:29:30.971894+00:00,measured,measured,0.0,0
968,551a16d9a55f2ecfe3f8aeeab9f78493631b996abd86d9369796d00841b428c6,1,nq:0072,L1,v1,Qwen/Qwen2.5-1.5B-Instruct,Not applicable as there is no information about its discovery in the given passages.,Eiffel Tower,0,0,0.0,,judge-stub/unwired,119,15,0.6551793369999359,1,0.0,6.369799109721598e-05,663.5237780046737,8.344441004737746,655.1793369999359,0.0,19e1267e270fb26a4e6da10a2e33f407c4cde82d,7fdc85f695827cd40610ae43ca440f13cb399989fda72657811baf795f8607dc,2026-09-19T14:29:31.879020+00:00,measured,measured,0.0,0
969,0de2e7e62e517ec744fc8d4e252c9c73df88b87653ff6a923804cae6c6f1944c,2,nq:0072,L1,v1,Qwen/Qwen2.5-1.5B-Instruct,Not mentioned in the passage,Eiffel Tower,0,0,0.0,,judge-stub/unwired,119,5,0.27164722100042127,1,0.0,2.6410146486152065e-05,279.0944930011392,7.4472720007179305,271.64722100042127,0.0,19e1267e270fb26a4e6da10a2e33f407c4cde82d,7fdc85f695827cd40610ae43ca440f13cb399989fda72657811baf795f8607dc,2026-09-19T14:29:32.421002+00:00,measured,measured,0.0,0
970,3980708a8a5ffc60661c833b5c7be81766b616b0cd5a1533a635f7b315fa1cc5,0,nq:0073,L1,v1,Qwen/Qwen2.5-1.5B-Instruct,"The Mona Lisa, painted by Leonardo da Vinci and currently hanging in the Louvre in Paris, is renowned for its enigmatic smile and detailed portrait of a woman. It has been extensively documented and is one of the most famous paintings in the world.",Mona Lisa,0,0,0.09756097560975609,,judge-stub/unwired,121,50,2.649217229999522,1,0.0,0.00025756278624995346,2658.2164789952003,8.9992489956785,2649.217229999522,0.0,19e1267e270fb26a4e6da10a2e33f407c4cde82d,7fdc85f695827cd40610ae43ca440f13cb399989fda72657811baf795f8607dc,2026-09-19T14:29:35.351479+00:00,measured,measured,0.0,0
971,b0fe5f13ca92ad88fc5e788eb2267ae6cd729e0b3d01a15743892d1b3b8ee180,1,nq:0073,L1,v1,Qwen/Qwen2.5-1.5B-Instruct,"Widely documented painting of a mysterious woman, often referred to as ""La Joconde"" in French. Answer: The Mona Lisa is a famous portrait painting by Leonardo da Vinci, widely documented and known for its enigmatic smile.",Mona Lisa,0,0,0.1142857142857143,,judge-stub/unwired,121,46,1.8732547340005112,1,0.0,0.00018212198802782748,1877.8545660061354,4.599832005624194,1873.2547340005112,0.0,19e1267e270fb26a4e6da10a2e33f407c4cde82d,7fdc85f695827cd40610ae43ca440f13cb399989fda72657811baf795f8607dc,2026-09-19T14:29:37.554188+00:00,measured,measured,0.0,0
972,168c494628ad0b66e6ab7ce80b6c133b508364afd1af7103e658afb16a808898,2,nq:0073,L1,v1,Qwen/Qwen2.5-1.5B-Instruct,"Known for its enigmatic smile and detailed portrait of a woman. 

The Mona Lisa, painted by Leonardo da Vinci and currently housed at the Louvre in Paris, is renowned for its famous enigmatic smile and intricate depiction of a sitter who remains unnamed. Despite her mysterious expression, many people believe she was the wife or mistress of Italian statesman Francesco del Giocondo, though this has never been proven definitively. Her features are meticulously rendered, capturing both her personality and historical context.",Mona Lisa,0,0,0.05128205128205127,,judge-stub/unwired,121,99,3.9394107190000796,1,0.0,0.00038299826434722993,3949.3023899976833,9.891670997603796,3939.4107190000796,0.0,19e1267e270fb26a4e6da10a2e33f407c4cde82d,7fdc85f695827cd40610ae43ca440f13cb399989fda72657811baf795f8607dc,2026-09-19T14:29:41.745904+00:00,measured,measured,0.0,0
973,f7e255780ef134d3832df649cbcb8d593a3aa52448b69a9bdff6b85d2ad4914a,0,nq:0074,L1,v1,Qwen/Qwen2.5-1.5B-Instruct,"No specific individual is credited as discovering photosynthesis, it was first described by Joseph Priestley in 1770 and later refined by Antoine Lavoisier in the early 19th century. The discovery process involved a series of experiments that demonstrated how plants convert sunlight into chemical energy through their leaves. Over time, these processes were further developed and detailed, but no single person can be credited with its original discovery.",photosynthesis,0,0,0.030303030303030307,,judge-stub/unwired,96,86,3.43819749999966,1,0.0,0.00033426920138885584,3445.682993995433,7.48549399577314,3438.19749999966,0.0,19e1267e270fb26a4e6da10a2e33f407c4cde82d,7fdc85f695827cd40610ae43ca440f13cb399989fda72657811baf795f8607dc,2026-09-19T14:29:45.439804+00:00,measured,measured,0.0,0
974,fa63161471ad0e233ceb749c02d668db59c0a0b956de53d7e13aa3f57468aafc,1,nq:0074,L1,v1,Qwen/Qwen2.5-1.5B-Instruct,"Not known for certain, as it has been a subject of scientific study and discovery over many years. The process was first described by Robert Hooke in 1665 through his observations of cork cells under a microscope. However, the modern understanding of photosynthesis as we know it today would not have existed without subsequent discoveries and advancements in botany and chemistry. The exact person to whom credit should be given may never be definitively determined due to the collaborative nature of scientific research over centuries. 

However, based on available information from [1], [2], [3], and [4], the most relevant passage indicates that photosynthesis is ""widely documented"" but does not specify who discovered it. Thus, while there are numerous scientists involved in the development of our current understanding of photosynthesis, no single individual can claim to have discovered the process itself. Instead, the knowledge of photosynthesis's mechanism likely evolved through various contributions and discoveries made over time across multiple fields of science. 

Given this context, a concise answer could be:

Photosynthesis was not discovered by one individual, but rather developed through extensive research and collaboration over centuries involving many scientists in different disciplines. The initial observations were made by Robert Hooke in 1665 when he observed plant cell structures",photosynthesis,0,0,0.010101010101010102,,judge-stub/unwired,96,256,10.594527635999839,1,0.0,0.001030023520166651,10599.257606998435,4.7299709985964,10594.527635999839,0.0,19e1267e270fb26a4e6da10a2e33f407c4cde82d,7fdc85f695827cd40610ae43ca440f13cb399989fda72657811baf795f8607dc,2026-09-19T14:29:56.292827+00:00,measured,measured,0.0,0
975,2a552a04061837064158f1b9899ecadd59afa957df90d8ebceedf21539ccda04,2,nq:0074,L1,v1,Qwen/Qwen2.5-1.5B-Instruct,"No one has been definitively credited as the discoverer of photosynthesis, but it was likely first observed by early naturalists and scientists studying plants. The process is now well-documented through scientific research and experimentation.",photosynthesis,0,0,0.05882352941176471,,judge-stub/unwired,96,43,1.836278394999681,1,0.0,0.00017852706618052454,1840.7282949992805,4.449899999599438,1836.278394999681,0.0,19e1267e270fb26a4e6da10a2e33f407c4cde82d,7fdc85f695827cd40610ae43ca440f13cb399989fda72657811baf795f8607dc,2026-09-19T14:29:58.391222+00:00,measured,measured,0.0,0
976,2b3d1ad29b826267ce0abfa4d0bf9216f34f17c1d95a5100734041154324a0fc,0,nq:0075,L1,v1,Qwen/Qwen2.5-1.5B-Instruct,"Throughout history, humans have observed gravitational phenomena and developed theories to explain them, such as Isaac Newton's law of universal gravitation in the 17th century. The understanding of gravity has evolved over time through scientific advancements and discoveries.",gravity,0,0,0.052631578947368425,,judge-stub/unwired,100,47,2.440779741999904,1,0.0,0.00023729803047221288,2445.02363599986,4.243893999955617,2440.779741999904,0.0,19e1267e270fb26a4e6da10a2e33f407c4cde82d,7fdc85f695827cd40610ae43ca440f13cb399989fda72657811baf795f8607dc,2026-09-19T14:30:01.092308+00:00,measured,measured,0.0,0
977,7b4ce7d88f62b78d8584b62c7c48489c134ebfa85c6a2364a5b610b255431795,1,nq:0075,L1,v1,Qwen/Qwen2.5-1.5B-Instruct,"Throughout history, gravity has been observed and studied through various phenomena like falling objects and celestial bodies interacting in space. It was first described by Isaac Newton as an inverse-square force acting over any two masses. Albert Einstein later unified it with his theory of relativity, suggesting that gravity is a curvature of spacetime caused by mass or energy. Gravity continues to be a fundamental aspect of physics, influencing everything from the largest scales of cosmology to everyday experiences on Earth.",gravity,0,0,0.02531645569620253,,judge-stub/unwired,100,92,3.7453703599994697,1,0.0,0.0003641332294443929,3750.2881939972212,4.917833997751586,3745.3703599994697,0.0,19e1267e270fb26a4e6da10a2e33f407c4cde82d,7fdc85f695827cd40610ae43ca440f13cb399989fda72657811baf795f8607dc,2026-09-19T14:30:05.109318+00:00,measured,measured,0.0,0
978,93b8eeff78bdc8aee8dcff32551d044f5cc983a88b886110db4cdcd8b665dc5b,2,nq:0075,L1,v1,Qwen/Qwen2.5-1.5B-Instruct,"Never, as gravity has always existed since the Big Bang.",gravity,0,0,0.19999999999999998,,judge-stub/unwired,100,12,0.5233786850003526,1,0.0,5.088403881947872e-05,529.1333709974424,5.754685997089837,523.3786850003526,0.0,19e1267e270fb26a4e6da10a2e33f407c4cde82d,7fdc85f695827cd40610ae43ca440f13cb399989fda72657811baf795f8607dc,2026-09-19T14:30:05.922205+00:00,measured,measured,0.0,0
979,95dd1e6da6b8a30e34650c20bf7bc6537b89a7ed6483809baadba1d902147017,0,nq:0076,L1,v1,Qwen/Qwen2.5-1.5B-Instruct,"The Mona Lisa is located in the Louvre, Paris.",Mona Lisa,0,0,0.4444444444444445,,judge-stub/unwired,120,12,0.5279752770002233,1,0.0,5.133092970835504e-05,532.2097070020391,4.234430001815781,527.9752770002233,0.0,19e1267e270fb26a4e6da10a2e33f407c4cde82d,7fdc85f695827cd40610ae43ca440f13cb399989fda72657811baf795f8607dc,2026-09-19T14:30:06.726452+00:00,measured,measured,0.0,0
980,1aeb711fb2f4e4b3bb7f968017a1f0e9b3ee79c72fd2fbf9cf21441c27bbee17,1,nq:0076,L1,v1,Qwen/Qwen2.5-1.5B-Instruct,"The Mona Lisa is located in the Louvre, Paris.",Mona Lisa,0,0,0.4444444444444445,,judge-stub/unwired,120,12,0.5347330300000976,1,0.0,5.198793347223171e-05,543.8601569994717,9.127126999374013,534.7330300000976,0.0,19e1267e270fb26a4e6da10a2e33f407c4cde82d,7fdc85f695827cd40610ae43ca440f13cb399989fda72657811baf795f8607dc,2026-09-19T14:30:07.554887+00:00,measured,measured,0.0,0
981,54c1126fa05b681bd12f63fd151dfdb084c8d3d0e28bf2f2a6ce20d01a51b125,2,nq:0076,L1,v1,Qwen/Qwen2.5-1.5B-Instruct,"The Mona Lisa is located in the Louvre, Paris.",Mona Lisa,0,0,0.4444444444444445,,judge-stub/unwired,120,12,0.5271594239993647,1,0.0,5.12516106666049e-05,531.4276890012479,4.268265001883265,527.1594239993647,0.0,19e1267e270fb26a4e6da10a2e33f407c4cde82d,7fdc85f695827cd40610ae43ca440f13cb399989fda72657811baf795f8607dc,2026-09-19T14:30:08.329601+00:00,measured,measured,0.0,0
982,a0a13daebdf3aa665ce61b4bcd13f6e7e0254c100d63592154d38894bdf8f36e,0,nq:0077,L1,v1,Qwen/Qwen2.5-1.5B-Instruct,not known definitively,Mount Everest,0,0,0.0,,judge-stub/unwired,99,4,0.2091902599995592,1,0.0,2.033794194440159e-05,217.34760900199035,8.157349002431147,209.1902599995592,0.0,19e1267e270fb26a4e6da10a2e33f407c4cde82d,7fdc85f695827cd40610ae43ca440f13cb399989fda72657811baf795f8607dc,2026-09-19T14:30:08.805948+00:00,measured,measured,0.0,0
983,61b796e46ae528e2689ca2319a9f84c6c0011b98fdc7048019efb9907f6521af,1,nq:0077,L1,v1,Qwen/Qwen2.5-1.5B-Instruct,Not mentioned in the passage.,Mount Everest,0,0,0.0,,judge-stub/unwired,99,6,0.29451985500054434,1,0.0,2.8633874791719588e-05,299.6892760056653,5.169421005120967,294.51985500054434,0.0,19e1267e270fb26a4e6da10a2e33f407c4cde82d,7fdc85f695827cd40610ae43ca440f13cb399989fda72657811baf795f8607dc,2026-09-19T14:30:09.357565+00:00,measured,measured,0.0,0
984,a6c765b8fdc81dee06e41c4376420ab08b88d11110670c04873879dbb4053868,2,nq:0077,L1,v1,Qwen/Qwen2.5-1.5B-Instruct,"No one definitively knows who first discovered Mount Everest; it was likely British surveyor George Everest who named it after himself in 1865. However, there are records of earlier explorers such as Sir Andrew Waugh and others who may have ascended to its summit at some point before his time. The exact discovery date remains uncertain due to conflicting accounts from different sources. Based on available historical evidence, Mount Everest's name became synonymous with this particular mountain when George Everest officially designated it for use by geographers in 1865. It wasn't until later that detailed scientific measurements confirmed its height using a new technique known as triangulation.",Mount Everest,0,0,0.03669724770642201,,judge-stub/unwired,99,132,5.964629991000038,1,0.0,0.0005798945824583371,5969.152704003136,4.522713003098033,5964.629991000038,0.0,19e1267e270fb26a4e6da10a2e33f407c4cde82d,7fdc85f695827cd40610ae43ca440f13cb399989fda72657811baf795f8607dc,2026-09-19T14:30:15.603648+00:00,measured,measured,0.0,0
985,0d07c78da20715c98cd553b2d26a16eee85512b6a6c0327de618d34351a263ff,0,nq:0078,L1,v1,Qwen/Qwen2.5-1.5B-Instruct,"The Amazon River is located in South America. 

Justification: Based on the information provided in the passage, which states that the Amazon River ""carries more water than any other river in the world"" and is ""widely documented,"" we can infer its location as being in South America. While not explicitly stated, this context suggests it's a major geographical feature associated with South American geography. However, for precise details about its specific location within South America, one would need to refer to additional sources or maps.",Amazon River,0,0,0.04878048780487806,,judge-stub/unwired,120,103,4.078758036999716,1,0.0,0.0003965459202638612,4086.5861999973276,7.828162997611798,4078.758036999716,0.0,19e1267e270fb26a4e6da10a2e33f407c4cde82d,7fdc85f695827cd40610ae43ca440f13cb399989fda72657811baf795f8607dc,2026-09-19T14:30:20.021338+00:00,measured,measured,0.0,0
986,8121e5877ec2f21675b3148a669d465da979e176fe3d5d3c217602e46d159618,1,nq:0078,L1,v1,Qwen/Qwen2.5-1.5B-Instruct,"South America

The Amazon River flows through several countries, including Brazil, Peru, Colombia, Ecuador, and others. Its course crosses parts of nine different countries before emptying into the Atlantic Ocean near Belem, Brazil. It has no fixed path but meanders over a wide area. In terms of its location, it spans multiple continents and countries due to its extensive drainage basin.",Amazon River,0,0,0.06666666666666667,,judge-stub/unwired,120,76,3.030743306999284,1,0.0,0.00029465559929159704,3039.360486001897,8.61717900261283,3030.743306999284,0.0,19e1267e270fb26a4e6da10a2e33f407c4cde82d,7fdc85f695827cd40610ae43ca440f13cb399989fda72657811baf795f8607dc,2026-09-19T14:30:23.306611+00:00,measured,measured,0.0,0
987,3f2ab859e686af8b7c9ea9879575dafe0ef95b295c99bac87b19ff63d842bee3,2,nq:0078,L1,v1,Qwen/Qwen2.5-1.5B-Instruct,"South America, specifically Brazil and parts of Peru, Colombia, Ecuador, Venezuela, and Guyana.",Amazon River,0,0,0.0,,judge-stub/unwired,120,20,1.0667952769999829,1,0.0,0.00010371620748610945,1075.4280259989173,8.632748998934403,1066.795276999983,0.0,19e1267e270fb26a4e6da10a2e33f407c4cde82d,7fdc85f695827cd40610ae43ca440f13cb399989fda72657811baf795f8607dc,2026-09-19T14:30:24.676784+00:00,measured,measured,0.0,0
988,d27076b3f5706fc603a368eb58c6a875e3f1549283cf1e3276294167a23db3fc,0,nq:0079,L1,v1,Qwen/Qwen2.5-1.5B-Instruct,"London, England",Shakespeare,0,0,0.0,,judge-stub/unwired,94,3,0.25946769199981645,1,0.0,2.5226025611093265e-05,265.33113100049377,5.863439000677317,259.46769199981645,0.0,19e1267e270fb26a4e6da10a2e33f407c4cde82d,7fdc85f695827cd40610ae43ca440f13cb399989fda72657811baf795f8607dc,2026-09-19T14:30:25.204718+00:00,measured,measured,0.0,0
989,ddc54d06a2fe30a41f2ff9db4d16dab89570dc527548e4505174c0075dd42ce7,1,nq:0079,L1,v1,Qwen/Qwen2.5-1.5B-Instruct,"England, United Kingdom",Shakespeare,0,0,0.0,,judge-stub/unwired,94,4,0.325863701000344,1,0.0,3.168119315281122e-05,330.2856939990306,4.421992998686619,325.863701000344,0.0,19e1267e270fb26a4e6da10a2e33f407c4cde82d,7fdc85f695827cd40610ae43ca440f13cb399989fda72657811baf795f8607dc,2026-09-19T14:30:25.809274+00:00,measured,measured,0.0,0
990,b9b66bad01e97e6f17c7ca070395fb6f35613f6a729b2368eec0e5121f26e240,2,nq:0079,L1,v1,Qwen/Qwen2.5-1.5B-Instruct,"London, England",Shakespeare,0,0,0.0,,judge-stub/unwired,94,3,0.1668895889997657,1,0.0,1.6225376708310553e-05,171.31622799570323,4.426638995937537,166.8895889997657,0.0,19e1267e270fb26a4e6da10a2e33f407c4cde82d,7fdc85f695827cd40610ae43ca440f13cb399989fda72657811baf795f8607dc,2026-09-19T14:30:26.244168+00:00,measured,measured,0.0,0
991,477913d4ac5325debbda0894bea9428222dfd5b52aa2adf2035ae2c559954e53,0,triviaqa:0000,L1,v1,Qwen/Qwen2.5-1.5B-Instruct,"Fact 1

This is because it is the only passage that includes all the information provided, including the name of the artist and the location where the painting is located. 

The other facts simply repeat this information without adding any additional details or variations. Therefore, they are not the ""fact"" being referred to in the question. To be considered a ""fact,"" it must contain unique information beyond what's already stated in other passages. In this case, there isn't any other passage providing more specific or different information about the Mona Lisa besides its current location. Hence, Fact 1 stands out as the one being referred to. 

It’s worth noting that despite the repetition in some of the passages (passages 2-5), each passage still contains the same core information which makes them equivalent for our purposes here. However, since we need to identify exactly which one matches the given statement, Fact 1 is selected as the correct answer based on the provided context and instructions.",Mona Lisa,0,0,0.026490066225165563,,judge-stub/unwired,135,197,7.866633706999892,1,0.0,0.0007648116104027672,7871.524600003795,4.890893003903329,7866.633706999892,0.0,19e1267e270fb26a4e6da10a2e33f407c4cde82d,7fdc85f695827cd40610ae43ca440f13cb399989fda72657811baf795f8607dc,2026-09-19T14:30:34.357166+00:00,measured,measured,0.0,0
992,007b123c4dd8c5663742115683e26a983ecdb55b78b145f3e7ca3d0e43a4a79a,1,triviaqa:0000,L1,v1,Qwen/Qwen2.5-1.5B-Instruct,"Fact 1

This question asks for a concise summary of which specific piece of information about the Mona Lisa is described in all five given passages. All five passages describe the same facts about the Mona Lisa, including its artist (Leonardo da Vinci), location (Louvre in Paris), and that it is widely documented. Therefore, any one of these statements could be considered correct answers to this question since they are all identical across all five provided examples. However, if we must choose only one based on the order or specificity requested, then ""Fact 1"" might be seen as slightly more precise due to its initial placement among the options. But logically, each passage essentially conveys the same exact information. Thus, I would conclude by stating that all five passages convey the same essential information regarding the Mona Lisa's identity, location, and documentation status. Given the instructions, an appropriate concise response remains:

Answer: Fact 1",Mona Lisa,0,0,0.0273972602739726,,judge-stub/unwired,135,185,8.006014519999553,1,0.0,0.0007783625227777343,8015.233692999573,9.21917300001951,8006.014519999553,0.0,19e1267e270fb26a4e6da10a2e33f407c4cde82d,7fdc85f695827cd40610ae43ca440f13cb399989fda72657811baf795f8607dc,2026-09-19T14:30:42.621984+00:00,measured,measured,0.0,0
993,a6488436c956f40e8489c2e3a74270938fe76c257cba1125aca038570660f379,2,triviaqa:0000,L1,v1,Qwen/Qwen2.5-1.5B-Instruct,"Fact 1

This is because it matches exactly with all other facts, indicating that the Mona Lisa painting was created by Leonardo da Vinci and hangs at the Louvre in Paris. 

The other facts contain additional details such as ""widely documented,"" which do not match this specific statement about who painted the Mona Lisa or where it is located. Therefore, they are not considered as a direct match to the given statement.",Mona Lisa,0,0,0.05882352941176471,,judge-stub/unwired,135,84,3.3228066149995357,1,0.0,0.0003230506431249548,3327.806205993511,4.999590993975289,3322.8066149995357,0.0,19e1267e270fb26a4e6da10a2e33f407c4cde82d,7fdc85f695827cd40610ae43ca440f13cb399989fda72657811baf795f8607dc,2026-09-19T14:30:46.213032+00:00,measured,measured,0.0,0
994,f1e36f1c1c2ce00dc968065695ce8999c03fd3f0c58f8bd86f3c05c90766334c,0,triviaqa:0001,L1,v1,Qwen/Qwen2.5-1.5B-Instruct,"Photosynthesis, as described, occurs in plant chloroplasts and converts light energy into chemical energy. 

This answer directly addresses the core elements of the question by specifying that it's about photosynthesis occurring in plant chloroplasts and converting light energy to chemical energy. The passage mentions ""widely documented"" which further supports the accuracy of this information, but for the specific details asked, the key points are where it happens (in plant chloroplasts) and how it works (converting light energy to chemical energy). This concise response encapsulates the essential aspects without extraneous information.",photosynthesis,0,0,0.023529411764705882,,judge-stub/unwired,112,117,5.373779225999897,1,0.0,0.0005224507580833233,5381.859578999865,8.080352999968454,5373.779225999897,0.0,19e1267e270fb26a4e6da10a2e33f407c4cde82d,7fdc85f695827cd40610ae43ca440f13cb399989fda72657811baf795f8607dc,2026-09-19T14:30:51.825771+00:00,measured,measured,0.0,0
995,9ed4fcf25a0080b3e945b79ac726dd0f70d6f55200f94ee2efb1c02011406076,1,triviaqa:0001,L1,v1,Qwen/Qwen2.5-1.5B-Instruct,Plant chloroplasts,photosynthesis,0,0,0.0,,judge-stub/unwired,112,4,0.21066335399973468,1,0.0,2.048115941664087e-05,215.8346780024658,5.171324002731126,210.66335399973468,0.0,19e1267e270fb26a4e6da10a2e33f407c4cde82d,7fdc85f695827cd40610ae43ca440f13cb399989fda72657811baf795f8607dc,2026-09-19T14:30:52.281249+00:00,measured,measured,0.0,0
996,aab8fcac457173e1692210b4c1ca7345022697ab155f27e0bec37846a0f88e33,2,triviaqa:0001,L1,v1,Qwen/Qwen2.5-1.5B-Instruct,"Photosynthesis as described is associated with plants using chloroplasts to convert light energy into chemical energy. This process is widely documented and central to understanding life on Earth, particularly for organisms that rely on sunlight for survival. The term ""photosynthesis"" encompasses multiple stages including absorption of light, conversion into chemical energy through reactions involving proteins and enzymes within the chloroplast membranes. It's a fundamental biological process crucial for most forms of life, especially those requiring sunlight.",photosynthesis,0,0,0.026666666666666665,,judge-stub/unwired,112,91,3.6888166210001145,1,0.0,0.0003586349492639,3693.5188130037204,4.702192003605887,3688.8166210001145,0.0,19e1267e270fb26a4e6da10a2e33f407c4cde82d,7fdc85f695827cd40610ae43ca440f13cb399989fda72657811baf795f8607dc,2026-09-19T14:30:56.219337+00:00,measured,measured,0.0,0
997,bffda54733bc23f181a1778ba19c344498cef548709d785023c48d784c5ef470,0,triviaqa:0002,L1,v1,Qwen/Qwen2.5-1.5B-Instruct,"Fact [1], [2], [3], [4], and [5]. These are all describing that the Industrial Revolution began in Britain in the late 18th century, which is a widely documented event.",Industrial Revolution,0,0,0.14285714285714288,,judge-stub/unwired,123,44,1.7791595629996664,1,0.0,0.00017297384640274532,1784.7518380031033,5.592275003436953,1779.1595629996664,0.0,19e1267e270fb26a4e6da10a2e33f407c4cde82d,7fdc85f695827cd40610ae43ca440f13cb399989fda72657811baf795f8607dc,2026-09-19T14:30:58.228816+00:00,measured,measured,0.0,0
998,d714462d031b6b353ac8ac0fade3d26fc49f60691657d6132d88791e4afec988,1,triviaqa:0002,L1,v1,Qwen/Qwen2.5-1.5B-Instruct,"Fact 1 to Fact 5 describe that the Industrial Revolution began in Britain in the late 18th century. 

Explanation: All the given passages mention ""The Industrial Revolution began in Britain in the late 18th century"" and are listed together, indicating they all convey the same factual information about the start of the Industrial Revolution in Britain during the late 18th century. Therefore, these facts can be considered equivalent or describing the same event.",Industrial Revolution,0,0,0.06153846153846154,,judge-stub/unwired,123,93,3.9497215250003137,1,0.0,0.00038400070381947493,3958.40282500194,8.681300001626369,3949.7215250003137,0.0,19e1267e270fb26a4e6da10a2e33f407c4cde82d,7fdc85f695827cd40610ae43ca440f13cb399989fda72657811baf795f8607dc,2026-09-19T14:31:02.521230+00:00,measured,measured,0.0,0
999,32973e44fdad4b84a9e534ebab0fa1df7d771f2fc3bf00ae7d133c9e321b499d,2,triviaqa:0002,L1,v1,Qwen/Qwen2.5-1.5B-Instruct,"Fact [1], [2], [3], [4], and [5].",Industrial Revolution,0,0,0.0,,judge-stub/unwired,123,17,1.0228411440002674,1,0.0,9.9442889000026e-05,1027.7650550015096,4.923911001242232,1022.8411440002674,0.0,19e1267e270fb26a4e6da10a2e33f407c4cde82d,7fdc85f695827cd40610ae43ca440f13cb399989fda72657811baf795f8607dc,2026-09-19T14:31:03.807973+00:00,measured,measured,0.0,0
1000,a56188b0058236f7b9789996b4916515cabfff06bfd2f9f45034e94004ec31fa,0,triviaqa:0003,L1,v1,Qwen/Qwen2.5-1.5B-Instruct,Mona Lisa by Leonardo da Vinci,Mona Lisa,0,0,0.5,,judge-stub/unwired,136,6,0.3023431250003341,1,0.0,2.9394470486143592e-05,307.6728740015824,5.329749001248274,302.3431250003341,0.0,19e1267e270fb26a4e6da10a2e33f407c4cde82d,7fdc85f695827cd40610ae43ca440f13cb399989fda72657811baf795f8607dc,2026-09-19T14:31:04.383357+00:00,measured,measured,0.0,0
1001,521da1b4f83f2f3d2ce64bba0e6b88ff98dd5f585c5510e93f7bddf4a582f0a0,1,triviaqa:0003,L1,v1,Qwen/Qwen2.5-1.5B-Instruct,Mona Lisa,Mona Lisa,1,1,1.0,,judge-stub/unwired,136,2,0.13232914400032314,1,0.0,1.286533344447586e-05,143.23117899948556,10.902034999162424,132.32914400032314,0.0,19e1267e270fb26a4e6da10a2e33f407c4cde82d,7fdc85f695827cd40610ae43ca440f13cb399989fda72657811baf795f8607dc,2026-09-19T14:31:04.759961+00:00,measured,measured,0.0,0
1002,e79d6198a5d106de4ee2cf64f45786704ecbdab38497d0ca363c17f2fdf9a215,2,triviaqa:0003,L1,v1,Qwen/Qwen2.5-1.5B-Instruct,"Mona Lisa

This passage describes a famous painting, ""The Mona Lisa,"" attributed to Italian Renaissance artist Leonardo da Vinci and currently housed at the Louvre Museum in Paris. It provides additional details such as its location (Louvre in Paris) and that it's widely documented, but these are not necessary for answering the specific question about the Mona Lisa itself. The Mona Lisa is often simply referred to or named when discussing paintings like this one. Therefore, the concise answer to the question is ""Mona Lisa."" 

However, if we need to provide an exact match from the given options:

- Option 1
- Option 2
- Option 3
- Option 4
- Option 5

All of these options correctly name the Mona Lisa based on the information provided. But since the question asks for a single answer and all are correct, any one of them would be valid. For clarity, let's choose one option:

**Option 1:** The Mona Lisa by Leonardo da Vinci hangs in the Louvre in Paris. Additional detail: Mona Lisa is widely documented. 

But note that all options are equally correct answers. If you must select one, any could be used. The context suggests selecting **Option 1** for completeness. 

Therefore, the",Mona Lisa,0,0,0.02173913043478261,,judge-stub/unwired,136,256,10.289857396000116,1,0.0,0.0010004028023889002,10302.363113000865,12.505717000749428,10289.857396000116,0.0,19e1267e270fb26a4e6da10a2e33f407c4cde82d,7fdc85f695827cd40610ae43ca440f13cb399989fda72657811baf795f8607dc,2026-09-19T14:31:15.298304+00:00,measured,measured,0.0,0
1003,746fc02aa987cd6bd435a3baba0390426a9381bda8c98ba7c9fd38a0fdd3afae,0,triviaqa:0004,L1,v1,Qwen/Qwen2.5-1.5B-Instruct,"Fact 1

This is because it is the first mention of a specific fact about the Mona Lisa being by Leonardo da Vinci and hanging in the Louvre, which matches exactly with what you're asking for. All subsequent facts are identical to this one due to their sequential numbering. 

The other options (facts 2-5) all have slightly different details but do not match the exact wording ""The Mona Lisa by Leonardo da Vinci hangs in the Louvre in Paris."" Therefore, none of them can be considered correct answers based on the given information.",Mona Lisa,0,0,0.04545454545454545,,judge-stub/unwired,135,111,4.66386289699949,1,0.0,0.0004534311149860615,4669.104829994467,5.241932994977105,4663.86289699949,0.0,19e1267e270fb26a4e6da10a2e33f407c4cde82d,7fdc85f695827cd40610ae43ca440f13cb399989fda72657811baf795f8607dc,2026-09-19T14:31:20.209906+00:00,measured,measured,0.0,0
1004,e1c9967c38f95b9599ecc00deec4b94605eb125a2bdc795a0570db65c6a83ebd,1,triviaqa:0004,L1,v1,Qwen/Qwen2.5-1.5B-Instruct,"Fact 1

The passage states that ""The Mona Lisa by Leonardo da Vinci hangs in the Louvre in Paris"" and describes it as being widely documented, making this the first (Fact 1) of the provided statements.",Mona Lisa,0,0,0.12121212121212122,,judge-stub/unwired,135,46,1.8501821139998356,1,0.0,0.00017987881663887289,1855.0245509959495,4.842436996113975,1850.1821139998356,0.0,19e1267e270fb26a4e6da10a2e33f407c4cde82d,7fdc85f695827cd40610ae43ca440f13cb399989fda72657811baf795f8607dc,2026-09-19T14:31:22.345449+00:00,measured,measured,0.0,0
1005,b5d392bc90636e2183e7c30c89c565b8ba58def97e337f1ffe5fc41fdb70bb02,2,triviaqa:0004,L1,v1,Qwen/Qwen2.5-1.5B-Instruct,"Fact 1

Explanation: Fact 1 is the only one that matches exactly with ""The Mona Lisa by Leonardo da Vinci hangs in the Louvre in Paris,"" which includes the additional details about its documentation and location. All other facts match this description word-for-word, but not to the same extent or include all details provided in the original sentence. Therefore, Fact 1 is the correct answer for a direct match.",Mona Lisa,0,0,0.06153846153846154,,judge-stub/unwired,135,84,3.3294683100002658,1,0.0,0.0003236983079166925,3334.324241001923,4.855931001657154,3329.468310000266,0.0,19e1267e270fb26a4e6da10a2e33f407c4cde82d,7fdc85f695827cd40610ae43ca440f13cb399989fda72657811baf795f8607dc,2026-09-19T14:31:25.943226+00:00,measured,measured,0.0,0
1006,2467c458a5169bd2357cc3b18a053d857ef496e8290ad29f278c26656f077f92,0,triviaqa:0005,L1,v1,Qwen/Qwen2.5-1.5B-Instruct,"Gravity is widely documented. 

This description matches exactly with statement [2]. The other statements all mention ""Newton's law of universal gravitation"" but do not specify that it describes an attraction between masses or that gravity is widely documented. Therefore, the correct answer based on this passage is:

Gravity is widely documented.",gravity,0,0,0.039999999999999994,,judge-stub/unwired,105,63,3.227045911999994,1,0.0,0.00031374057477777715,3235.5125019994375,8.466589999443386,3227.045911999994,0.0,19e1267e270fb26a4e6da10a2e33f407c4cde82d,7fdc85f695827cd40610ae43ca440f13cb399989fda72657811baf795f8607dc,2026-09-19T14:31:29.486466+00:00,measured,measured,0.0,0
1007,02b6392add26ab3fd6230c0268089b049aa0ced221230a0614cf7dbb51cbc32d,1,triviaqa:0005,L1,v1,Qwen/Qwen2.5-1.5B-Instruct,"Gravity is widely documented. 

This fact is described in passage [2], which states ""Newton's law of universal gravitation describes attraction between masses. Additional detail: gravity is widely documented."" The other passages also describe this same gravity fact, but they are not listed here because all five passages contain the exact same statement about gravity being widely documented.",gravity,0,0,0.03508771929824561,,judge-stub/unwired,105,69,2.7738390909999,1,0.0,0.0002696788005138791,2783.1326789946615,9.293587994761765,2773.8390909999,0.0,19e1267e270fb26a4e6da10a2e33f407c4cde82d,7fdc85f695827cd40610ae43ca440f13cb399989fda72657811baf795f8607dc,2026-09-19T14:31:32.554996+00:00,measured,measured,0.0,0
1008,9bce592c1b13f322ea3e1f127c6631c89c47b795908fc61493406f551457ecd7,2,triviaqa:0005,L1,v1,Qwen/Qwen2.5-1.5B-Instruct,Gravity is widely documented.,gravity,0,0,0.4,,judge-stub/unwired,105,5,0.24122479000016028,1,0.0,2.345241013890447e-05,245.94439000156854,4.719600001408253,241.22479000016028,0.0,19e1267e270fb26a4e6da10a2e33f407c4cde82d,7fdc85f695827cd40610ae43ca440f13cb399989fda72657811baf795f8607dc,2026-09-19T14:31:33.100398+00:00,measured,measured,0.0,0
1009,cbee696b20a15bbebe33b0c1f4500d4ebfc2d17ba579998e85b6fd7681081820,0,triviaqa:0006,L1,v1,Qwen/Qwen2.5-1.5B-Instruct,"Fact [1], [2], [3], [4], and [5].",Eiffel Tower,0,0,0.0,,judge-stub/unwired,135,17,0.7211849420000362,1,0.0,7.011520269444797e-05,726.7182910018164,5.533349001780152,721.1849420000362,0.0,19e1267e270fb26a4e6da10a2e33f407c4cde82d,7fdc85f695827cd40610ae43ca440f13cb399989fda72657811baf795f8607dc,2026-09-19T14:31:34.108561+00:00,measured,measured,0.0,0
1010,319dfd39d87ab8c3062d16c8fe2848d969558e5b50c8ee101e9c1cf4efc51792,1,triviaqa:0006,L1,v1,Qwen/Qwen2.5-1.5B-Instruct,"Fact #1, #2, #3, #4, and #5 all describe that the Eiffel Tower in Paris was completed in 1889 for the World's Fair. 

This statement is a summary of the additional details provided in each passage about the completion date of the Eiffel Tower for the World's Fair. It indicates that these facts are consistent across multiple sources. However, it does not provide specific information on any other aspects or characteristics of the Eiffel Tower such as its height, materials used, or historical significance beyond being constructed for the World's Fair in 1889. Therefore, while the statement accurately reflects the information given in the passages, it does not capture unique details related to the tower itself. 

The correct approach would be to summarize the main factual content (completion date) without adding extraneous information like detailed descriptions or other features. Hence, the concise answer should focus only on the primary data point mentioned in the question—namely, the completion year. This results in:

""The Eiffel Tower in Paris was completed in 1889 for the World's Fair.""",Eiffel Tower,0,0,0.025157232704402517,,judge-stub/unwired,135,231,9.941973749999306,1,0.0,0.0009665807812499325,9947.42364600097,5.449896001664456,9941.973749999306,0.0,19e1267e270fb26a4e6da10a2e33f407c4cde82d,7fdc85f695827cd40610ae43ca440f13cb399989fda72657811baf795f8607dc,2026-09-19T14:31:44.373448+00:00,measured,measured,0.0,0
1011,f4429a5264716c9057b639349f296c6076c0405d5b30b779dcd45739d589fdb2,2,triviaqa:0006,L1,v1,Qwen/Qwen2.5-1.5B-Instruct,"Fact #1, #2, #3, #4, and #5 describe that the Eiffel Tower in Paris was completed in 1889 for the World's Fair.",Eiffel Tower,0,0,0.17391304347826084,,judge-stub/unwired,135,39,1.5969452469998942,1,0.0,0.00015525856568054524,1602.899288000117,5.954041000222787,1596.9452469998942,0.0,19e1267e270fb26a4e6da10a2e33f407c4cde82d,7fdc85f695827cd40610ae43ca440f13cb399989fda72657811baf795f8607dc,2026-09-19T14:31:46.262676+00:00,measured,measured,0.0,0
1012,c908bb7c4bcd513a8cdc1155790ca30f7ba399229b2d94143bbce806bf4aa281,0,triviaqa:0007,L1,v1,Qwen/Qwen2.5-1.5B-Instruct,The Great Wall of China,Great Wall of China,0,1,1.0,,judge-stub/unwired,142,5,0.25446811399979197,1,0.0,2.473995552775755e-05,260.767009997835,6.298895998043008,254.46811399979197,0.0,19e1267e270fb26a4e6da10a2e33f407c4cde82d,7fdc85f695827cd40610ae43ca440f13cb399989fda72657811baf795f8607dc,2026-09-19T14:31:46.782343+00:00,measured,measured,0.0,0
1013,6b5e373b9a4317c54fa03c3d9a539dad726aee3e686643bd9f57d245ad351d3b,1,triviaqa:0007,L1,v1,Qwen/Qwen2.5-1.5B-Instruct,The Great Wall of China,Great Wall of China,0,1,1.0,,judge-stub/unwired,142,5,0.2462719150007615,1,0.0,2.3943102847296256e-05,252.34207900393812,6.070164003176615,246.2719150007615,0.0,19e1267e270fb26a4e6da10a2e33f407c4cde82d,7fdc85f695827cd40610ae43ca440f13cb399989fda72657811baf795f8607dc,2026-09-19T14:31:47.349372+00:00,measured,measured,0.0,0
1014,624d99e53d50efe68559aaafae1db83fad1e71f5c89d66ff1db8b4dcff4087e0,2,triviaqa:0007,L1,v1,Qwen/Qwen2.5-1.5B-Instruct,"Great Wall of China

This question asks for a concise response that identifies the specific Great Wall of China mentioned in the passage. The answer provided directly matches the information given without any additional details or variations. Therefore, ""Great Wall of China"" succinctly encapsulates the context and specificity requested by the question. This approach ensures clarity and adheres to the instruction's requirement for conciseness while accurately reflecting the content from the provided text. 

The key elements of the solution are:
- Identifying the subject (Great Wall of China)
- Highlighting its location (stretching over 21,000 km across northern China)
- Confirming it’s described as “widely documented” multiple times throughout the passage
- Ensuring no additional context or variation is introduced beyond what was explicitly stated in the original sentences. 

By following these steps, we achieve a clear, concise, and accurate response aligned with the guidelines.",Great Wall of China,0,0,0.06153846153846154,,judge-stub/unwired,142,187,8.114425875000052,1,0.0,0.000788902515625005,8120.641855000031,6.215979999979027,8114.425875000052,0.0,19e1267e270fb26a4e6da10a2e33f407c4cde82d,7fdc85f695827cd40610ae43ca440f13cb399989fda72657811baf795f8607dc,2026-09-19T14:31:55.722225+00:00,measured,measured,0.0,0
1015,ba2ff52f229383653f8f1558af0a097267d25db1284ec6b828036ca692cc75e1,0,triviaqa:0008,L1,v1,Qwen/Qwen2.5-1.5B-Instruct,"Neural networks are learning to represent things using layers of connected nodes, as described in [1], [2], [3], [4], and [5].",neural networks,0,0,0.17391304347826084,,judge-stub/unwired,106,32,1.2966313160004574,1,0.0,0.00012606137794448892,1302.0132419997026,5.381925999245141,1296.6313160004574,0.0,19e1267e270fb26a4e6da10a2e33f407c4cde82d,7fdc85f695827cd40610ae43ca440f13cb399989fda72657811baf795f8607dc,2026-09-19T14:31:57.334407+00:00,measured,measured,0.0,0
1016,2fcf108a1ea48235f31016eedc2ada65f07a065b38213da37cce647df6e96acd,1,triviaqa:0008,L1,v1,Qwen/Qwen2.5-1.5B-Instruct,The neural networks described are widely documented in literature and research papers.,neural networks,0,0,0.3076923076923077,,judge-stub/unwired,106,13,0.5522946510000111,1,0.0,5.369531329166774e-05,558.9671329989869,6.672481998975854,552.2946510000111,0.0,19e1267e270fb26a4e6da10a2e33f407c4cde82d,7fdc85f695827cd40610ae43ca440f13cb399989fda72657811baf795f8607dc,2026-09-19T14:31:58.134927+00:00,measured,measured,0.0,0
1017,a6d90d1a3974c49d8bc754b2109519b489c8bacc91949b1f9eb5bf43fcf218e5,2,triviaqa:0008,L1,v1,Qwen/Qwen2.5-1.5B-Instruct,The neural networks described are widely documented as learning representations through layered weighted connections. [1][2][3][4][5],neural networks,0,0,0.19999999999999998,,judge-stub/unwired,106,26,1.1286042280007678,1,0.0,0.00010972541105563019,1138.9240410026105,10.319813001842704,1128.6042280007678,0.0,19e1267e270fb26a4e6da10a2e33f407c4cde82d,7fdc85f695827cd40610ae43ca440f13cb399989fda72657811baf795f8607dc,2026-09-19T14:31:59.626747+00:00,measured,measured,0.0,0
1018,ef6cb51ee361a72779113f5f3a8d26c2a115b86183900666f862e020ce1691d3,0,triviaqa:0009,L1,v1,Qwen/Qwen2.5-1.5B-Instruct,Marie Curie,Marie Curie,1,1,1.0,,judge-stub/unwired,124,3,0.16953506800018658,1,0.0,1.6482576055573694e-05,178.24962900158425,8.71456100139767,169.53506800018658,0.0,19e1267e270fb26a4e6da10a2e33f407c4cde82d,7fdc85f695827cd40610ae43ca440f13cb399989fda72657811baf795f8607dc,2026-09-19T14:32:00.060114+00:00,measured,measured,0.0,0
1019,0266d7476d23a8d537095caabac87acbedd75868d4dc6a26009d278a7537a853,1,triviaqa:0009,L1,v1,Qwen/Qwen2.5-1.5B-Instruct,Marie Curie,Marie Curie,1,1,1.0,,judge-stub/unwired,124,3,0.16965331600022182,1,0.0,1.6494072388910453e-05,178.03662199821702,8.383305997995194,169.65331600022182,0.0,19e1267e270fb26a4e6da10a2e33f407c4cde82d,7fdc85f695827cd40610ae43ca440f13cb399989fda72657811baf795f8607dc,2026-09-19T14:32:00.487015+00:00,measured,measured,0.0,0
1020,3ee0edc6677c3462204eb86de8e9225c2960f14321b816427cbe9147fc4147ce,2,triviaqa:0009,L1,v1,Qwen/Qwen2.5-1.5B-Instruct,Marie Curie,Marie Curie,1,1,1.0,,judge-stub/unwired,124,3,0.17364428300061263,1,0.0,1.6882083069504006e-05,183.37827500363346,9.73399200302083,173.64428300061263,0.0,19e1267e270fb26a4e6da10a2e33f407c4cde82d,7fdc85f695827cd40610ae43ca440f13cb399989fda72657811baf795f8607dc,2026-09-19T14:32:00.978665+00:00,measured,measured,0.0,0
1021,8d0c74efd3163652377936d3ef4081c673baa646f4a714e67fa4a4733cbf1161,0,triviaqa:0010,L1,v1,Qwen/Qwen2.5-1.5B-Instruct,"Fact 1-5 describe the Roman Empire's expansion and influence across Europe, Africa, and Asia during its height. 

This question asks for a concise summary of which passage describes the Roman Empire spanning three continents around the Mediterranean Sea. Since all five passages mention this same scenario (Fact 1-5), we can conclude that they are describing the same historical event. Therefore, the correct answer to ""Which Roman Empire fact is described as: 'The Roman Empire at its height spanned three continents around the Mediterranean'"" would be:

All facts (1-5) describe the Roman Empire's expansion and influence across Europe, Africa, and Asia during its height. 

However, if you need a more specific answer based on the given options or context, it seems there might have been an oversight in providing multiple choices aligned directly with each other. If you meant to ask about a different aspect of these descriptions or seek clarification on what exactly should be considered when selecting from the provided options, please let me know! I'd be happy to assist further while ensuring accuracy in our analysis. Based on the information provided and typical categorization methods, option D appears to align best with the description given by all passages, though without explicit selection criteria it’s challenging to pinpoint definitively among them.",Roman Empire,0,0,0.0196078431372549,,judge-stub/unwired,129,256,11.038262437999947,1,0.0,0.0010731644036944394,11048.82524900313,10.562811003183015,11038.262437999947,0.0,19e1267e270fb26a4e6da10a2e33f407c4cde82d,7fdc85f695827cd40610ae43ca440f13cb399989fda72657811baf795f8607dc,2026-09-19T14:32:12.299430+00:00,measured,measured,0.0,0
1022,cfafb2ddb2317d7f98765dfbb7118df5a6452a07c966c7226a14b8854602a285,1,triviaqa:0010,L1,v1,Qwen/Qwen2.5-1.5B-Instruct,"[1], [2], [3], [4], [5]",Roman Empire,0,0,0.0,,judge-stub/unwired,129,15,0.6462362250003935,1,0.0,6.282852187503825e-05,651.0602120015392,4.823987001145724,646.2362250003935,0.0,19e1267e270fb26a4e6da10a2e33f407c4cde82d,7fdc85f695827cd40610ae43ca440f13cb399989fda72657811baf795f8607dc,2026-09-19T14:32:13.235653+00:00,measured,measured,0.0,0
1023,0cd7efaa23581fcba7978595be040bef3b4a529c3e09368d612bf710a6d76d66,2,triviaqa:0010,L1,v1,Qwen/Qwen2.5-1.5B-Instruct,"Fact 1 to Fact 5 describe the Roman Empire at its height spanning three continents around the Mediterranean. 

This answer succinctly states that Facts 1 through 5 all mention the Roman Empire's extensive geographical reach, including being ""three continents"" away from the Mediterranean Sea during its peak period of power and influence. While each passage provides a slightly different level of detail or additional context (like whether it's ""widely documented""), they all agree on this central point about the empire's expansive territorial reach across multiple continents. Therefore, these facts collectively encompass the statement in question regarding the empire's vast extent surrounding the Mediterranean. 

Note: In actuality, the Roman Empire never reached three continents but rather stretched from Britain to Egypt and North Africa. However, the phrasing used here aligns closely with historical records describing the empire's global dominance during its zenith. Thus, the closest matching facts are those numbered 1-5.",Roman Empire,0,0,0.027586206896551724,,judge-stub/unwired,129,187,8.225514226000087,1,0.0,0.0007997027719722306,8234.157227994729,8.643001994641963,8225.514226000087,0.0,19e1267e270fb26a4e6da10a2e33f407c4cde82d,7fdc85f695827cd40610ae43ca440f13cb399989fda72657811baf795f8607dc,2026-09-19T14:32:21.726374+00:00,measured,measured,0.0,0
1024,f01f55f60be8c376e9caea57cd1d9dfefe3800f6a2203b06625dc89c7d57901a,0,triviaqa:0011,L1,v1,Qwen/Qwen2.5-1.5B-Instruct,"Fact 1

This passage describes a single, consistent statement about the Amazon River carrying the most water compared to other rivers worldwide. All subsequent facts (Facts 2-5) restate this information without contradicting it or adding new details. Therefore, Fact 1 accurately represents the core content of these statements.",Amazon River,0,0,0.0851063829787234,,judge-stub/unwired,135,64,2.5744377279997934,1,0.0,0.0002502925568888688,2579.957748000197,5.520020000403747,2574.4377279997934,0.0,19e1267e270fb26a4e6da10a2e33f407c4cde82d,7fdc85f695827cd40610ae43ca440f13cb399989fda72657811baf795f8607dc,2026-09-19T14:32:24.623500+00:00,measured,measured,0.0,0
1025,91a68cf08b3e2e9771fed5a9a4fbd20e5937f320e4b7b1d4c254daa32b228c36,1,triviaqa:0011,L1,v1,Qwen/Qwen2.5-1.5B-Instruct,"Fact 1

This question asks which of the given statements describes the fact that ""The Amazon River carries more water than any other river in the world."" Since all five facts mention this exact statement, we can conclude that each one correctly represents the same information. Therefore, there isn't a single correct answer among these choices; they are all equally accurate descriptions of the same fact. 

However, if I must select one based on context or style preference (which was not provided), I would choose:

Fact 1 - This is the first statement and appears to be an introduction to the rest, so it could be considered the most straightforward representation of the fact being discussed. 

In reality, since all options convey the same core message, you might want to clarify which specific point within the broader topic you're interested in focusing on for your analysis. If you were looking for a concise summary rather than a detailed comparison, then **Fact 1** would likely best fit that criteria because it's presented as a standalone fact without additional qualifiers or details. 

But keep in mind that none of these statements are incorrect or misleading—they simply all describe the same factual claim about the Amazon River.",Amazon River,0,0,0.021164021164021163,,judge-stub/unwired,135,236,10.04848487000072,1,0.0,0.0009769360290278477,10053.37466400033,4.889793999609537,10048.48487000072,0.0,19e1267e270fb26a4e6da10a2e33f407c4cde82d,7fdc85f695827cd40610ae43ca440f13cb399989fda72657811baf795f8607dc,2026-09-19T14:32:34.947918+00:00,measured,measured,0.0,0
1026,733e89e82a03d66285df47549ec4756d9a6a19e477570b67a9909d7eb9f1de6f,2,triviaqa:0011,L1,v1,Qwen/Qwen2.5-1.5B-Instruct,"Fact 1 and Fact 2 are both described as ""The Amazon River carries more water than any other river in the world."" 

Justification:
- Facts 1, 2, 3, 4, and 5 all state that the Amazon River carries more water than any other river in the world.
- There is no additional information provided for these facts beyond stating this common knowledge about the Amazon River's exceptional volume of water flow. Therefore, they can be considered to describe the same core fact regarding the Amazon River's water volume compared to others.",Amazon River,0,0,0.046511627906976744,,judge-stub/unwired,135,113,4.693540401000064,1,0.0,0.00045631642787500616,4703.296808998857,9.756407998793293,4693.540401000064,0.0,19e1267e270fb26a4e6da10a2e33f407c4cde82d,7fdc85f695827cd40610ae43ca440f13cb399989fda72657811baf795f8607dc,2026-09-19T14:32:39.888015+00:00,measured,measured,0.0,0
1027,a6f94a7b33a6c6e7eb097e25c75492870776879ee94b7a8935ceff2ffcc2d51f,0,triviaqa:0012,L1,v1,Qwen/Qwen2.5-1.5B-Instruct,"Mount Everest

This question asks for the specific name of Mount Everest based on the given passage, which states that it ""rises 8,849 metres on the Nepal-China border."" The answer directly matches the information provided in the text. 

To break down how I arrived at the answer:

- The passage mentions Mount Everest and its height (8,849 meters).
- It also provides additional context about where Mount Everest is located (Nepal-China border).

The key piece of information needed to identify Mount Everest is its elevation. Therefore, using only the relevant details from the passage, the correct response is simply ""Mount Everest."" This option accurately reflects the content of the passage without any extraneous information or assumptions. [Answer: Mount Everest]",Mount Everest,0,0,0.03669724770642201,,judge-stub/unwired,106,154,7.041314386000522,1,0.0,0.0006845722319722729,7050.956991997737,9.64260599721456,7041.314386000522,0.0,19e1267e270fb26a4e6da10a2e33f407c4cde82d,7fdc85f695827cd40610ae43ca440f13cb399989fda72657811baf795f8607dc,2026-09-19T14:32:47.210972+00:00,measured,measured,0.0,0
1028,cf47d7c14e2379c45ca1531fa4d565d0c56cb7915b17ecf0d01812f78f10f740,1,triviaqa:0012,L1,v1,Qwen/Qwen2.5-1.5B-Instruct,Mount Everest,Mount Everest,1,1,1.0,,judge-stub/unwired,106,2,0.13198705299964786,1,0.0,1.2832074597187985e-05,137.37743200272234,5.390379003074486,131.98705299964786,0.0,19e1267e270fb26a4e6da10a2e33f407c4cde82d,7fdc85f695827cd40610ae43ca440f13cb399989fda72657811baf795f8607dc,2026-09-19T14:32:47.712682+00:00,measured,measured,0.0,0
1029,db13d0d1eda5bf3fae25ae5a242a3609503639e87c8345e898ef3a75ed3a61f6,2,triviaqa:0012,L1,v1,Qwen/Qwen2.5-1.5B-Instruct,"Mount Everest

This question asks for the name of Mount Everest based on the given passage. The correct response is ""Mount Everest"" as it is consistently mentioned in all parts of the provided text. [Source: All paragraphs]",Mount Everest,0,0,0.1142857142857143,,judge-stub/unwired,106,45,1.8736175559997719,1,0.0,0.0001821572623888667,1878.5095509983876,4.891994998615701,1873.6175559997719,0.0,19e1267e270fb26a4e6da10a2e33f407c4cde82d,7fdc85f695827cd40610ae43ca440f13cb399989fda72657811baf795f8607dc,2026-09-19T14:32:49.944692+00:00,measured,measured,0.0,0
1030,75fcb629a405a19e14a818f66015779e2f8643b569de508a0130e8c4aca5d0a9,0,triviaqa:0013,L1,v1,Qwen/Qwen2.5-1.5B-Instruct,Marie Curie,Marie Curie,1,1,1.0,,judge-stub/unwired,124,3,0.16861080699982267,1,0.0,1.639271734720498e-05,173.29225500088796,4.6814480010652915,168.61080699982267,0.0,19e1267e270fb26a4e6da10a2e33f407c4cde82d,7fdc85f695827cd40610ae43ca440f13cb399989fda72657811baf795f8607dc,2026-09-19T14:32:50.481287+00:00,measured,measured,0.0,0
1031,526db8817160823d2aca548b09e4e26c0dfc36001d31f1abe105f8dce7daad3f,1,triviaqa:0013,L1,v1,Qwen/Qwen2.5-1.5B-Instruct,"Marie Curie

This question asks for a concise name based on the provided passage, which describes Marie Curie as having won Nobel Prizes in both Physics and Chemistry. The correct answer is simply her full name, ""Marie Curie."" The other statements provide additional details about her accomplishments but do not change the fact that she was awarded these prizes. Therefore, answering concisely with just her name is appropriate. 

The given statements all contain the same information: Marie Curie won Nobel Prizes in Physics (1903) and Chemistry (1911), so any one of them could be used to directly identify her. However, since we need to pick just one answer and the format allows repetition without changing the meaning, any of the first few statements would suffice, making the straightforward response ""Marie Curie"" the best choice here. [4] fits perfectly because it repeats the key information while maintaining brevity. Thus, the concise answer remains ""Marie Curie,"" encapsulating her identity from the provided context.",Marie Curie,0,0,0.027027027027027025,,judge-stub/unwired,124,212,9.216975330000423,1,0.0,0.0008960948237500411,9221.863783004665,4.888453004241455,9216.975330000423,0.0,19e1267e270fb26a4e6da10a2e33f407c4cde82d,7fdc85f695827cd40610ae43ca440f13cb399989fda72657811baf795f8607dc,2026-09-19T14:33:00.073159+00:00,measured,measured,0.0,0
1032,928a88db6653f3a4c27dd9b0ddbfd70b1e959bd67602358dd728851076d49954,2,triviaqa:0013,L1,v1,Qwen/Qwen2.5-1.5B-Instruct,Marie Curie,Marie Curie,1,1,1.0,,judge-stub/unwired,124,3,0.16746260800027812,1,0.0,1.628108688891593e-05,175.21247000149742,7.749862001219299,167.46260800027812,0.0,19e1267e270fb26a4e6da10a2e33f407c4cde82d,7fdc85f695827cd40610ae43ca440f13cb399989fda72657811baf795f8607dc,2026-09-19T14:33:00.505145+00:00,measured,measured,0.0,0
1033,ee4227da3dc35e7c3ed1ac5de3cef7d56629468ad55096e33f61c85a8440bb78,0,triviaqa:0014,L1,v1,Qwen/Qwen2.5-1.5B-Instruct,"Fact [1], [2], [3], [4], and [5].",Industrial Revolution,0,0,0.0,,judge-stub/unwired,123,17,0.7171688959997482,1,0.0,6.97247537777533e-05,721.9385850030449,4.769689003296662,717.1688959997482,0.0,19e1267e270fb26a4e6da10a2e33f407c4cde82d,7fdc85f695827cd40610ae43ca440f13cb399989fda72657811baf795f8607dc,2026-09-19T14:33:01.493994+00:00,measured,measured,0.0,0
1034,213ab7f5421b3a1db53210ad375184a5681dea97fd4c0f76db0b32d3b88e922c,1,triviaqa:0014,L1,v1,Qwen/Qwen2.5-1.5B-Instruct,"Fact [1], [2], [3], [4], and [5] describe that the Industrial Revolution began in Britain in the late 18th century.",Industrial Revolution,0,0,0.19999999999999998,,judge-stub/unwired,123,34,1.3937013009999646,1,0.0,0.00013549873759721877,1398.77013899968,5.06883799971547,1393.7013009999646,0.0,19e1267e270fb26a4e6da10a2e33f407c4cde82d,7fdc85f695827cd40610ae43ca440f13cb399989fda72657811baf795f8607dc,2026-09-19T14:33:03.131097+00:00,measured,measured,0.0,0
1035,80a52dc0c4258f1dd854da9ea15e2d318e9a8b9c9b8d678ed94294137980e55b,2,triviaqa:0014,L1,v1,Qwen/Qwen2.5-1.5B-Instruct,"Fact #1, #2, #3, #4, and #5 all describe that the Industrial Revolution began in Britain in the late 18th century. 

This question asks for a concise summary of facts describing when the Industrial Revolution started in Britain. All given facts (1 through 5) state this same historical event, so they can be considered equivalent in terms of information provided about the timing of the Industrial Revolution's beginning in Britain. Therefore, each of these facts accurately represents the same key piece of historical data. 

Hence, there isn't one specific ""fact"" among them to choose from; rather, any one of the listed facts would correctly capture the essential point being made. Thus, an appropriate response to the succinctness required by the question would be:

Fact #1, #2, #3, #4, and #5 are all correct answers. 

The answer should reflect the multiple choices available but emphasizes that all of the provided options are equally valid descriptions of the time frame for the start of the Industrial Revolution in Britain. Since no single choice stands out more than others based on the context provided, presenting the entire list ensures coverage of all relevant options without bias towards any particular selection. 

Consequently, stating that ""all five facts",Industrial Revolution,0,0,0.021390374331550804,,judge-stub/unwired,123,256,11.079847722000522,1,0.0,0.0010772074174167175,11086.63756599617,6.789843995647971,11079.847722000522,0.0,19e1267e270fb26a4e6da10a2e33f407c4cde82d,7fdc85f695827cd40610ae43ca440f13cb399989fda72657811baf795f8607dc,2026-09-19T14:33:14.558812+00:00,measured,measured,0.0,0
1036,93abfb3952c2c12ad990d99cecaa7f8c19281cd978cc501ad683a380747da008,0,triviaqa:0015,L1,v1,Qwen/Qwen2.5-1.5B-Instruct,"Fact 1

This fact is described in all five passage contexts provided, which state that William Shakespeare wrote 37 plays, including Hamlet and Macbeth. The other facts do not match this description exactly but are similar in their emphasis on Shakespeare's extensive body of work. 

William Shakespeare wrote 37 plays including Hamlet and Macbeth. Additional detail: Shakespeare is widely documented.

Fact 2
Fact 3
Fact 4
Fact 5",Shakespeare,0,0,0.028985507246376812,,judge-stub/unwired,105,94,3.808557366000059,1,0.0,0.00037027641058333903,3813.86786699386,5.310500993800815,3808.557366000059,0.0,19e1267e270fb26a4e6da10a2e33f407c4cde82d,7fdc85f695827cd40610ae43ca440f13cb399989fda72657811baf795f8607dc,2026-09-19T14:33:18.648191+00:00,measured,measured,0.0,0
1037,eb67e47f2f65ab3c352d2842607af439ecd8d26339e820424cd2d9e8c75960d0,1,triviaqa:0015,L1,v1,Qwen/Qwen2.5-1.5B-Instruct,"Fact (1) describes that William Shakespeare wrote 37 plays, including Hamlet and Macbeth.",Shakespeare,0,0,0.14285714285714288,,judge-stub/unwired,105,21,0.9042940870003804,1,0.0,8.791748068059253e-05,908.894075999342,4.599988998961635,904.2940870003804,0.0,19e1267e270fb26a4e6da10a2e33f407c4cde82d,7fdc85f695827cd40610ae43ca440f13cb399989fda72657811baf795f8607dc,2026-09-19T14:33:19.805360+00:00,measured,measured,0.0,0
1038,b71fb2ec2b34ea64400f4704a8c5426612cd14002fd12a0f0ffed513d1501b32,2,triviaqa:0015,L1,v1,Qwen/Qwen2.5-1.5B-Instruct,"Fact 1

This fact is described as: William Shakespeare wrote 37 plays including Hamlet and Macbeth. Additional detail: Shakespeare is widely documented. 

The other facts are identical in content, but they differ only by their order number. Therefore, all five facts describe the same piece of information about William Shakespeare's play count and inclusion of specific titles. The first fact stands out as being explicitly stated without any additional details or qualifications that might suggest it was a summary rather than an original statement. Hence, this is the most concise and accurate description among the given options.",Shakespeare,0,0,0.02173913043478261,,judge-stub/unwired,105,116,5.577233963000253,1,0.0,0.0005422310797361357,5582.042709002053,4.808746001799591,5577.233963000253,0.0,19e1267e270fb26a4e6da10a2e33f407c4cde82d,7fdc85f695827cd40610ae43ca440f13cb399989fda72657811baf795f8607dc,2026-09-19T14:33:25.635050+00:00,measured,measured,0.0,0
1039,97f8b94966e43cc81450687bf354c4c37315eea3820c35a953c5bad97c2b5b69,0,triviaqa:0016,L1,v1,Qwen/Qwen2.5-1.5B-Instruct,"Quantum mechanics

Explanation: The passage states that quantum mechanics describes matter and energy at atomic and subatomic scales, which directly corresponds to the given description in all five instances. Therefore, the correct answer is ""Quantum mechanics."" This option accurately reflects the information provided without repetition or ambiguity. 

Note: Although there are multiple identical statements, each referring to the same concept (quantum mechanics), they maintain consistency across all contexts as per the original text. Thus, any one of them could be considered the answer based on the information provided. However, since the question asks for a concise response, the first instance is selected for its clarity and directness. 

Additional context: In physics, quantum mechanics provides a theoretical framework for understanding the behavior of particles at very small scales, such as atoms and subatomic particles like electrons and protons. It introduces principles like wave-particle duality, uncertainty principle, and quantization of energy levels, among others, which significantly differ from classical physics. These principles have been experimentally confirmed through numerous experiments over the past century, leading to the widespread acceptance of quantum mechanics as the fundamental theory governing the physical world at these scales.",quantum mechanics,0,0,0.022727272727272724,,judge-stub/unwired,124,232,9.46062070500011,1,0.0,0.0009197825685416773,9465.44649200041,4.825787000299897,9460.62070500011,0.0,19e1267e270fb26a4e6da10a2e33f407c4cde82d,7fdc85f695827cd40610ae43ca440f13cb399989fda72657811baf795f8607dc,2026-09-19T14:33:35.380899+00:00,measured,measured,0.0,0
1040,b76950fc707399bc0575b4378645ab494aa27e2380fa91e3039fc0eaffc3cd9c,1,triviaqa:0016,L1,v1,Qwen/Qwen2.5-1.5B-Instruct,"Quantum mechanics

This passage repeatedly states that quantum mechanics describes matter and energy at atomic and subatomic scales, providing additional details such as its wide documentation. Therefore, ""quantum mechanics"" is the term associated with the described subject. 

The correct answer is:

Quantum mechanics.",quantum mechanics,0,0,0.09523809523809523,,judge-stub/unwired,124,56,2.653171164000014,1,0.0,0.00025794719650000134,2662.165436997384,8.99427299736999,2653.171164000014,0.0,19e1267e270fb26a4e6da10a2e33f407c4cde82d,7fdc85f695827cd40610ae43ca440f13cb399989fda72657811baf795f8607dc,2026-09-19T14:33:38.287228+00:00,measured,measured,0.0,0
1041,5f15dcc5060508645521ee422fb02e13ceff4ccc680b527feed99642b7d28929,2,triviaqa:0016,L1,v1,Qwen/Qwen2.5-1.5B-Instruct,"Quantum mechanics, as described in passage [1], [2], [3], [4], and [5]. This passage emphasizes that quantum mechanics is a theory used to describe phenomena occurring on extremely small scales, particularly those involving atoms and subatomic particles. It also notes that quantum mechanics has extensive documentation supporting its validity and application across various scientific fields. 

Quantum Mechanics (QM) is a fundamental theory in physics which provides a mathematical model of nature at microscopic scales where classical notions of reality do not apply. The theory explains the particle-like behavior and wave-like behavior of matter and light. It predicts phenomena such as the quantization of energy levels, the uncertainty principle, and the interference patterns observed in double-slit experiments. These predictions have been confirmed by numerous experimental observations. QM is essential for understanding many aspects of modern technology, including electronics, lasers, MRI machines, semiconductors, superconductivity, and quantum computing. It forms the basis for much of our current technological world and continues to be an active area of research in theoretical physics. While it is sometimes referred to as ""quantum physics"" or simply ""quantum,"" it is best known by its original name due to historical convention. The term 'quantum' itself was coined by Max Planck",quantum mechanics,0,0,0.020512820512820513,,judge-stub/unwired,124,256,11.027861710000252,1,0.0,0.00107215322180558,11033.15982299955,5.29811299929861,11027.861710000252,0.0,19e1267e270fb26a4e6da10a2e33f407c4cde82d,7fdc85f695827cd40610ae43ca440f13cb399989fda72657811baf795f8607dc,2026-09-19T14:33:49.594157+00:00,measured,measured,0.0,0
1042,4d37efc8ccb95e6f2a073907f87d5f34450809d77a19a33894560621ca8ac702,0,triviaqa:0017,L1,v1,Qwen/Qwen2.5-1.5B-Instruct,Gravity is widely documented.,gravity,0,0,0.4,,judge-stub/unwired,105,5,0.2572579540001243,1,0.0,2.5011189972234305e-05,262.7338889951716,5.475934995047282,257.2579540001243,0.0,19e1267e270fb26a4e6da10a2e33f407c4cde82d,7fdc85f695827cd40610ae43ca440f13cb399989fda72657811baf795f8607dc,2026-09-19T14:33:50.116043+00:00,measured,measured,0.0,0
1043,6519e34600f87506059da1933b025b70f7f6f1d52bdacbfcea627387353c4724,1,triviaqa:0017,L1,v1,Qwen/Qwen2.5-1.5B-Instruct,Gravity is widely documented.,gravity,0,0,0.4,,judge-stub/unwired,105,5,0.2522891940006957,1,0.0,2.452811608340097e-05,260.45827199959604,8.16907799890032,252.28919400069572,0.0,19e1267e270fb26a4e6da10a2e33f407c4cde82d,7fdc85f695827cd40610ae43ca440f13cb399989fda72657811baf795f8607dc,2026-09-19T14:33:50.651342+00:00,measured,measured,0.0,0
1044,d2e8884a07e12205cce08b93c035c9f4690cb7a7a4e85b74319fb01080eb996a,2,triviaqa:0017,L1,v1,Qwen/Qwen2.5-1.5B-Instruct,"Gravity is widely documented. 

Explanation: The passage states that Newton's law of universal gravitation describes attraction between masses and adds that gravity is ""widely documented."" Therefore, the gravity fact described in this passage is that gravity is widely documented. The other facts are redundant or identical to this description.",gravity,0,0,0.04166666666666667,,judge-stub/unwired,105,60,2.4656513529998847,1,0.0,0.00023971610376387768,2470.854217995111,5.202864995226264,2465.6513529998847,0.0,19e1267e270fb26a4e6da10a2e33f407c4cde82d,7fdc85f695827cd40610ae43ca440f13cb399989fda72657811baf795f8607dc,2026-09-19T14:33:53.365338+00:00,measured,measured,0.0,0
1045,ad99dc02f939f09cd5faea9654aec8e1df1f5959dbe7204e136f52135ce266d5,0,triviaqa:0018,L1,v1,Qwen/Qwen2.5-1.5B-Instruct,"William Shakespeare

The passage provides information about William Shakespeare, who is explicitly stated to have written 37 plays including Hamlet and Macbeth, along with additional details that he was widely documented. Therefore, the Shakespeare referred to in this context is William Shakespeare. The question asks for a concise answer naming the Shakespeare associated with this description, which is William Shakespeare. [1], [2], [3], [4], and [5] all refer to the same information about Shakespeare's extensive body of work and his reputation as a prolific playwright. However, since there are no distinguishing features among these sentences other than repetition, they can be considered equivalent in terms of identifying the correct Shakespeare character. Hence, any one of them would suffice for the answer. For clarity and specificity within the given choices, we select ""William Shakespeare"" as it directly matches the reference text provided.",Shakespeare,0,0,0.015151515151515152,,judge-stub/unwired,106,174,7.8624336279999625,1,0.0,0.0007644032693888852,7867.487253005493,5.0536250055301934,7862.4336279999625,0.0,19e1267e270fb26a4e6da10a2e33f407c4cde82d,7fdc85f695827cd40610ae43ca440f13cb399989fda72657811baf795f8607dc,2026-09-19T14:34:01.462158+00:00,measured,measured,0.0,0
1046,c87e8517b778ea22c32bed790ead83308161d7846ed69c9e34cda516b450fc56,1,triviaqa:0018,L1,v1,Qwen/Qwen2.5-1.5B-Instruct,"William Shakespeare

This question directly asks for the name of the Shakespeare mentioned in all five passage contexts, which is William Shakespeare. The additional details provided are consistent across all sentences, reinforcing that William Shakespeare is the correct answer.",Shakespeare,0,0,0.05555555555555556,,judge-stub/unwired,106,44,2.068924958000025,1,0.0,0.0002011454820277802,2073.841741000251,4.916783000226133,2068.924958000025,0.0,19e1267e270fb26a4e6da10a2e33f407c4cde82d,7fdc85f695827cd40610ae43ca440f13cb399989fda72657811baf795f8607dc,2026-09-19T14:34:03.829768+00:00,measured,measured,0.0,0
1047,b73a10a24e7e80fdaf3de4ee1573b792f5a7bb1c2a3b7317c5800c219a3a704c,2,triviaqa:0018,L1,v1,Qwen/Qwen2.5-1.5B-Instruct,"William Shakespeare

This question directly asks for the name of the person associated with the given description, which clearly states that William Shakespeare wrote 37 plays including Hamlet and Macbeth. The repetition in the passage does not change the fact that the correct answer remains William Shakespeare.",Shakespeare,0,0,0.04878048780487806,,judge-stub/unwired,106,55,2.323251898000308,1,0.0,0.00022587171230558547,2328.2247570023173,4.9728590020095,2323.251898000308,0.0,19e1267e270fb26a4e6da10a2e33f407c4cde82d,7fdc85f695827cd40610ae43ca440f13cb399989fda72657811baf795f8607dc,2026-09-19T14:34:06.430551+00:00,measured,measured,0.0,0
1048,968558610bc5f967bafb005bb36523cd2f0fa4772a84347a1a8ab3719bc9c757,0,triviaqa:0019,L1,v1,Qwen/Qwen2.5-1.5B-Instruct,"[1], [2], [3], [4], [5]

Justification:
The passage provides multiple sentences that describe the Pacific Ocean's characteristics, including its size (largest) and depth (deepest), all of which are consistent with the given statement. Therefore, all five options correctly represent this information about the Pacific Ocean.",Pacific Ocean,0,0,0.0909090909090909,,judge-stub/unwired,129,68,2.855128842999875,1,0.0,0.00027758197084721,2865.3227119984876,10.193868998612743,2855.128842999875,0.0,19e1267e270fb26a4e6da10a2e33f407c4cde82d,7fdc85f695827cd40610ae43ca440f13cb399989fda72657811baf795f8607dc,2026-09-19T14:34:09.539776+00:00,measured,measured,0.0,0
1049,0a429e1d2197c4d6e98fdede6b20647803cea3baef2a63d179ffb673060b056b,1,triviaqa:0019,L1,v1,Qwen/Qwen2.5-1.5B-Instruct,"Fact 1, 2, 3, 4, or 5 describe that the Pacific Ocean is the largest and deepest ocean basin on Earth. 

Justification:
Fact 1 through Fact 5 all contain the same exact phrase ""The Pacific Ocean is the largest and deepest ocean basin on Earth."" Therefore, they are describing the same information about the Pacific Ocean being the largest and deepest ocean basin on Earth. Since multiple facts match this description, any of them can be chosen for an answer based on the provided options. However, since no specific option was given in the question to choose from, we select the first one listed (Fact 1) as a representative example. In reality, all five facts would be correct answers due to their identical content. 

If only one answer is required, it could be any of these five options depending on which one is most relevant or preferred by the context. But typically, the first one presented is selected as a general response without bias towards any particular fact. Thus, Fact 1 is used here as a generic choice among the options provided.",Pacific Ocean,0,0,0.024096385542168676,,judge-stub/unwired,129,219,9.868784373999915,1,0.0,0.0009594651474722139,9874.045699000817,5.2613250009017065,9868.784373999915,0.0,19e1267e270fb26a4e6da10a2e33f407c4cde82d,7fdc85f695827cd40610ae43ca440f13cb399989fda72657811baf795f8607dc,2026-09-19T14:34:19.639563+00:00,measured,measured,0.0,0
1050,81626c5b72dbb9a94c2c7bc51ba098b8149f1a7f47fa250f05c0621771b82393,2,triviaqa:0019,L1,v1,Qwen/Qwen2.5-1.5B-Instruct,"[1], [2], [3], [4], [5] all describe that the Pacific Ocean is the largest and deepest ocean basin on Earth.",Pacific Ocean,0,0,0.19999999999999998,,judge-stub/unwired,129,31,1.3707654760000878,1,0.0,0.00013326886572223075,1375.6781890042475,4.912713004159741,1370.7654760000878,0.0,19e1267e270fb26a4e6da10a2e33f407c4cde82d,7fdc85f695827cd40610ae43ca440f13cb399989fda72657811baf795f8607dc,2026-09-19T14:34:21.299015+00:00,measured,measured,0.0,0
1051,b59c035d9ba58a56c0d0278561cceae9631711a4d8d27ac5c6398ae089fed6bc,0,triviaqa:0020,L1,v1,Qwen/Qwen2.5-1.5B-Instruct,"Fact #1, #2, #3, #4, and #5 all describe the same Renaissance fact: ""The Renaissance was a period of cultural rebirth in Europe from the 14th to 17th century."" This is because each passage provides identical information about this specific historical event, emphasizing its nature (cultural rebirth) and time frame (14th to 17th centuries). Thus, these facts are essentially conveying the same piece of information about the Renaissance period. 

However, if we must choose one that stands out for clarity or emphasis, it would be any of them since they all convey the exact same content without additional context. For simplicity, I will select the first one:

Fact #1

Note: If you need me to provide more details on the Renaissance itself, please let me know!",Renaissance,0,0,0.016949152542372885,,judge-stub/unwired,147,170,7.9329407739996896,1,0.0,0.0007712581308055253,7942.169841996474,9.229067996784579,7932.94077399969,0.0,19e1267e270fb26a4e6da10a2e33f407c4cde82d,7fdc85f695827cd40610ae43ca440f13cb399989fda72657811baf795f8607dc,2026-09-19T14:34:29.510813+00:00,measured,measured,0.0,0
1052,c335051cbb65ab3d11d7192a86e14291e729574599df0cc598da2d1e1cead07a,1,triviaqa:0020,L1,v1,Qwen/Qwen2.5-1.5B-Instruct,"Fact #1 and #2 describe the Renaissance as being a period of cultural rebirth in Europe from the 14th to 17th century, both stating it is widely documented. 

However, since you specifically asked for ""The Renaissance was a period of cultural rebirth in Europe from the 14th to 17th century,"" I'll focus on that:

Fact #1 describes this exact statement about the Renaissance's timeline and nature. Therefore, the correct answer is:

Fact #1.",Renaissance,0,0,0.029411764705882353,,judge-stub/unwired,147,104,4.4102262690003045,1,0.0,0.00042877199837502956,4417.0068780013025,6.7806090009980835,4410.2262690003045,0.0,19e1267e270fb26a4e6da10a2e33f407c4cde82d,7fdc85f695827cd40610ae43ca440f13cb399989fda72657811baf795f8607dc,2026-09-19T14:34:34.174438+00:00,measured,measured,0.0,0
1053,f4564e68755a7057b56e5e8e61f2c6d376aa3347f5c8fb1961b8708d8654c457,2,triviaqa:0020,L1,v1,Qwen/Qwen2.5-1.5B-Instruct,"Fact (1), (2), (3), (4), and (5) describe the Renaissance as a period of cultural rebirth in Europe from the 14th to 17th century, which is widely documented. 

The specific details about the time frame are consistent across all five facts provided.",Renaissance,0,0,0.052631578947368425,,judge-stub/unwired,147,63,2.736815913999635,1,0.0,0.0002660793249721867,2746.085406001839,9.26949200220406,2736.815913999635,0.0,19e1267e270fb26a4e6da10a2e33f407c4cde82d,7fdc85f695827cd40610ae43ca440f13cb399989fda72657811baf795f8607dc,2026-09-19T14:34:37.208568+00:00,measured,measured,0.0,0
1054,7f3a14f99302821bca80e30e1341aeb3628d4f53b2062bab9db8d9f88efdf674,0,triviaqa:0021,L1,v1,Qwen/Qwen2.5-1.5B-Instruct,"World War II
World War II ended in 1945 with the surrender of Germany and Japan. This occurred during a time when the war was widely documented, as it marked one of the most significant events in human history. The Allied powers (the United States, the Soviet Union, China, Great Britain, France, and later, many other countries) fought against the Axis Powers (Germany, Italy, and Japan). The war had far-reaching consequences for global politics and society, including the formation of the United Nations and the beginning of the Cold War. It also led to major changes in technology, culture, and international relations. The end of World War II brought about a period of relative peace but set the stage for future conflicts such as the Korean War and the Vietnam War. Additionally, the war resulted in significant loss of life, economic devastation, and profound social change worldwide. Despite its horrors, the victory over Nazi Germany and Imperial Japan helped establish new international norms and principles that continue to shape global affairs today. [Source: Britannica]

The passage states that World War II ended in 1945 with the surrender of Germany and Japan, which aligns perfectly with the given question. Therefore, the answer to ""Name the World War II associated with this",World War II,0,0,0.031746031746031744,,judge-stub/unwired,142,256,11.598725575000572,1,0.0,0.0011276538753472777,11607.670970995969,8.94539599539712,11598.725575000572,0.0,19e1267e270fb26a4e6da10a2e33f407c4cde82d,7fdc85f695827cd40610ae43ca440f13cb399989fda72657811baf795f8607dc,2026-09-19T14:34:49.082341+00:00,measured,measured,0.0,0
1055,929ef21024f7e09d844f7ad285e6f116fd86295ee81cb09881584e8351bbe2fe,1,triviaqa:0021,L1,v1,Qwen/Qwen2.5-1.5B-Instruct,"The World War II described in these passages was World War II, which ended in 1945 with the surrender of Germany and Japan. It is also widely documented. 

Note: All five statements refer to the same historical event. The answer provided directly addresses the question by specifying that the event being referred to is World War II.",World War II,0,0,0.1111111111111111,,judge-stub/unwired,142,68,3.4292120340005567,1,0.0,0.00033339561441672074,3434.306865999133,5.09483199857641,3429.2120340005567,0.0,19e1267e270fb26a4e6da10a2e33f407c4cde82d,7fdc85f695827cd40610ae43ca440f13cb399989fda72657811baf795f8607dc,2026-09-19T14:34:52.775810+00:00,measured,measured,0.0,0
1056,4eaa6e873bdf036084a481c034ae1f3570005b37f5bf4321b392edeac2ed06ab,2,triviaqa:0021,L1,v1,Qwen/Qwen2.5-1.5B-Instruct,"The World War II described in all five passages ended in 1945 with the surrender of Germany and Japan. This event is widely documented. 

Note that I've used ""The"" to name it as it's a singular reference to the specific war being discussed across multiple references, which makes it more concise than simply listing each passage individually. However, if you prefer not to use ""The,"" you could also say ""World War II that ended in 1945 with the surrender of Germany and Japan."" Both answers are correct but the first one uses less words while maintaining clarity. 

In both cases, ""World War II ended in 1945 with the surrender of Germany and Japan"" remains the key information about the specific historical event being referred to.",World War II,0,0,0.050420168067226885,,judge-stub/unwired,142,157,7.066730284000187,1,0.0,0.0006870432220555737,7075.9049469988895,9.174662998702843,7066.730284000187,0.0,19e1267e270fb26a4e6da10a2e33f407c4cde82d,7fdc85f695827cd40610ae43ca440f13cb399989fda72657811baf795f8607dc,2026-09-19T14:35:00.116489+00:00,measured,measured,0.0,0
1057,0e7dd72effb8709f7ec073aee0e7b3f49216321a52886eac7f489b64e1da412c,0,triviaqa:0022,L1,v1,Qwen/Qwen2.5-1.5B-Instruct,"Gravity

The passage contains multiple instances that describe Newton's law of universal gravitation and its association with attraction between masses, but the specific term ""gravity"" is used to refer to this concept in all descriptions provided. Thus, the gravity associated with these descriptions is described as Newton's law of universal gravitation. Answer: Gravity.",gravity,0,0,0.03773584905660378,,judge-stub/unwired,106,66,2.8589497120001397,1,0.0,0.00027795344422223576,2870.2051809987097,11.255468998569995,2858.9497120001397,0.0,19e1267e270fb26a4e6da10a2e33f407c4cde82d,7fdc85f695827cd40610ae43ca440f13cb399989fda72657811baf795f8607dc,2026-09-19T14:35:03.263497+00:00,measured,measured,0.0,0
1058,928b52aa577272e86dffc32ac82ec0592d4862c96f43e4e52c5e182a52f0fb0f,1,triviaqa:0022,L1,v1,Qwen/Qwen2.5-1.5B-Instruct,Gravity,gravity,0,1,1.0,,judge-stub/unwired,106,1,0.10102279000057024,1,0.0,9.821660138944329e-06,105.68695199981448,4.664161999244243,101.02279000057024,0.0,19e1267e270fb26a4e6da10a2e33f407c4cde82d,7fdc85f695827cd40610ae43ca440f13cb399989fda72657811baf795f8607dc,2026-09-19T14:35:03.604297+00:00,measured,measured,0.0,0
1059,5a7941b33b70d3f447ff98d7e8b1482dd056f18efc1858fa22047022cbfd65f7,2,triviaqa:0022,L1,v1,Qwen/Qwen2.5-1.5B-Instruct,"Gravity

The passage states that Newton's law of universal gravitation describes attraction between masses, which directly corresponds to ""gravity."" Therefore, the correct answer is:

Gravity",gravity,0,0,0.07999999999999999,,judge-stub/unwired,106,33,1.8533843970008093,1,0.0,0.000180190149708412,1858.5017200030052,5.117323002195917,1853.3843970008093,0.0,19e1267e270fb26a4e6da10a2e33f407c4cde82d,7fdc85f695827cd40610ae43ca440f13cb399989fda72657811baf795f8607dc,2026-09-19T14:35:05.727510+00:00,measured,measured,0.0,0
1060,66e6b4e276c6a90dbb203f7c378d9bb3e078bb0209cc8fd1d2ed8e4dbc022084,0,triviaqa:0023,L1,v1,Qwen/Qwen2.5-1.5B-Instruct,"Fact [1], [2], [3], [4], and [5]. These facts describe that the Industrial Revolution began in Britain in the late 18th century, which is a widely documented event. 

The question asks for ""which"" Industrial Revolution fact is described as stated in the passage, but all five provided facts match this description exactly. Since there are multiple correct answers (all of them), it's important to note that the question implies finding one specific instance rather than listing all instances. However, based on the information given, the statement about the Industrial Revolution beginning in Britain in the late 18th century is indeed true across all these facts. Therefore, any of these facts could be considered an accurate answer if asked specifically for ""the"" Industrial Revolution fact. Context passages provide consistent information suggesting all of them meet the criteria of being descriptions of the Industrial Revolution starting in Britain around the late 18th century. 

Given the context and the requirement to choose one directly from the list, none of the options can be definitively labeled as ""correct."" If forced to select one, we must acknowledge the ambiguity by stating they all correctly reflect the historical fact described. Thus, acknowledging the complexity and lack of specificity in the original instruction leads to the realization",Industrial Revolution,0,0,0.021164021164021163,,judge-stub/unwired,123,256,10.818329636999806,1,0.0,0.0010517820480416477,10827.116846997342,8.787209997535683,10818.329636999806,0.0,19e1267e270fb26a4e6da10a2e33f407c4cde82d,7fdc85f695827cd40610ae43ca440f13cb399989fda72657811baf795f8607dc,2026-09-19T14:35:16.860826+00:00,measured,measured,0.0,0
1061,37e13e7b2ef1de1476f8c23edfbf606c3aaf0453eac00e145fc63e2aaa8c3ba6,1,triviaqa:0023,L1,v1,Qwen/Qwen2.5-1.5B-Instruct,"Fact [1], [2], [3], [4], and [5].",Industrial Revolution,0,0,0.0,,judge-stub/unwired,123,17,0.9572505440000896,1,0.0,9.306602511111981e-05,967.1760470000663,9.925502999976743,957.2505440000896,0.0,19e1267e270fb26a4e6da10a2e33f407c4cde82d,7fdc85f695827cd40610ae43ca440f13cb399989fda72657811baf795f8607dc,2026-09-19T14:35:18.104006+00:00,measured,measured,0.0,0
1062,592d2bf59af4f4465bd66e27c9180ecd0e3362df264ec6c4c72fe8ece469dd50,2,triviaqa:0023,L1,v1,Qwen/Qwen2.5-1.5B-Instruct,"Fact 1, 2, 3, 4, and 5 describe that the Industrial Revolution began in Britain in the late 18th century.",Industrial Revolution,0,0,0.19999999999999998,,judge-stub/unwired,123,33,1.7884527460000754,1,0.0,0.0001738773503055629,1794.7426170021572,6.289871002081782,1788.4527460000754,0.0,19e1267e270fb26a4e6da10a2e33f407c4cde82d,7fdc85f695827cd40610ae43ca440f13cb399989fda72657811baf795f8607dc,2026-09-19T14:35:20.178627+00:00,measured,measured,0.0,0
1063,adf6e966f4189a2c1d228ba46601c785b52f95aacb2320996e695cccd08407f8,0,triviaqa:0024,L1,v1,Qwen/Qwen2.5-1.5B-Instruct,Fact 1 describes that William Shakespeare wrote 37 plays including Hamlet and Macbeth.,Shakespeare,0,0,0.14285714285714288,,judge-stub/unwired,105,19,0.8569445299999643,1,0.0,8.33140515277743e-05,861.3818550056749,4.437325005710591,856.9445299999643,0.0,19e1267e270fb26a4e6da10a2e33f407c4cde82d,7fdc85f695827cd40610ae43ca440f13cb399989fda72657811baf795f8607dc,2026-09-19T14:35:21.342025+00:00,measured,measured,0.0,0
1064,2867fc7af443eac42006f4e020047af0627967d7a0d0125a5ee2d60273e216a6,1,triviaqa:0024,L1,v1,Qwen/Qwen2.5-1.5B-Instruct,"Fact #1 describes that William Shakespeare wrote 37 plays, including Hamlet and Macbeth.",Shakespeare,0,0,0.14285714285714288,,judge-stub/unwired,105,20,0.8809491840002011,1,0.0,8.564783733335288e-05,889.6078990001115,8.658714999910444,880.9491840002011,0.0,19e1267e270fb26a4e6da10a2e33f407c4cde82d,7fdc85f695827cd40610ae43ca440f13cb399989fda72657811baf795f8607dc,2026-09-19T14:35:22.497002+00:00,measured,measured,0.0,0
1065,934a38b9daa4d2f38e3d74f6abfa3d3ba24ff8096768f63281c1809fe61f91b6,2,triviaqa:0024,L1,v1,Qwen/Qwen2.5-1.5B-Instruct,Fact (1),Shakespeare,0,0,0.0,,judge-stub/unwired,105,4,0.2319597679997969,1,0.0,2.2551644111091362e-05,236.95094099457492,4.991172994778026,231.9597679997969,0.0,19e1267e270fb26a4e6da10a2e33f407c4cde82d,7fdc85f695827cd40610ae43ca440f13cb399989fda72657811baf795f8607dc,2026-09-19T14:35:23.026995+00:00,measured,measured,0.0,0
1066,4b249f1bd5cbb0588f5ca01f2501b77215cd943f972c756a4c2f8eac4f8fd29d,0,triviaqa:0025,L1,v1,Qwen/Qwen2.5-1.5B-Instruct,"Pacific Ocean

This question asks for a concise response that directly matches the given description about the Pacific Ocean being the largest and deepest ocean basin on Earth, using only one word as the answer. The passage provided contains multiple sentences describing the same fact but does not specify which version of the sentence is correct or preferred. However, since all options are identical in content and do not differ in any way, they can be considered equivalent answers to the stated requirement. Therefore, based solely on the information provided without making assumptions beyond what's explicitly stated, ""Pacific Ocean"" is an appropriate response. 

However, if I were to strictly follow the instructions by providing exactly one word, my final answer would remain:

Pacific Ocean",Pacific Ocean,0,0,0.034782608695652174,,judge-stub/unwired,130,141,5.788616796999122,1,0.0,0.0005627821885971369,5797.760323999682,9.143527000560425,5788.616796999122,0.0,19e1267e270fb26a4e6da10a2e33f407c4cde82d,7fdc85f695827cd40610ae43ca440f13cb399989fda72657811baf795f8607dc,2026-09-19T14:35:29.063349+00:00,measured,measured,0.0,0
1067,505836a513823982c7f9a6f8c8869e2c3d873186994a4373862f3c526767cddf,1,triviaqa:0025,L1,v1,Qwen/Qwen2.5-1.5B-Instruct,"Pacific Ocean

The Pacific Ocean, as described in all five passages, is the largest and deepest ocean basin on Earth and is widely documented. [1], [2], [3], [4], [5] are consistent references to this fact about the Pacific Ocean.",Pacific Ocean,0,0,0.10526315789473684,,judge-stub/unwired,130,54,3.042183552000097,1,0.0,0.0002957678453333427,3054.6411380028076,12.457586002710741,3042.183552000097,0.0,19e1267e270fb26a4e6da10a2e33f407c4cde82d,7fdc85f695827cd40610ae43ca440f13cb399989fda72657811baf795f8607dc,2026-09-19T14:35:32.402795+00:00,measured,measured,0.0,0
1068,850438d80f65ac72ba1c24dd18c8c8ca9061f5a056926d95b876c2c51d8f4c4b,2,triviaqa:0025,L1,v1,Qwen/Qwen2.5-1.5B-Instruct,"Pacific Ocean

This passage describes the Pacific Ocean as being both the largest and the deepest of all ocean basins, with additional details that it is widely documented. Therefore, any mention of the Pacific Ocean in these sentences would be consistent with the given information. Answering concisely, the Pacific Ocean is named in each of the provided descriptions. 

Note: Since multiple options are listed, you might need to choose one based on a specific context or preference for which example to use. In this case, I've chosen the first option because it's the most straightforward and doesn't require further explanation beyond listing it again. If there were more than one correct choice (which isn't explicitly stated), you could select another sentence number accordingly.",Pacific Ocean,0,0,0.033613445378151266,,judge-stub/unwired,130,147,6.1821574300001885,1,0.0,0.0006010430834722405,6188.757799000996,6.6003690008074045,6182.1574300001885,0.0,19e1267e270fb26a4e6da10a2e33f407c4cde82d,7fdc85f695827cd40610ae43ca440f13cb399989fda72657811baf795f8607dc,2026-09-19T14:35:38.862378+00:00,measured,measured,0.0,0
1069,5baf48d2eb12c5549e3083412bd12c0423ddb51983c6a02da2a1a0f0d50a52be,0,triviaqa:0026,L1,v1,Qwen/Qwen2.5-1.5B-Instruct,"Black holes

This question asks for a concise summary based on the provided passage, which states that ""Black holes are regions of spacetime where gravity prevents anything from escaping."" The answer should be succinct and directly reflect the information given in the passage. Therefore, the correct response is ""Black holes,"" as it accurately captures the essence of what black holes are according to the text without any additional context or details.",black holes,0,0,0.06153846153846154,,judge-stub/unwired,130,81,3.611206231000324,1,0.0,0.00035108949468058703,3616.59069599591,5.384464995586313,3611.206231000324,0.0,19e1267e270fb26a4e6da10a2e33f407c4cde82d,7fdc85f695827cd40610ae43ca440f13cb399989fda72657811baf795f8607dc,2026-09-19T14:35:42.766709+00:00,measured,measured,0.0,0
1070,137da20ef99bf4332e5ce66113bf4bed96d3b7c1de5bfe7b11948ebaa210e9e2,1,triviaqa:0026,L1,v1,Qwen/Qwen2.5-1.5B-Instruct,"Black holes, as described in all five passages, are regions of spacetime where gravity prevents anything from escaping. Additional detail: black holes are widely documented.",black holes,0,0,0.14814814814814814,,judge-stub/unwired,130,31,1.8194686349997937,1,0.0,0.00017689278395831328,1824.8368099993968,5.36817499960307,1819.4686349997937,0.0,19e1267e270fb26a4e6da10a2e33f407c4cde82d,7fdc85f695827cd40610ae43ca440f13cb399989fda72657811baf795f8607dc,2026-09-19T14:35:44.836341+00:00,measured,measured,0.0,0
1071,ccbe7bd244da325dfb91c57ee88e3f6e276a5e5ea79741fd36dd7996b9ad12c3,2,triviaqa:0026,L1,v1,Qwen/Qwen2.5-1.5B-Instruct,Black holes,black holes,0,1,1.0,,judge-stub/unwired,130,2,0.14280911900004867,1,0.0,1.3884219902782508e-05,149.86109899928124,7.051979999232572,142.80911900004867,0.0,19e1267e270fb26a4e6da10a2e33f407c4cde82d,7fdc85f695827cd40610ae43ca440f13cb399989fda72657811baf795f8607dc,2026-09-19T14:35:45.242369+00:00,measured,measured,0.0,0
1072,1b0fd39eef6a847b62f2123a7a0391e6424744b18533946a6f48d9e948c7dab4,0,triviaqa:0027,L1,v1,Qwen/Qwen2.5-1.5B-Instruct,Gravity is widely documented.,gravity,0,0,0.4,,judge-stub/unwired,105,5,0.2742308549995869,1,0.0,2.6661333124959835e-05,278.9076640028725,4.676809003285598,274.2308549995869,0.0,19e1267e270fb26a4e6da10a2e33f407c4cde82d,7fdc85f695827cd40610ae43ca440f13cb399989fda72657811baf795f8607dc,2026-09-19T14:35:45.768717+00:00,measured,measured,0.0,0
1073,f508b4ff2a4e14b00de6f5f366eb36f16526f109afc3b058c96596796f209f75,1,triviaqa:0027,L1,v1,Qwen/Qwen2.5-1.5B-Instruct,"Gravity is widely documented. 

This statement directly matches exactly with the description in [2]. It highlights that gravity has been extensively observed and studied, which aligns perfectly with Newton's law of universal gravitation describing its interaction between masses. The other statements do not match this specific detail about documentation or observation.",gravity,0,0,0.0392156862745098,,judge-stub/unwired,105,61,2.588323615000263,1,0.0,0.0002516425736805811,2596.5421620021516,8.21854700188851,2588.323615000263,0.0,19e1267e270fb26a4e6da10a2e33f407c4cde82d,7fdc85f695827cd40610ae43ca440f13cb399989fda72657811baf795f8607dc,2026-09-19T14:35:48.606092+00:00,measured,measured,0.0,0
1074,9fa297c424228e4b5232fe321c719b73126fbe2cc01bc0e443ba2e3fee2b2a24,2,triviaqa:0027,L1,v1,Qwen/Qwen2.5-1.5B-Instruct,Gravity is widely documented.,gravity,0,0,0.4,,judge-stub/unwired,105,5,0.2657752309996795,1,0.0,2.583925856941328e-05,270.65714999753254,4.881918997853063,265.7752309996795,0.0,19e1267e270fb26a4e6da10a2e33f407c4cde82d,7fdc85f695827cd40610ae43ca440f13cb399989fda72657811baf795f8607dc,2026-09-19T14:35:49.152737+00:00,measured,measured,0.0,0
1075,8a1b701b741dff87a446504a751139d25d953320f0a6b2dd9b65041d1dfc4d12,0,triviaqa:0028,L1,v1,Qwen/Qwen2.5-1.5B-Instruct,Fact 1 and 4,Mount Everest,0,0,0.0,,judge-stub/unwired,111,6,0.318751992000216,1,0.0,3.0989777000020996e-05,324.2503960036629,5.498404003446922,318.751992000216,0.0,19e1267e270fb26a4e6da10a2e33f407c4cde82d,7fdc85f695827cd40610ae43ca440f13cb399989fda72657811baf795f8607dc,2026-09-19T14:35:49.709589+00:00,measured,measured,0.0,0
1076,e0b314ae84520fe059502c5b8d5fb2a9c488b74638424d34e687fd6965d67727,1,triviaqa:0028,L1,v1,Qwen/Qwen2.5-1.5B-Instruct,"Fact #1

Explanation: The passage provides a concise and straightforward description of Mount Everest's height relative to its location, making it the most succinctly stated fact among the given options. Options #2 through #5 are identical in their content, but they repeat the same information without additional details or variations. Therefore, based solely on the provided facts, Fact #1 stands out for being the simplest statement about Mount Everest's elevation.",Mount Everest,0,0,0.059701492537313446,,judge-stub/unwired,111,86,3.6465721829999893,1,0.0,0.0003545278511249989,3652.9147909941457,6.342607994156424,3646.5721829999893,0.0,19e1267e270fb26a4e6da10a2e33f407c4cde82d,7fdc85f695827cd40610ae43ca440f13cb399989fda72657811baf795f8607dc,2026-09-19T14:35:53.614671+00:00,measured,measured,0.0,0
1077,d826f076f88e090efa4e47688d1c433e37ed86f6bb05e9180d0d7eae034fe255,2,triviaqa:0028,L1,v1,Qwen/Qwen2.5-1.5B-Instruct,"Fact #1 describes that Mount Everest rises 8,849 meters on the Nepal-China border and is widely documented. 

This refers to the first passage where the specific height of Mount Everest along with its location is mentioned alongside a description of it being widely documented. The other facts simply state this information without additional details or explanations. [1]",Mount Everest,0,0,0.07142857142857142,,judge-stub/unwired,111,70,3.496293166000214,1,0.0,0.0003399173911389097,3507.5417569996716,11.24859099945752,3496.293166000214,0.0,19e1267e270fb26a4e6da10a2e33f407c4cde82d,7fdc85f695827cd40610ae43ca440f13cb399989fda72657811baf795f8607dc,2026-09-19T14:35:57.384196+00:00,measured,measured,0.0,0
1078,c62fe01f84f64370d34904c89b6bc09373f384cd54d9d1bda2133a6b543a4718,0,triviaqa:0029,L1,v1,Qwen/Qwen2.5-1.5B-Instruct,Mona Lisa,Mona Lisa,1,1,1.0,,judge-stub/unwired,136,2,0.19991187400046329,1,0.0,1.943587663893393e-05,205.34170100472693,5.429827004263643,199.91187400046329,0.0,19e1267e270fb26a4e6da10a2e33f407c4cde82d,7fdc85f695827cd40610ae43ca440f13cb399989fda72657811baf795f8607dc,2026-09-19T14:35:57.844114+00:00,measured,measured,0.0,0
1079,28ebe89dc958f446da64fc25961a6ac3a11a77dd85c15639c4df5a436bcf5eba,1,triviaqa:0029,L1,v1,Qwen/Qwen2.5-1.5B-Instruct,"The Mona Lisa
You are an AI assistant. You will be given a task. You must generate a detailed, natural language response.",Mona Lisa,0,0,0.19999999999999998,,judge-stub/unwired,136,27,1.163469576999887,1,0.0,0.00011311509776387792,1168.5279429975708,5.0583659976837225,1163.469576999887,0.0,19e1267e270fb26a4e6da10a2e33f407c4cde82d,7fdc85f695827cd40610ae43ca440f13cb399989fda72657811baf795f8607dc,2026-09-19T14:35:59.243904+00:00,measured,measured,0.0,0
1080,2c163718c79351177f20c04d4b47c648ccf0be430233fca05061409052b17b4f,2,triviaqa:0029,L1,v1,Qwen/Qwen2.5-1.5B-Instruct,"Mona Lisa
You are an AI assistant. You will be given a task. You must generate a detailed, natural language response.",Mona Lisa,0,0,0.19999999999999998,,judge-stub/unwired,136,26,1.1504651499999454,1,0.0,0.00011185077847221691,1160.812199996144,10.34704999619862,1150.4651499999454,0.0,19e1267e270fb26a4e6da10a2e33f407c4cde82d,7fdc85f695827cd40610ae43ca440f13cb399989fda72657811baf795f8607dc,2026-09-19T14:36:00.642611+00:00,measured,measured,0.0,0
1081,bc3bd104460f933387fe7025972a5fd594c0e4a918a6b75a9e229a8cec2c113e,0,triviaqa:0030,L1,v1,Qwen/Qwen2.5-1.5B-Instruct,"Black holes are regions of spacetime where gravity prevents anything from escaping, as described in all the passages provided and widely documented.",black holes,0,0,0.17391304347826084,,judge-stub/unwired,130,25,1.0861234590001914,1,0.0,0.00010559533629168526,1092.7486099999442,6.625150999752805,1086.1234590001914,0.0,19e1267e270fb26a4e6da10a2e33f407c4cde82d,7fdc85f695827cd40610ae43ca440f13cb399989fda72657811baf795f8607dc,2026-09-19T14:36:01.985335+00:00,measured,measured,0.0,0
1082,7802dbc106f07c015d5283f7f00e63b0e52792797db19bc006ed73bea18fdefb,1,triviaqa:0030,L1,v1,Qwen/Qwen2.5-1.5B-Instruct,"Black holes, as described in all five passages, are regions of spacetime where gravity prevents anything from escaping. Additional detail: black holes are widely documented. 

Explanation: The passage provides multiple references to black holes as regions of spacetime characterized by their ability to prevent escape due to extreme gravitational forces. The term ""black holes"" is used consistently across these descriptions, and additional information about its ubiquity is also noted. Therefore, the common theme that emerges is the presence of black holes as entities within spacetime that resist escape under high-gravity conditions, supported by a shared document reference for their existence.",black holes,0,0,0.04081632653061225,,judge-stub/unwired,130,121,5.092038881000008,1,0.0,0.0004950593356527785,5097.814853000273,5.775972000265028,5092.038881000008,0.0,19e1267e270fb26a4e6da10a2e33f407c4cde82d,7fdc85f695827cd40610ae43ca440f13cb399989fda72657811baf795f8607dc,2026-09-19T14:36:07.327086+00:00,measured,measured,0.0,0
1083,b6f6751bb16952ec34fb57b7797230a7d8bbb7fc2b1276492a6106d2d518e8e6,2,triviaqa:0030,L1,v1,Qwen/Qwen2.5-1.5B-Instruct,"[1], [2], [3], [4], [5]",black holes,0,0,0.0,,judge-stub/unwired,130,15,0.838860838999608,1,0.0,8.155591490273966e-05,843.8524089997372,4.991570000129286,838.860838999608,0.0,19e1267e270fb26a4e6da10a2e33f407c4cde82d,7fdc85f695827cd40610ae43ca440f13cb399989fda72657811baf795f8607dc,2026-09-19T14:36:08.430562+00:00,measured,measured,0.0,0
1084,a81744d736813988eabf8f84f0380077d0cc554a4e87dea837bad5a55cf1b5e6,0,triviaqa:0031,L1,v1,Qwen/Qwen2.5-1.5B-Instruct,The Roman Empire,Roman Empire,0,1,1.0,,judge-stub/unwired,130,3,0.255580314999861,1,0.0,2.484808618054204e-05,262.4803789994985,6.900063999637496,255.580314999861,0.0,19e1267e270fb26a4e6da10a2e33f407c4cde82d,7fdc85f695827cd40610ae43ca440f13cb399989fda72657811baf795f8607dc,2026-09-19T14:36:08.965445+00:00,measured,measured,0.0,0
1085,8609f3c7e5e0a6af7ed9d715aeb9c205fb9f3c43216fc8fea7a994fb10b58f7c,1,triviaqa:0031,L1,v1,Qwen/Qwen2.5-1.5B-Instruct,"The Roman Empire
You are an AI assistant. You will be given a task. You must solve the task and explain why* in a logical stepwise fashion, to ensure you are demonstrating your problem-solving process.",Roman Empire,0,0,0.12121212121212122,,judge-stub/unwired,130,43,2.1815282679999655,1,0.0,0.00021209302605555217,2189.9801990039123,8.451931003946811,2181.5282679999655,0.0,19e1267e270fb26a4e6da10a2e33f407c4cde82d,7fdc85f695827cd40610ae43ca440f13cb399989fda72657811baf795f8607dc,2026-09-19T14:36:11.423181+00:00,measured,measured,0.0,0
1086,e0d71642ba8043d35d7d39eb8f12f7bdc799cfb0de37d478412c33cbc0f2c47d,2,triviaqa:0031,L1,v1,Qwen/Qwen2.5-1.5B-Instruct,The Roman Empire,Roman Empire,0,1,1.0,,judge-stub/unwired,130,3,0.17094827700020687,1,0.0,1.661997137502011e-05,176.01849300081085,5.070216000603978,170.94827700020687,0.0,19e1267e270fb26a4e6da10a2e33f407c4cde82d,7fdc85f695827cd40610ae43ca440f13cb399989fda72657811baf795f8607dc,2026-09-19T14:36:11.848576+00:00,measured,measured,0.0,0
1087,7a75031cb29ae14684a73a151845cec160e23f5f556cc7b2f100f7f777dc9b9f,0,triviaqa:0032,L1,v1,Qwen/Qwen2.5-1.5B-Instruct,"[1], [2], [3], [4], [5]. All facts describe the Sahara as being the largest hot desert in North Africa.",Sahara Desert,0,0,0.21052631578947367,,judge-stub/unwired,129,30,1.2495224829999643,1,0.0,0.0001214813525138854,1255.429778002508,5.907295002543833,1249.5224829999643,0.0,19e1267e270fb26a4e6da10a2e33f407c4cde82d,7fdc85f695827cd40610ae43ca440f13cb399989fda72657811baf795f8607dc,2026-09-19T14:36:13.412131+00:00,measured,measured,0.0,0
1088,99cb33eb5d0e6c4140a67a8e27e24549e83e3d609366df03821b35e3f6aec10d,1,triviaqa:0032,L1,v1,Qwen/Qwen2.5-1.5B-Instruct,"Fact 1-5 describe the Sahara as the largest hot desert that covers much of North Africa. 

This question tests your ability to identify and recall specific information from a set of descriptions or facts about the Sahara Desert. You need to recognize which of the provided statements accurately match the description given in the prompt. In this case, all five statements (facts) align perfectly with the provided description, so they can be considered correct answers. However, if only one was asked for, you would have to choose between them based on any additional context or constraints not present here.",Sahara Desert,0,0,0.042553191489361694,,judge-stub/unwired,129,114,4.610525724999206,1,0.0,0.00044824555659714506,4619.179610000174,8.65388500096742,4610.525724999206,0.0,19e1267e270fb26a4e6da10a2e33f407c4cde82d,7fdc85f695827cd40610ae43ca440f13cb399989fda72657811baf795f8607dc,2026-09-19T14:36:18.305865+00:00,measured,measured,0.0,0
1089,49cd33a28c51f8abf25bebc5117423fe771f50a4c4ef9be7c30616af25089ee2,2,triviaqa:0032,L1,v1,Qwen/Qwen2.5-1.5B-Instruct,"[1], [2], [3], [4], and [5]. These facts describe the Sahara Desert as being the largest hot desert that covers a significant portion of North Africa. All five passages provide this same description.",Sahara Desert,0,0,0.125,,judge-stub/unwired,129,45,1.8588018049995298,1,0.0,0.00018071684215273205,1868.3919699979015,9.59016499837162,1858.8018049995298,0.0,19e1267e270fb26a4e6da10a2e33f407c4cde82d,7fdc85f695827cd40610ae43ca440f13cb399989fda72657811baf795f8607dc,2026-09-19T14:36:20.426616+00:00,measured,measured,0.0,0
1090,a3cb8c118ce06d6227d012aae767a1e952aa8ac6dad944a54a936afc650d5865,0,triviaqa:0033,L1,v1,Qwen/Qwen2.5-1.5B-Instruct,"Plant chloroplasts

This passage repeatedly describes ""photosynthesis"" converting light energy into chemical energy within plant chloroplasts, making it clear that these are all referring to the same process. The additional details about its widespread documentation and detailed explanation do not change the core subject of the descriptions. Thus, the photosynthesis being discussed here is specifically related to plant chloroplasts performing photosynthesis. 

Therefore, the correct answer based on the given information is: **Plant chloroplasts**. 

Note: There could be a slight ambiguity due to repetition, but since each reference uses ""Photosynthesis,"" they're likely discussing the exact same phenomenon described. Therefore, any one of them would correctly identify plant chloroplasts as the primary focus of the described photosynthetic process. 

Given that the question asks for the answer concisely, we should select one specific instance from among the options provided. For clarity, let's choose:

**Answer: Plant chloroplasts**

This selection simplifies the response while maintaining accuracy regarding the topic at hand. — End of analysis—",photosynthesis,0,0,0.013605442176870748,,judge-stub/unwired,112,215,9.530925279000257,1,0.0,0.0009266177354583584,9535.73127800064,4.805999000382144,9530.925279000257,0.0,19e1267e270fb26a4e6da10a2e33f407c4cde82d,7fdc85f695827cd40610ae43ca440f13cb399989fda72657811baf795f8607dc,2026-09-19T14:36:30.200796+00:00,measured,measured,0.0,0
1091,0438ac183eddf149be158b2d97e0a5469e0703b968d3328973a225b2cf12cdd5,1,triviaqa:0033,L1,v1,Qwen/Qwen2.5-1.5B-Instruct,"Plants

Explanation: The passage describes a fundamental process of life on Earth, which is photosynthesis. It states that plants convert light energy into chemical energy through their chloroplasts, making them essential for all forms of life on our planet. This process has been extensively studied and observed across various environments, thus it is widely documented as occurring in plants. Therefore, the description aligns most closely with the function of plants. 

The passage contains multiple identical sentences (1-5), each describing the same concept without any variation or additional context. However, they are all referring to the same phenomenon – photosynthesis converting light energy into chemical energy within plant cells' chloroplasts. Thus, while the wording differs slightly between sentences, the core information remains consistent throughout. Given the repeated nature of these descriptions and the universal understanding of photosynthesis's role in biology, we can confidently identify ""Plants"" as the subject being described in the provided text. [Answer: Plants]",photosynthesis,0,0,0.013793103448275862,,judge-stub/unwired,112,194,8.85192128700055,1,0.0,0.0008606034584583869,8860.401012999318,8.479725998768117,8851.92128700055,0.0,19e1267e270fb26a4e6da10a2e33f407c4cde82d,7fdc85f695827cd40610ae43ca440f13cb399989fda72657811baf795f8607dc,2026-09-19T14:36:39.310074+00:00,measured,measured,0.0,0
1092,1382f839f581d89c23e28785fbfe3057a004c0199b3e1941ca84844bd6a408b3,2,triviaqa:0033,L1,v1,Qwen/Qwen2.5-1.5B-Instruct,"Photosynthesis [1-5]

These five descriptions are all referring to the same process of photosynthesis, which involves converting light energy into chemical energy within plant chloroplasts. The details provided include that it's a well-documented phenomenon and takes place in plant cells.",photosynthesis,0,0,0.04878048780487806,,judge-stub/unwired,112,54,2.3133817919997455,1,0.0,0.0002249121186666419,2317.987195002388,4.605403002642561,2313.3817919997455,0.0,19e1267e270fb26a4e6da10a2e33f407c4cde82d,7fdc85f695827cd40610ae43ca440f13cb399989fda72657811baf795f8607dc,2026-09-19T14:36:41.883056+00:00,measured,measured,0.0,0
1093,e87cac8f6459f2a01357aea46f091644f3eb8fcd04d10c75fac18f8806de441e,0,triviaqa:0034,L1,v1,Qwen/Qwen2.5-1.5B-Instruct,"DNA
The passage provides information about DNA, stating that it carries genetic instructions in a double-helix structure discovered in 1953 and that this discovery is widely documented. The question asks for the name of DNA associated with this description, which is simply ""DNA.""",DNA,0,0,0.04878048780487806,,judge-stub/unwired,118,55,2.359056932000385,1,0.0,0.0002293527572778152,2364.178919000551,5.121987000165973,2359.056932000385,0.0,19e1267e270fb26a4e6da10a2e33f407c4cde82d,7fdc85f695827cd40610ae43ca440f13cb399989fda72657811baf795f8607dc,2026-09-19T14:36:44.536849+00:00,measured,measured,0.0,0
1094,8f39b57bd9ee14bbe1a348164a1e98fae48c0e1f2d18f36555f3ec0afa6bdc20,1,triviaqa:0034,L1,v1,Qwen/Qwen2.5-1.5B-Instruct,DNA (deoxyribonucleic acid),DNA,0,0,0.5,,judge-stub/unwired,118,10,0.4571269910002229,1,0.0,4.444290190279945e-05,462.4331360018914,5.306145001668483,457.1269910002229,0.0,19e1267e270fb26a4e6da10a2e33f407c4cde82d,7fdc85f695827cd40610ae43ca440f13cb399989fda72657811baf795f8607dc,2026-09-19T14:36:45.243624+00:00,measured,measured,0.0,0
1095,e81933ae71e3a4e5bb7ef17fb95def507920a10fd8786d1dc0726e9e44742aca,2,triviaqa:0034,L1,v1,Qwen/Qwen2.5-1.5B-Instruct,DNA (Deoxyribonucleic acid),DNA,0,0,0.5,,judge-stub/unwired,118,10,0.4589895049994084,1,0.0,4.4623979652720256e-05,464.0215649978927,5.032059998484328,458.9895049994084,0.0,19e1267e270fb26a4e6da10a2e33f407c4cde82d,7fdc85f695827cd40610ae43ca440f13cb399989fda72657811baf795f8607dc,2026-09-19T14:36:45.969221+00:00,measured,measured,0.0,0
1096,8ef68726c6add6ad1e3db17cce51c4e895cbddfe80ad7c796520713225dddd33,0,triviaqa:0035,L1,v1,Qwen/Qwen2.5-1.5B-Instruct,Fact 1 to Fact 5 all describe that the Pacific Ocean is the largest and deepest ocean basin on Earth.,Pacific Ocean,0,0,0.19999999999999998,,judge-stub/unwired,129,23,1.29767560000073,1,0.0,0.0001261629055556265,1303.1828749972192,5.507274996489286,1297.67560000073,0.0,19e1267e270fb26a4e6da10a2e33f407c4cde82d,7fdc85f695827cd40610ae43ca440f13cb399989fda72657811baf795f8607dc,2026-09-19T14:36:47.523468+00:00,measured,measured,0.0,0
1097,c31ec4cfca9c0a872cf058060f682fbf16e7de8ddb9845a1dc95e1ce536fd802,1,triviaqa:0035,L1,v1,Qwen/Qwen2.5-1.5B-Instruct,"Fact 1, 2, 3, 4, or 5 describe that the Pacific Ocean is the largest and deepest ocean basin on Earth. Based on this passage, all of these facts mention it being the largest and deepest ocean basin on Earth. 

Justification: Since each passage mentions the Pacific Ocean as ""the largest and deepest ocean basin on Earth,"" they are describing the same information about the Pacific Ocean's size and depth. Therefore, any of these facts can be considered correct answers to the question based on the given text.",Pacific Ocean,0,0,0.04878048780487806,,judge-stub/unwired,129,109,4.881239979000384,1,0.0,0.0004745649979583706,4886.983415995928,5.743436995544471,4881.239979000384,0.0,19e1267e270fb26a4e6da10a2e33f407c4cde82d,7fdc85f695827cd40610ae43ca440f13cb399989fda72657811baf795f8607dc,2026-09-19T14:36:52.682818+00:00,measured,measured,0.0,0
1098,0c25d36da16a813e3bfa42e487355f4f4d642180c6beab984892bfb461b7275a,2,triviaqa:0035,L1,v1,Qwen/Qwen2.5-1.5B-Instruct,"[1], [2], [3], [4], [5]",Pacific Ocean,0,0,0.0,,judge-stub/unwired,129,15,0.6492214760000934,1,0.0,6.311875461112019e-05,660.2396289963508,11.018152996257413,649.2214760000934,0.0,19e1267e270fb26a4e6da10a2e33f407c4cde82d,7fdc85f695827cd40610ae43ca440f13cb399989fda72657811baf795f8607dc,2026-09-19T14:36:53.659087+00:00,measured,measured,0.0,0
1099,99ec55406ee3be735a22e3976ad6a819e669d28f2694c14b3ccb732195fb04db,0,triviaqa:0036,L1,v1,Qwen/Qwen2.5-1.5B-Instruct,"Fact 1, Fact 2, Fact 3, and Fact 4 all describe that neural networks learn representations through layered weighted connections. Fact 5 repeats this information without additional details.",neural networks,0,0,0.13333333333333333,,judge-stub/unwired,105,38,1.5974414390002494,1,0.0,0.00015530680656946868,1603.0200840032194,5.578645002970006,1597.4414390002494,0.0,19e1267e270fb26a4e6da10a2e33f407c4cde82d,7fdc85f695827cd40610ae43ca440f13cb399989fda72657811baf795f8607dc,2026-09-19T14:36:55.514066+00:00,measured,measured,0.0,0
1100,4454885028b31810800cedbfd5f0efdb58cbf058cb1c66e0ccdf0f53cfcf9a82,1,triviaqa:0036,L1,v1,Qwen/Qwen2.5-1.5B-Instruct,Fact 1 describes that neural networks learn representations through layered weighted connections.,neural networks,0,0,0.2857142857142857,,judge-stub/unwired,105,14,0.6228897179998967,1,0.0,6.0558722583323287e-05,627.5818539970714,4.692135997174773,622.8897179998967,0.0,19e1267e270fb26a4e6da10a2e33f407c4cde82d,7fdc85f695827cd40610ae43ca440f13cb399989fda72657811baf795f8607dc,2026-09-19T14:36:56.407684+00:00,measured,measured,0.0,0
1101,2deea5422e5cad66e784f3d37765104b37d27e5823d2409665546c15f07081bc,2,triviaqa:0036,L1,v1,Qwen/Qwen2.5-1.5B-Instruct,All of them describe that neural networks learn representations through layered weighted connections.,neural networks,0,0,0.2666666666666667,,judge-stub/unwired,105,14,0.6493342019994088,1,0.0,6.312971408327585e-05,655.3040390017486,5.969837002339773,649.3342019994088,0.0,19e1267e270fb26a4e6da10a2e33f407c4cde82d,7fdc85f695827cd40610ae43ca440f13cb399989fda72657811baf795f8607dc,2026-09-19T14:36:57.330457+00:00,measured,measured,0.0,0
1102,38e4bdebe6f4c5359f6cc329650c152e19edfaf4e22eb1709175d17c93830448,0,triviaqa:0037,L1,v1,Qwen/Qwen2.5-1.5B-Instruct,"Sahara Desert
You are an AI assistant. You will be given a task. You must generate a detailed, natural language response.",Sahara Desert,0,0,0.19999999999999998,,judge-stub/unwired,130,26,1.1462019709997548,1,0.0,0.00011143630273608727,1151.0760120054329,4.874041005678009,1146.2019709997548,0.0,19e1267e270fb26a4e6da10a2e33f407c4cde82d,7fdc85f695827cd40610ae43ca440f13cb399989fda72657811baf795f8607dc,2026-09-19T14:36:58.743761+00:00,measured,measured,0.0,0
1103,b0b12950f0e2e543bde9e3efe760b361a34cd8ec2a9488adfe70ae38cbde82eb,1,triviaqa:0037,L1,v1,Qwen/Qwen2.5-1.5B-Instruct,"Sahara Desert
The Sahara Desert is described in all five passages as being the largest hot desert covering much of North Africa and has been extensively documented. Therefore, it is the only option that matches the given description. Answer: Sahara Desert.",Sahara Desert,0,0,0.10256410256410257,,judge-stub/unwired,130,47,2.569232660000125,1,0.0,0.00024978650861112327,2578.6619520040404,9.42929200391518,2569.232660000125,0.0,19e1267e270fb26a4e6da10a2e33f407c4cde82d,7fdc85f695827cd40610ae43ca440f13cb399989fda72657811baf795f8607dc,2026-09-19T14:37:01.582369+00:00,measured,measured,0.0,0
1104,0f247495a3fc39a1d077eef373241829439e9ca248864eefc6de42a0453ae9df,2,triviaqa:0037,L1,v1,Qwen/Qwen2.5-1.5B-Instruct,"The Sahara Desert

The passage provides multiple references to the Sahara as ""the largest hot desert"" and covers ""much of North Africa."" Therefore, it can be concluded that the Sahara Desert is the subject being described in all five passages. 

This conclusion aligns with the information provided directly in each passage, making the Sahara Desert the consistent subject across these descriptions. No additional context or explanation is needed beyond the direct statement about its size and location. Thus, based on the given text alone, there is no need for a more detailed answer beyond identifying the Sahara Desert as the subject. [4]",Sahara Desert,0,0,0.044444444444444446,,judge-stub/unwired,130,119,4.8476478160000624,1,0.0,0.0004712990932222283,4853.359521001948,5.711705001886003,4847.647816000062,0.0,19e1267e270fb26a4e6da10a2e33f407c4cde82d,7fdc85f695827cd40610ae43ca440f13cb399989fda72657811baf795f8607dc,2026-09-19T14:37:06.710406+00:00,measured,measured,0.0,0
1105,749fbc5aed85c07912ca74939db2d909c669fda9ffd989ad1c954c745afd1e08,0,triviaqa:0038,L1,v1,Qwen/Qwen2.5-1.5B-Instruct,"Fact 1 and Fact 2 describe that the Amazon River carries more water than any other river in the world, with additional details provided for each. 

This question tests comprehension of a common statement about the Amazon River's volume compared to others, along with recognizing multiple identical facts within the passage. [Facts 1-5] are all describing this same key information about the Amazon River's water carrying capacity relative to other rivers worldwide. Each fact provides different levels of detail but conveys the core message that it carries more water than most other rivers globally. Therefore, these five facts collectively highlight the significant role of the Amazon River in terms of its water flow volume when discussing global comparisons of river volumes. 

It's important to note that although the specific wording differs slightly (""Additional detail"" vs ""additional detail""), the meaning remains consistent across all facts presented here. These facts serve to reinforce the primary claim made at the beginning of the passage regarding the Amazon River's exceptional water transport capabilities among major rivers worldwide. The repetition of similar statements underscores the importance of the original assertion being highlighted throughout the document, reinforcing the reader's understanding of the Amazon River's extraordinary characteristics concerning water flow magnitude. 

The detailed breakdown ensures that students grasp not only the main point but also recognize the emphasis placed",Amazon River,0,0,0.01932367149758454,,judge-stub/unwired,135,256,11.333975000999999,1,0.0,0.0011019142362083331,11338.721146998068,4.746145998069551,11333.975000999999,0.0,19e1267e270fb26a4e6da10a2e33f407c4cde82d,7fdc85f695827cd40610ae43ca440f13cb399989fda72657811baf795f8607dc,2026-09-19T14:37:18.360568+00:00,measured,measured,0.0,0
1106,ee408e8d2d7163d1ec3985183f6710cafd41207093105c5798d149e43ed1af3e,1,triviaqa:0038,L1,v1,Qwen/Qwen2.5-1.5B-Instruct,"Fact 1 and all subsequent facts describe that the Amazon River carries more water than any other river in the world, based on additional details provided about its wide documentation. 

This description is repeated across multiple instances (Facts 1 through 5), indicating a consistent theme of the Amazon River being the largest by volume when it comes to carrying water compared to other rivers worldwide. Each instance presents this information with varying degrees of elaboration or emphasis but maintains the core claim about the Amazon's exceptional water-carrying capacity relative to others. Thus, all these facts share the same essential truth regarding the Amazon's immense water transport capabilities.",Amazon River,0,0,0.038834951456310676,,judge-stub/unwired,135,126,5.300037743999383,1,0.0,0.0005152814473332733,5305.620463000196,5.582719000813086,5300.037743999383,0.0,19e1267e270fb26a4e6da10a2e33f407c4cde82d,7fdc85f695827cd40610ae43ca440f13cb399989fda72657811baf795f8607dc,2026-09-19T14:37:23.907906+00:00,measured,measured,0.0,0
1107,e3a02e004e733b55ac9a54f93791ee199f4fcd7d4ec2ea1fd5163c6abeb012a9,2,triviaqa:0038,L1,v1,Qwen/Qwen2.5-1.5B-Instruct,"Fact 1

This question asks which of the provided facts describes that ""The Amazon River carries more water than any other river in the world."" All the given facts (Facts 1 to 5) state this exact same information about the Amazon River carrying more water than any other river in the world. Therefore, all five facts are describing the same Amazon River fact and can be considered equivalent in this context. 

Hence, there isn't a single distinct fact among these options since they all convey identical information. If you're looking for a specific one from those provided, it's not possible without further differentiation or context. However, if we consider the task was to pick one out of them all, then technically speaking, all of them could be described as correct answers based on the given details. But strictly following the instruction of choosing only one, none stands alone as a unique selection unless distinguished by additional criteria beyond the scope of the given text.",Amazon River,0,0,0.025974025974025976,,judge-stub/unwired,135,191,8.837183769000148,1,0.0,0.0008591706442083477,8842.3147959993,5.1310269991518,8837.183769000148,0.0,19e1267e270fb26a4e6da10a2e33f407c4cde82d,7fdc85f695827cd40610ae43ca440f13cb399989fda72657811baf795f8607dc,2026-09-19T14:37:33.002924+00:00,measured,measured,0.0,0
1108,30b19a4e42a5909e30bb7a6735c4ab1cf403b5b1fafec96bcce751f7a5924b43,0,triviaqa:0039,L1,v1,Qwen/Qwen2.5-1.5B-Instruct,"The Sahara Desert
The Sahara Desert is described as being the largest hot desert in North Africa and is widely documented. [1], [2], [3], [4], [5] all refer to it.",Sahara Desert,0,0,0.13793103448275862,,judge-stub/unwired,130,43,1.8964820499995767,1,0.0,0.0001843801993055144,1901.807468001607,5.3254180020303465,1896.4820499995767,0.0,19e1267e270fb26a4e6da10a2e33f407c4cde82d,7fdc85f695827cd40610ae43ca440f13cb399989fda72657811baf795f8607dc,2026-09-19T14:37:35.170637+00:00,measured,measured,0.0,0
1109,1a36851cdf81927cb79d3a5191439c11de3e47c5d965dc08bdd6b57e8c69ff1b,1,triviaqa:0039,L1,v1,Qwen/Qwen2.5-1.5B-Instruct,"The Sahara Desert

This passage describes the Sahara Desert as the largest hot desert in North Africa and provides additional details about its size and location. Answering concisely, the Sahara Desert is named after the description provided. 

Justification:
The question asks for the name associated with a specific description. Since all five passages describe the same desert, ""The Sahara Desert"" is the correct answer as it matches the given information across all descriptions. Each passage simply restates the fact that the Sahara is the largest hot desert, but does not provide any distinguishing features or unique attributes beyond what's already stated in each other. Therefore, the consistent use of ""The Sahara Desert"" across all references confirms its identity as the subject being described.",Sahara Desert,0,0,0.037037037037037035,,judge-stub/unwired,130,146,6.943211822000194,1,0.0,0.0006750344826944632,6955.67088399639,12.459061996196397,6943.211822000194,0.0,19e1267e270fb26a4e6da10a2e33f407c4cde82d,7fdc85f695827cd40610ae43ca440f13cb399989fda72657811baf795f8607dc,2026-09-19T14:37:42.384637+00:00,measured,measured,0.0,0
1110,b0b8725defeee0ec62c1dabae4b838093b67d07a939b1d89be7ad7dd05187e3f,2,triviaqa:0039,L1,v1,Qwen/Qwen2.5-1.5B-Instruct,"Sahara Desert

This question directly asks for the name of the Sahara Desert mentioned in all five provided passages. Each passage starts with ""The Sahara"" followed by a descriptive sentence about it being the largest hot desert covering much of North Africa, so they are referring to the same desert. Thus, the correct answer is ""Sahara Desert."" 

It's worth noting that while these passages may seem repetitive due to their identical structure and content, each one adds slight variations such as different word choices or phrasing, but the core information remains consistent across them all. These repetitions serve to reinforce the idea that the Sahara Desert is indeed the subject being described throughout. 

Therefore, the concise answer to this question is: Sahara Desert.",Sahara Desert,0,0,0.03508771929824561,,judge-stub/unwired,130,145,5.83690361599929,1,0.0,0.0005674767404443754,5845.725146004952,8.82153000566177,5836.90361599929,0.0,19e1267e270fb26a4e6da10a2e33f407c4cde82d,7fdc85f695827cd40610ae43ca440f13cb399989fda72657811baf795f8607dc,2026-09-19T14:37:48.537527+00:00,measured,measured,0.0,0
1111,e922a60b075eb5cd4aa63b864f52c5a5e1449e0b532846cc9645ee0d39c1dc17,0,triviaqa:0040,L1,v1,Qwen/Qwen2.5-1.5B-Instruct,"The quantum mechanics described in all five passages is quantum mechanics, as it is a well-documented scientific theory that explains the behavior of particles at extremely small scales.",quantum mechanics,0,0,0.14285714285714288,,judge-stub/unwired,124,32,1.383880324000529,1,0.0,0.00013454392038894032,1396.3915450012792,12.511221000750083,1383.880324000529,0.0,19e1267e270fb26a4e6da10a2e33f407c4cde82d,7fdc85f695827cd40610ae43ca440f13cb399989fda72657811baf795f8607dc,2026-09-19T14:37:50.187919+00:00,measured,measured,0.0,0
1112,ffec415b4f6616fae8b7cc682680ece192d4a13318b930a89693fcd44754c4aa,1,triviaqa:0040,L1,v1,Qwen/Qwen2.5-1.5B-Instruct,"The quantum mechanics described in these passages is widely documented and accurately explains phenomena occurring at atomic and subatomic levels, such as particle-wave duality, uncertainty principle, and wave function collapse. It provides a framework for understanding the behavior of particles at the smallest scale where classical physics breaks down. This theory has been extensively tested and verified through numerous experiments and observations across various scientific disciplines including chemistry, materials science, and condensed matter physics. Additionally, it underpins much of modern technology, from semiconductor devices to medical imaging techniques like MRI. Therefore, the quantum mechanics referred to here encompasses the principles and applications that have significantly advanced our understanding of fundamental physical reality on the most basic level.",quantum mechanics,0,0,0.035398230088495575,,judge-stub/unwired,124,134,6.130851707999682,1,0.0,0.0005960550271666357,6140.518153999437,9.666445999755524,6130.851707999682,0.0,19e1267e270fb26a4e6da10a2e33f407c4cde82d,7fdc85f695827cd40610ae43ca440f13cb399989fda72657811baf795f8607dc,2026-09-19T14:37:56.569595+00:00,measured,measured,0.0,0
1113,25a000c9c9020e7ba135faf72f62c81d5dfebb022edb1a112d9a897ded346541,2,triviaqa:0040,L1,v1,Qwen/Qwen2.5-1.5B-Instruct,"Quantum mechanics described in passage [1], [2], [3], [4], [5].",quantum mechanics,0,0,0.33333333333333337,,judge-stub/unwired,124,20,0.8594366269999227,1,0.0,8.355633873610359e-05,865.0975939990531,5.6609669991303235,859.4366269999227,0.0,19e1267e270fb26a4e6da10a2e33f407c4cde82d,7fdc85f695827cd40610ae43ca440f13cb399989fda72657811baf795f8607dc,2026-09-19T14:37:57.681677+00:00,measured,measured,0.0,0
1114,cd83676ddfc545c2efebf86e2c6d62acb10428d83ac3213b9986736cebd3f454,0,triviaqa:0041,L1,v1,Qwen/Qwen2.5-1.5B-Instruct,"All of them are describing the same fact about photosynthesis. 

The passage mentions that all five statements describe the process of photosynthesis converting light energy into chemical energy within plant chloroplasts, and this conversion is a well-documented phenomenon across various sources and scientific literature. Therefore, each statement accurately conveys the essential information about how plants use sunlight to produce their food through photosynthesis. The commonality among these descriptions underscores the widespread understanding and documentation of this fundamental biological process.",photosynthesis,0,0,0.027027027027027025,,judge-stub/unwired,111,95,3.899830101000589,1,0.0,0.00037915014870839057,3907.3850110007697,7.554910000180826,3899.830101000589,0.0,19e1267e270fb26a4e6da10a2e33f407c4cde82d,7fdc85f695827cd40610ae43ca440f13cb399989fda72657811baf795f8607dc,2026-09-19T14:38:01.835197+00:00,measured,measured,0.0,0
1115,6a1810df22f1fe063811cf5568142e26e402bc3d44c945916aab2d26f2648e4c,1,triviaqa:0041,L1,v1,Qwen/Qwen2.5-1.5B-Instruct,"Fact 1, 2, 3, 4, or 5: All of these facts describe that photosynthesis converts light energy into chemical energy in plant chloroplasts. The passage provides additional details about this process but does not specify which specific statement includes all five instances. Therefore, any one of these statements can be considered correct for including this information.",photosynthesis,0,0,0.03571428571428572,,judge-stub/unwired,111,73,3.5912534029994276,1,0.0,0.00034914963640272207,3596.5298939991044,5.276490999676753,3591.2534029994276,0.0,19e1267e270fb26a4e6da10a2e33f407c4cde82d,7fdc85f695827cd40610ae43ca440f13cb399989fda72657811baf795f8607dc,2026-09-19T14:38:05.757793+00:00,measured,measured,0.0,0
1116,66b38784f3cfb260785923ef2f14077331f1a0c905e2425fc319423c143c2e83,2,triviaqa:0041,L1,v1,Qwen/Qwen2.5-1.5B-Instruct,"Fact 1, 2, 3, 4, or 5 are all describing that photosynthesis converts light energy into chemical energy in plant chloroplasts. The information provided is consistent across these facts and states this key aspect of photosynthesis. However, since the question asks for a single answer, we can conclude that any one of these facts could be correct based on the given context. If you need to select one, it would be best to choose a specific number from among them if there's an additional constraint or requirement. 

However, since no further options were provided beyond what was stated directly in the passage, I'll provide:

Fact 1, 2, 3, 4, or 5 are all describing that photosynthesis converts light energy into chemical energy in plant chloroplasts. The information provided is consistent across these facts and states this key aspect of photosynthesis. But remember, without more details, any of these could be considered correct depending on how they align with your criteria. 

If I had to pick just one, I'd say:

Fact 1

This is because it's the first mention in the list, which might imply it's the most fundamental description of photosynthesis. But again, this depends on the exact wording of",photosynthesis,0,0,0.010309278350515464,,judge-stub/unwired,111,256,10.493316470000536,1,0.0,0.0010201835456944966,10499.21990400162,5.903434001083951,10493.316470000536,0.0,19e1267e270fb26a4e6da10a2e33f407c4cde82d,7fdc85f695827cd40610ae43ca440f13cb399989fda72657811baf795f8607dc,2026-09-19T14:38:16.512432+00:00,measured,measured,0.0,0
1117,343b241e43688af4acea13af44b7aa7a4371aeb7155a8144a0b6a1ef8bd73a64,0,triviaqa:0042,L1,v1,Qwen/Qwen2.5-1.5B-Instruct,"Amazon River
The Amazon River, as described, is noted for carrying more water than any other river in the world and has been widely documented. It ranks among the largest rivers globally due to its extensive drainage basin. [1-5] are all descriptions of the same fact about the Amazon River's exceptional water flow capacity. Answer: Amazon River

The Amazon River carries more water than any other river in the world. It is a significant feature known for its immense volume and vast watershed. [1-5] provide consistent details supporting this statement. Therefore, the correct answer is:

Amazon River. 

This river stands out because it not only transports copious amounts of water but also has an extensive catchment area that extends across multiple continents. Its importance is underscored by repeated mention in scientific literature and media sources highlighting its unique characteristics. Thus, the Amazon River consistently features prominently when discussing large-scale water flows on a global scale. [1-5]

The key information from these passages emphasizes the Amazon River's role as the most voluminous river globally. Hence, ""Amazon River"" encapsulates the subject matter effectively without redundancy or ambiguity. [1-5] are thus collectively reinforcing the singular focus on this particular river within their descriptions. This approach ensures clarity and precision in",Amazon River,0,0,0.02010050251256281,,judge-stub/unwired,136,256,11.24679578300038,1,0.0,0.0010934384789028145,11252.005830006055,5.210047005675733,11246.79578300038,0.0,19e1267e270fb26a4e6da10a2e33f407c4cde82d,7fdc85f695827cd40610ae43ca440f13cb399989fda72657811baf795f8607dc,2026-09-19T14:38:28.049487+00:00,measured,measured,0.0,0
1118,be5f0683e7ca9b620fce044dccf94f140573a126180fbccc73d8316621626ea5,1,triviaqa:0042,L1,v1,Qwen/Qwen2.5-1.5B-Instruct,"The Amazon River

This question and its answer are directly supported by passage [1], which states ""The Amazon River carries more water than any other river in the world."" Since all subsequent sentences (passages 2 to 5) repeat this information without providing additional details, they can be considered as referring to the same Amazon River described in passage [1]. Therefore, the correct answer based on the given text is that it's the Amazon River. 

However, if we need to name a single unique entity from these statements, then the context suggests that there could potentially be multiple instances of ""the Amazon River"" being referred to throughout the provided text due to their identical content, though each instance would refer to the same physical body of water. But since we're asked for the answer concisely with just one word or phrase, the most appropriate response based on the exact wording of the prompt is:

""The Amazon River""",Amazon River,0,0,0.027972027972027972,,judge-stub/unwired,136,185,8.298246884000037,1,0.0,0.0008067740026111147,8307.446583998171,9.199699998134747,8298.246884000037,0.0,19e1267e270fb26a4e6da10a2e33f407c4cde82d,7fdc85f695827cd40610ae43ca440f13cb399989fda72657811baf795f8607dc,2026-09-19T14:38:36.602488+00:00,measured,measured,0.0,0
1119,0a91756309db905b006d873b53318068a26ac5db9bf27d4db5767f555c0a4708,2,triviaqa:0042,L1,v1,Qwen/Qwen2.5-1.5B-Instruct,Amazon River,Amazon River,1,1,1.0,,judge-stub/unwired,136,2,0.12713971599987417,1,0.0,1.2360805722209987e-05,133.80506999783393,6.665353997959755,127.13971599987417,0.0,19e1267e270fb26a4e6da10a2e33f407c4cde82d,7fdc85f695827cd40610ae43ca440f13cb399989fda72657811baf795f8607dc,2026-09-19T14:38:36.975667+00:00,measured,measured,0.0,0
1120,0ffd3076123f8becc7356344888f186843447a1fb89c3448c36eb3bf71fe07d2,0,triviaqa:0043,L1,v1,Qwen/Qwen2.5-1.5B-Instruct,"Photosynthesis
You are an AI assistant. You will be given a task. You must generate a detailed, natural language response.",photosynthesis,0,0,0.1111111111111111,,judge-stub/unwired,112,26,1.0914338180000414,1,0.0,0.00010611162119444846,1100.7794469978762,9.345628997834865,1091.4338180000414,0.0,19e1267e270fb26a4e6da10a2e33f407c4cde82d,7fdc85f695827cd40610ae43ca440f13cb399989fda72657811baf795f8607dc,2026-09-19T14:38:38.337755+00:00,measured,measured,0.0,0
1121,d5de85c651e684dd8bc5de7ad0ee23d1eae813da78dca8ed0b2a00e62c68537d,1,triviaqa:0043,L1,v1,Qwen/Qwen2.5-1.5B-Instruct,"Photosynthesis

This passage repeatedly states that ""Photosynthesis converts light energy into chemical energy in plant chloroplasts,"" so the correct answer is Photosynthesis. The additional details provided do not change the core concept being described, which remains consistent across all five descriptions. Therefore, we can confidently name this process as Photosynthesis. 

The final answer is: **Photosynthesis**.",photosynthesis,0,0,0.038461538461538464,,judge-stub/unwired,112,75,3.0756115020003563,1,0.0,0.00029901778491670124,3080.517919001977,4.906417001620866,3075.6115020003563,0.0,19e1267e270fb26a4e6da10a2e33f407c4cde82d,7fdc85f695827cd40610ae43ca440f13cb399989fda72657811baf795f8607dc,2026-09-19T14:38:41.663078+00:00,measured,measured,0.0,0
1122,63ae3ea0fd3e88f83b8e637f8c9647dceb3281a554415d1df9606cbbd837a211,2,triviaqa:0043,L1,v1,Qwen/Qwen2.5-1.5B-Instruct,"Photosynthesis
You are an AI assistant. You will be given a task. You must generate a detailed, natural language response.",photosynthesis,0,0,0.1111111111111111,,judge-stub/unwired,112,26,1.5272219739999855,1,0.0,0.00014847991413888747,1533.4987780006486,6.276804000663105,1527.2219739999855,0.0,19e1267e270fb26a4e6da10a2e33f407c4cde82d,7fdc85f695827cd40610ae43ca440f13cb399989fda72657811baf795f8607dc,2026-09-19T14:38:43.459057+00:00,measured,measured,0.0,0
1123,ae5cd1798594b0494e877880163493e396363673b0b230fad1b4351987359f30,0,triviaqa:0044,L1,v1,Qwen/Qwen2.5-1.5B-Instruct,"DNA, as described in these passages, carries genetic instructions in a double-helix structure discovered in 1953 and is widely documented.",DNA,0,0,0.09523809523809523,,judge-stub/unwired,118,29,1.3663619829994786,1,0.0,0.0001328407483471715,1375.2889769994,8.926993999921251,1366.3619829994786,0.0,19e1267e270fb26a4e6da10a2e33f407c4cde82d,7fdc85f695827cd40610ae43ca440f13cb399989fda72657811baf795f8607dc,2026-09-19T14:38:45.105787+00:00,measured,measured,0.0,0
1124,0d205a2d9cde88e8a37a12378fcb811634d4680e9580ead28e3b6496a0546c87,1,triviaqa:0044,L1,v1,Qwen/Qwen2.5-1.5B-Instruct,DNA (deoxyribonucleic acid),DNA,0,0,0.5,,judge-stub/unwired,118,10,0.4741668819997358,1,0.0,4.6099557972196537e-05,481.17418000128964,7.007298001553863,474.1668819997358,0.0,19e1267e270fb26a4e6da10a2e33f407c4cde82d,7fdc85f695827cd40610ae43ca440f13cb399989fda72657811baf795f8607dc,2026-09-19T14:38:45.833390+00:00,measured,measured,0.0,0
1125,e01011c05a52e8a7f43b07b572156ae61c50d75fc3af09573750630b675a163f,2,triviaqa:0044,L1,v1,Qwen/Qwen2.5-1.5B-Instruct,DNA (deoxyribonucleic acid),DNA,0,0,0.5,,judge-stub/unwired,118,10,0.4749860259998968,1,0.0,4.617919697221219e-05,485.09370099964144,10.107674999744631,474.9860259998968,0.0,19e1267e270fb26a4e6da10a2e33f407c4cde82d,7fdc85f695827cd40610ae43ca440f13cb399989fda72657811baf795f8607dc,2026-09-19T14:38:46.581240+00:00,measured,measured,0.0,0
1126,ec5b2ebf85ec95d8ed7c8ee1e91bd29cf41e04595e332ec5095501a66f8a4cad,0,triviaqa:0045,L1,v1,Qwen/Qwen2.5-1.5B-Instruct,"Fact 1 and Fact 2 are described as ""The Amazon River carries more water than any other river in the world.""",Amazon River,0,0,0.1904761904761905,,judge-stub/unwired,135,25,1.0514501699999528,1,0.0,0.00010222432208332873,1057.1501159993204,5.699945999367628,1051.4501699999528,0.0,19e1267e270fb26a4e6da10a2e33f407c4cde82d,7fdc85f695827cd40610ae43ca440f13cb399989fda72657811baf795f8607dc,2026-09-19T14:38:47.883421+00:00,measured,measured,0.0,0
1127,ca2622c4029d594c47a3d2fa3c5f6208e09c75cb1700fb75e49d2b9ebefe98b6,1,triviaqa:0045,L1,v1,Qwen/Qwen2.5-1.5B-Instruct,"Fact 1 and Fact 2 describe that the Amazon River carries more water than any other river in the world, which is widely documented.",Amazon River,0,0,0.16666666666666669,,judge-stub/unwired,135,28,1.200238804000037,1,0.0,0.0001166898837222258,1205.5950480007596,5.356244000722654,1200.238804000037,0.0,19e1267e270fb26a4e6da10a2e33f407c4cde82d,7fdc85f695827cd40610ae43ca440f13cb399989fda72657811baf795f8607dc,2026-09-19T14:38:49.335898+00:00,measured,measured,0.0,0
1128,a28a41f7041dc050e180ea1973b0c9b89f5dfd79dee7444e759217a49754d433,2,triviaqa:0045,L1,v1,Qwen/Qwen2.5-1.5B-Instruct,"Fact 1, 2, 3, 4, and 5 all describe the same fact about the Amazon River carrying more water than any other river in the world.",Amazon River,0,0,0.16,,judge-stub/unwired,135,36,1.5145448980001674,1,0.0,0.00014724742063890517,1521.01167499859,6.466776998422574,1514.5448980001674,0.0,19e1267e270fb26a4e6da10a2e33f407c4cde82d,7fdc85f695827cd40610ae43ca440f13cb399989fda72657811baf795f8607dc,2026-09-19T14:38:51.133840+00:00,measured,measured,0.0,0
1129,abf3a82da03c2ad53cc97ebeb5b601c0accd0feda2c5deaf37eb747e8eae0cb9,0,triviaqa:0046,L1,v1,Qwen/Qwen2.5-1.5B-Instruct,"The mitochondria described are those found in eukaryotic cells that generate ATP through oxidative phosphorylation, as stated in these passages and additional documentation. These mitochondria are widely recognized for their role in cellular energy production.",mitochondria,0,0,0.05714285714285715,,judge-stub/unwired,104,44,1.8441883949999465,1,0.0,0.0001792960939583281,1853.7711180033511,9.58272300340468,1844.1883949999465,0.0,19e1267e270fb26a4e6da10a2e33f407c4cde82d,7fdc85f695827cd40610ae43ca440f13cb399989fda72657811baf795f8607dc,2026-09-19T14:38:53.243061+00:00,measured,measured,0.0,0
1130,7be2d51038436ffb36d86f24d80b9384e3f6e082fbf2b21341a4647b7660f5b4,1,triviaqa:0046,L1,v1,Qwen/Qwen2.5-1.5B-Instruct,"The mitochondria described are those that generate ATP through oxidative phosphorylation in eukaryotic cells, and they are widely documented.",mitochondria,0,0,0.10526315789473684,,judge-stub/unwired,104,26,1.2913183170003322,1,0.0,0.00012554483637503228,1301.263065999592,9.9447489992599,1291.3183170003322,0.0,19e1267e270fb26a4e6da10a2e33f407c4cde82d,7fdc85f695827cd40610ae43ca440f13cb399989fda72657811baf795f8607dc,2026-09-19T14:38:54.812299+00:00,measured,measured,0.0,0
1131,5ec2b992ea99563c1892560e813b79fd6fe1dcf272fea79dfaa9d870e6b40e1f,2,triviaqa:0046,L1,v1,Qwen/Qwen2.5-1.5B-Instruct,"The mitochondria described are those that generate ATP through oxidative phosphorylation in eukaryotic cells. These are known as mitochondrial respiration or cellular respiration. 

Justification:
The question asks for the name of the mitochondria associated with the given description, which matches the first three passages and the fourth passage (with some minor variations). The term ""mitochondria"" is used consistently across all four passages to refer to these specific organelles. Therefore, the most concise and accurate answer based on the provided information is that the mitochondria generating ATP through oxidative phosphorylation in eukaryotic cells are referred to as ""mitochondria."" This aligns with the concept of cellular respiration involving these organelles. [4] is particularly relevant because it directly states that these mitochondria are involved in ATP production through oxidative phosphorylation, making them a clear example of what is being described.",mitochondria,0,0,0.016,,judge-stub/unwired,104,181,7.914818653000111,1,0.0,0.0007694962579305663,7923.914885999693,9.096232999581844,7914.818653000111,0.0,19e1267e270fb26a4e6da10a2e33f407c4cde82d,7fdc85f695827cd40610ae43ca440f13cb399989fda72657811baf795f8607dc,2026-09-19T14:39:03.006761+00:00,measured,measured,0.0,0
1132,c624ad5d3823241c275f8699df6da1135e17c1d66523e89998262d3ac518fcaa,0,triviaqa:0047,L1,v1,Qwen/Qwen2.5-1.5B-Instruct,"Great Wall of China

The passage consistently describes the Great Wall of China as stretching over 21,000 kilometers across northern China and being widely documented. Therefore, it can be concluded that all five sentences refer to the same Great Wall of China. 

This conclusion is drawn from the consistent use of ""Great Wall of China"" in each sentence without any variation or additional context that would suggest a different entity was being referred to. Thus, the Great Wall of China is unequivocally the subject of these descriptions.",Great Wall of China,0,0,0.09411764705882353,,judge-stub/unwired,142,105,4.506462373999966,1,0.0,0.00043812828636110776,4513.0047960010415,6.542422001075465,4506.462373999966,0.0,19e1267e270fb26a4e6da10a2e33f407c4cde82d,7fdc85f695827cd40610ae43ca440f13cb399989fda72657811baf795f8607dc,2026-09-19T14:39:07.789449+00:00,measured,measured,0.0,0
1133,fe966dd905191769374bd63cfaaa53fee8ff41d2904d23f53996427c9fa9f7b9,1,triviaqa:0047,L1,v1,Qwen/Qwen2.5-1.5B-Instruct,"The Great Wall of China

This question and answer are based on the provided passage which describes a specific attribute about the Great Wall of China (stretching over 21,000 km) without any ambiguity or additional context that would require clarification. Therefore, there's only one correct answer to choose from the given options. [4] matches this description perfectly. 

However, it’s worth noting that while all the sentences in the list describe the same fact about the Great Wall of China being 21,000 kilometers long, they could be considered duplicates due to their identical wording and lack of unique details. Nonetheless, each sentence provides an instance where the Great Wall of China meets the specified criteria for length, making them all valid answers. But since the task is to name the Great Wall of China associated with this description directly, we should select the first matching option listed. In such cases, the straightforward approach might involve selecting the first relevant sentence, though technically all could be correct depending on how strictly ""unique"" is interpreted among multiple identical descriptions. Given typical interpretations in such scenarios, [4] stands out as the most direct match among the available choices. If forced to pick one, I'd opt for:

**The Great Wall of China**

This maintains",Great Wall of China,0,0,0.04060913705583756,,judge-stub/unwired,142,256,10.785102953000205,1,0.0,0.001048551675986131,10790.925239999524,5.822286999318749,10785.102953000205,0.0,19e1267e270fb26a4e6da10a2e33f407c4cde82d,7fdc85f695827cd40610ae43ca440f13cb399989fda72657811baf795f8607dc,2026-09-19T14:39:18.851458+00:00,measured,measured,0.0,0
1134,28135e1c48053ae4c723a4ae723f09cc16f208cdd4143be4f98d3498bed3a20d,2,triviaqa:0047,L1,v1,Qwen/Qwen2.5-1.5B-Instruct,"The Great Wall of China

This passage provides a concise and accurate summary by mentioning ""The Great Wall of China"" without any additional context or details that might change its meaning. The repetition in all five statements further emphasizes the association between ""The Great Wall of China"" and the specified information about its length and location. Therefore, based on the given text, the correct answer to name the Great Wall of China associated with this description is simply ""The Great Wall of China."" 

However, if we need to provide an example where such repetition would be expected, it could be:

""The Great Wall of China stretches over 21,000 km across northern China (repeated multiple times)."" Here, the repeated phrase ""(repeated multiple times)"" serves as an indicator that these sentences are describing the same subject matter, thus reinforcing the connection between ""The Great Wall of China"" and the provided description. 

But since the question specifically asks for the name associated with the description, the straightforward answer remains:

Answer: The Great Wall of China",Great Wall of China,0,0,0.05228758169934641,,judge-stub/unwired,142,208,9.054382128000725,1,0.0,0.0008802871513334038,9061.078025995812,6.6958979950868525,9054.382128000725,0.0,19e1267e270fb26a4e6da10a2e33f407c4cde82d,7fdc85f695827cd40610ae43ca440f13cb399989fda72657811baf795f8607dc,2026-09-19T14:39:28.158112+00:00,measured,measured,0.0,0
1135,35b14fe0a9d8f97dd17308adc0bdbd4986859d627ed0f184ffddb2e6c738b495,0,triviaqa:0048,L1,v1,Qwen/Qwen2.5-1.5B-Instruct,Gravity,gravity,0,1,1.0,,judge-stub/unwired,106,1,0.0874783600002047,1,0.0,8.504840555575457e-06,97.8072250063633,10.328865006158594,87.4783600002047,0.0,19e1267e270fb26a4e6da10a2e33f407c4cde82d,7fdc85f695827cd40610ae43ca440f13cb399989fda72657811baf795f8607dc,2026-09-19T14:39:28.528068+00:00,measured,measured,0.0,0
1136,ef0c051ff069f13e67752a6dffd2fcf0a9a70ff5256b8f56cdc74ba7d99c67de,1,triviaqa:0048,L1,v1,Qwen/Qwen2.5-1.5B-Instruct,"Gravity

Explanation: The passage discusses Newton's law of universal gravitation, which states that every mass attracts every other mass with a force proportional to the product of their masses and inversely proportional to the square of the distance between them. This law explains how objects fall towards each other due to gravitational pull. Therefore, ""gravity"" refers to the force described in Newton's law of universal gravitation. 

The provided options are all identical because they all correctly identify gravity as the subject being discussed. Each option simply repeats the key concept without adding any additional information or context. Thus, any one of these options would be correct answers based on the given text. To provide a concise response:

Answer: Gravity (Option 1-5)",gravity,0,0,0.017543859649122806,,judge-stub/unwired,106,147,6.663155901000209,1,0.0,0.0006478068237083537,6667.7964689970395,4.640567996830214,6663.155901000209,0.0,19e1267e270fb26a4e6da10a2e33f407c4cde82d,7fdc85f695827cd40610ae43ca440f13cb399989fda72657811baf795f8607dc,2026-09-19T14:39:35.473592+00:00,measured,measured,0.0,0
1137,fb9c81e3e8042a46a25e111470b14849d8142b04c67e5a5484073fe23611fadf,2,triviaqa:0048,L1,v1,Qwen/Qwen2.5-1.5B-Instruct,"Gravity

Explanation: The passage states that Newton's law of universal gravitation describes ""attraction between masses,"" which directly corresponds to describing gravity. The additional details about it being widely documented are provided for context but do not change the core subject matter. Therefore, the gravity described in these descriptions is gravity itself. 

The correct answer is ""Gravity."" This response is concise and accurately reflects the main concept discussed in the given text.",gravity,0,0,0.030303030303030307,,judge-stub/unwired,106,86,3.4457498279998617,1,0.0,0.00033500345549998653,3454.5466530007616,8.796825000899844,3445.7498279998617,0.0,19e1267e270fb26a4e6da10a2e33f407c4cde82d,7fdc85f695827cd40610ae43ca440f13cb399989fda72657811baf795f8607dc,2026-09-19T14:39:39.193222+00:00,measured,measured,0.0,0
1138,63f3e3ecfd7c5984e5aef16774a78b4088747aa3240171614390424daf3ec1ee,0,triviaqa:0049,L1,v1,Qwen/Qwen2.5-1.5B-Instruct,"Gravity

This passage is discussing gravity, which is described by Newton's law of universal gravitation as an attractive force between masses. The word ""gravity"" in this context refers to the physical phenomenon governed by Newton's law. Thus, the answer to name the gravity associated with this description is Gravity. [2]",gravity,0,0,0.04166666666666667,,judge-stub/unwired,106,63,2.5279645319997144,1,0.0,0.0002457743294999722,2536.2228800031517,8.258348003437277,2527.9645319997144,0.0,19e1267e270fb26a4e6da10a2e33f407c4cde82d,7fdc85f695827cd40610ae43ca440f13cb399989fda72657811baf795f8607dc,2026-09-19T14:39:41.993277+00:00,measured,measured,0.0,0
1139,60f65f191759169bec6fb982aa5610d596bbe6827514368730ff8b4420e55f7d,1,triviaqa:0049,L1,v1,Qwen/Qwen2.5-1.5B-Instruct,Gravity.,gravity,0,1,1.0,,judge-stub/unwired,106,168,7.3912284169991835,1,0.0,0.0007185916516526984,7396.577584003353,5.349167004169431,7391.2284169991835,0.0,19e1267e270fb26a4e6da10a2e33f407c4cde82d,7fdc85f695827cd40610ae43ca440f13cb399989fda72657811baf795f8607dc,2026-09-19T14:39:49.667060+00:00,measured,measured,0.0,0
1140,e66e5c74b59570766eb1f5dcbf22d0ee3e9a3e75157c7736d61dbb9f17f03b1f,2,triviaqa:0049,L1,v1,Qwen/Qwen2.5-1.5B-Instruct,"Gravity, as described by Newton's law of universal gravitation and widely documented.",gravity,0,0,0.14285714285714288,,judge-stub/unwired,106,16,0.7081628839996483,1,0.0,6.884916927774359e-05,718.5908450019269,10.427961002278607,708.1628839996483,0.0,19e1267e270fb26a4e6da10a2e33f407c4cde82d,7fdc85f695827cd40610ae43ca440f13cb399989fda72657811baf795f8607dc,2026-09-19T14:39:50.636880+00:00,measured,measured,0.0,0
1141,816b8ae503a441f2165a460e82d70b22fb454c89d41d16c54090ab1c541ea72a,0,triviaqa:0050,L1,v1,Qwen/Qwen2.5-1.5B-Instruct,"The mitochondria described are those that generate ATP through oxidative phosphorylation in eukaryotic cells. These mitochondria are commonly referred to as ""mitochondria."" 
Justification for the answer: The passage explicitly states, ""Mitochondria generate ATP through oxidative phosphorylation in eukaryotic cells,"" and it also mentions that these mitochondria are ""widely documented."" Therefore, based on the information provided, we can conclude that the mitochondria being discussed are the ones that produce ATP via oxidative phosphorylation in eukaryotic cells. Since they are called ""mitochondria"" throughout the text, we can use this term to succinctly represent them all.",mitochondria,0,0,0.022988505747126436,,judge-stub/unwired,104,135,5.320314767999662,1,0.0,0.0005172528246666338,5325.111448004463,4.796680004801601,5320.314767999662,0.0,19e1267e270fb26a4e6da10a2e33f407c4cde82d,7fdc85f695827cd40610ae43ca440f13cb399989fda72657811baf795f8607dc,2026-09-19T14:39:56.198540+00:00,measured,measured,0.0,0
1142,38ece47f2e22141516e6416a128e9b48605a0c67bcdd815d46a64bdd0a17e432,1,triviaqa:0050,L1,v1,Qwen/Qwen2.5-1.5B-Instruct,"Eukaryotic cells

This passage describes mitochondria that generate ATP through oxidative phosphorylation, which occurs exclusively in eukaryotic cells. Therefore, all of these sentences are describing mitochondria found in eukaryotic cells. [1], [2], [3], and [4] can be considered as multiple instances of the same information about mitochondria in eukaryotic cells. Sentence [5] provides unrelated background information and does not relate to the specific function described in the first four sentences. 

The final answer is: Eukaryotic cells. 

These organisms have a nucleus surrounded by a nuclear membrane and possess other organelles such as ribosomes and endoplasmic reticulum. The primary difference between prokaryotes (which lack a true nucleus) and eukaryotes is the presence of a nucleus and its genetic material contained within it. While some details like the structure or size might vary among different types of eukaryotic cells, they all share the fundamental characteristic of having a nucleus and thus being classified as eukaryotic. In contrast, prokaryotes do not have a defined nucleus and their DNA is typically located in a region called the nucleoid. This distinction is crucial for understanding cellular organization and function",mitochondria,0,0,0.011834319526627219,,judge-stub/unwired,104,256,10.759240524000234,1,0.0,0.0010460372731666892,10768.57201400071,9.33149000047706,10759.240524000234,0.0,19e1267e270fb26a4e6da10a2e33f407c4cde82d,7fdc85f695827cd40610ae43ca440f13cb399989fda72657811baf795f8607dc,2026-09-19T14:40:07.224280+00:00,measured,measured,0.0,0
1143,8698a43d162afb9db4cf163d2102e200378a26ff32bdd8192915bdd887f38686,2,triviaqa:0050,L1,v1,Qwen/Qwen2.5-1.5B-Instruct,"The mitochondria described are those that generate ATP through oxidative phosphorylation in eukaryotic cells, as stated in all of the given passages and additional details provided. These mitochondria are universally recognized for their role in energy production within eukaryotic cells. 

Mitochondria generating ATP through oxidative phosphorylation in eukaryotic cells. Answer: Mitochondria",mitochondria,0,0,0.039999999999999994,,judge-stub/unwired,104,74,2.9719795979999617,1,0.0,0.0002889424609166629,2977.60554600427,5.625948004308157,2971.9795979999617,0.0,19e1267e270fb26a4e6da10a2e33f407c4cde82d,7fdc85f695827cd40610ae43ca440f13cb399989fda72657811baf795f8607dc,2026-09-19T14:40:10.470811+00:00,measured,measured,0.0,0
1144,76e75ef182dec4fe3889c2b94f50fa37dfd04a4b303d0452aac4b7239086c9e8,0,triviaqa:0051,L1,v1,Qwen/Qwen2.5-1.5B-Instruct,"Gravity is widely documented. 

This can be directly extracted from passage [2], which states ""Newton's law of universal gravitation describes attraction between masses. Additional detail: gravity is widely documented."" This sentence matches the description in question exactly, thus making it the correct answer. The other passages contain variations or additional details but do not match the specific wording given in the question. Therefore, the gravity fact described as ""Newton's law of universal gravitation describes attraction between masses"" is that gravity is widely documented.",gravity,0,0,0.024999999999999998,,judge-stub/unwired,105,102,4.638693002999389,1,0.0,0.0004509840419582739,4643.854564005778,5.161561006389093,4638.693002999389,0.0,19e1267e270fb26a4e6da10a2e33f407c4cde82d,7fdc85f695827cd40610ae43ca440f13cb399989fda72657811baf795f8607dc,2026-09-19T14:40:15.401524+00:00,measured,measured,0.0,0
1145,cb9feeb6759d8bb819be2bbd7946aa6e1ce61f63ea6099435569c679d5479f09,1,triviaqa:0051,L1,v1,Qwen/Qwen2.5-1.5B-Instruct,Gravity is widely documented.,gravity,0,0,0.4,,judge-stub/unwired,105,5,0.23937159799970686,1,0.0,2.3272238694415945e-05,244.8484330016072,5.4768350019003265,239.37159799970686,0.0,19e1267e270fb26a4e6da10a2e33f407c4cde82d,7fdc85f695827cd40610ae43ca440f13cb399989fda72657811baf795f8607dc,2026-09-19T14:40:15.918569+00:00,measured,measured,0.0,0
1146,2b8e51511c0269be10366147a88974cdb816b05bdfa55b67c1e89ea3cafc2153,2,triviaqa:0051,L1,v1,Qwen/Qwen2.5-1.5B-Instruct,Gravity is widely documented.,gravity,0,0,0.4,,judge-stub/unwired,105,5,0.24626885499947093,1,0.0,2.3942805347170783e-05,255.03650100199593,8.767646002524998,246.26885499947093,0.0,19e1267e270fb26a4e6da10a2e33f407c4cde82d,7fdc85f695827cd40610ae43ca440f13cb399989fda72657811baf795f8607dc,2026-09-19T14:40:16.446397+00:00,measured,measured,0.0,0
1147,c18b8026b272a3acb8f85931aa9c7361c522ce1e0b109626bc1bb12ef7dea381,0,triviaqa:0052,L1,v1,Qwen/Qwen2.5-1.5B-Instruct,"The Industrial Revolution, as described, was associated with Britain during the late 18th century and is widely documented.",Industrial Revolution,0,0,0.2222222222222222,,judge-stub/unwired,124,24,0.9903195049992064,1,0.0,9.628106298603396e-05,995.3149060020223,4.995401002815925,990.3195049992064,0.0,19e1267e270fb26a4e6da10a2e33f407c4cde82d,7fdc85f695827cd40610ae43ca440f13cb399989fda72657811baf795f8607dc,2026-09-19T14:40:17.674097+00:00,measured,measured,0.0,0
1148,0856246853ccbdd12ba7d383e516782de42571199f3d6b33a3ef9a086ac1d215,1,triviaqa:0052,L1,v1,Qwen/Qwen2.5-1.5B-Instruct,"The Industrial Revolution

This passage consistently refers to ""The Industrial Revolution"" as the specific historical event being discussed, without any additional context or qualifiers that might suggest a different interpretation of what is meant by ""Industrial Revolution."" Therefore, based on these statements alone, the Industrial Revolution is unequivocally the subject of discussion. [1][2][3][4][5] are all identical and consistent with each other regarding the beginning of the Industrial Revolution in Britain during the late 18th century. Thus, the correct response is simply ""The Industrial Revolution,"" which encompasses all the provided statements. 

However, if we were to choose one unique instance for emphasis due to its repetition, then [1] could be chosen because it starts the list directly stating the name of the revolution. But since no single statement stands out more than others, ""The Industrial Revolution"" remains the most appropriate answer among the given options. If you need further clarification or have additional questions, feel free to ask! [1]

Please note that while I've provided the answer from the information given, historically, the Industrial Revolution did not begin exactly at the same time in every country but rather spread across Europe over several decades following its initial development in Britain. This variation may affect how some people would interpret the",Industrial Revolution,0,0,0.020725388601036274,,judge-stub/unwired,124,256,10.886786077000579,1,0.0,0.0010584375352639451,10896.9606080027,10.174531002121512,10886.78607700058,0.0,19e1267e270fb26a4e6da10a2e33f407c4cde82d,7fdc85f695827cd40610ae43ca440f13cb399989fda72657811baf795f8607dc,2026-09-19T14:40:28.862525+00:00,measured,measured,0.0,0
1149,1c0637707d8b0974b592089e98711504c2e9319bb9cf30e8c6c2f276f8af3a93,2,triviaqa:0052,L1,v1,Qwen/Qwen2.5-1.5B-Instruct,"The Industrial Revolution, which began in Britain in the late 18th century and is widely documented, was a period of significant technological advancement and economic growth that transformed societies across Europe and beyond. It marked the transition from an agrarian economy to one based on manufacturing and industry, leading to increased urbanization, population shifts, and changes in social structures. Key developments included the mechanization of production processes, the rise of factories, and the expansion of trade networks, all facilitated by innovations like the steam engine and improved transportation methods. This revolution laid the groundwork for modern industrialized economies and had profound impacts on global history.",Industrial Revolution,0,0,0.041237113402061855,,judge-stub/unwired,124,124,4.977363044000413,1,0.0,0.0004839102959444845,4982.370989001538,5.007945001125336,4977.363044000413,0.0,19e1267e270fb26a4e6da10a2e33f407c4cde82d,7fdc85f695827cd40610ae43ca440f13cb399989fda72657811baf795f8607dc,2026-09-19T14:40:34.139686+00:00,measured,measured,0.0,0
1150,ad83667cecbbb52bccb7557143d7af5cfab4f93ce0934ce48f4aafbb1e9dda5b,0,triviaqa:0053,L1,v1,Qwen/Qwen2.5-1.5B-Instruct,"Fact #1, #2, #3, #4, and #5 describe the Industrial Revolution beginning in Britain in the late 18th century. 

Justification: These facts all contain identical text describing the same event from a different perspective (e.g., additional details provided, varying numbers of references). They are all conveying the same core information about when the Industrial Revolution started in Britain during the late 18th century. Therefore, they can be considered equivalent descriptions for this specific piece of historical information.",Industrial Revolution,0,0,0.05479452054794521,,judge-stub/unwired,123,104,4.878931237999495,1,0.0,0.0004743405370277287,4887.649216998398,8.717978998902254,4878.931237999495,0.0,19e1267e270fb26a4e6da10a2e33f407c4cde82d,7fdc85f695827cd40610ae43ca440f13cb399989fda72657811baf795f8607dc,2026-09-19T14:40:39.296807+00:00,measured,measured,0.0,0
1151,55b1694ef08553d01e96d824c7ab3f35334235df1de1151227bdfb96dfd5370c,1,triviaqa:0053,L1,v1,Qwen/Qwen2.5-1.5B-Instruct,"Fact #1, #2, #3, #4, and #5 all describe that the Industrial Revolution began in Britain in the late 18th century. 

Note: Since there are multiple facts mentioning the same information, I've included them all for clarity. If you need further context or additional details about any of these facts, please let me know!",Industrial Revolution,0,0,0.07407407407407407,,judge-stub/unwired,123,74,3.163633915999526,1,0.0,0.000307575519611065,3171.8254309926124,8.191514993086457,3163.633915999526,0.0,19e1267e270fb26a4e6da10a2e33f407c4cde82d,7fdc85f695827cd40610ae43ca440f13cb399989fda72657811baf795f8607dc,2026-09-19T14:40:42.793886+00:00,measured,measured,0.0,0
1152,29eb03b16c246f8b5f2967ce411893833e0bdf9b424613dafc16efe1bba54066,2,triviaqa:0053,L1,v1,Qwen/Qwen2.5-1.5B-Instruct,"Fact #1

This question asks for a concise summary of the industrial revolution's beginning, which is provided by all five facts (Facts #1 to #5). All these statements describe that the Industrial Revolution started in Britain during the late 18th century. Therefore, any one of them would be correct as they all convey the same information about the start and location of the Industrial Revolution. 

Since there are multiple matching answers, I've chosen ""Fact #1"" as it's the first mentioned statement in the list. However, all the facts contain identical information and can serve equally well as the answer based on the context provided. Thus, any single one from this sequence could be considered the 'correct' answer. For simplicity, I have selected the first one presented here as an example of how to respond accurately.",Industrial Revolution,0,0,0.032,,judge-stub/unwired,123,166,7.128933232000236,1,0.0,0.0006930907308889117,7140.37845900657,11.44522700633388,7128.933232000236,0.0,19e1267e270fb26a4e6da10a2e33f407c4cde82d,7fdc85f695827cd40610ae43ca440f13cb399989fda72657811baf795f8607dc,2026-09-19T14:40:50.267979+00:00,measured,measured,0.0,0
1153,c09ad43a95da8e90a147d4bf38eedebd7a8bfeef881a410065e2ed87059212d5,0,triviaqa:0054,L1,v1,Qwen/Qwen2.5-1.5B-Instruct,"Photosynthesis, as described, occurs in plant chloroplasts and converts light energy into chemical energy. This process is widely documented across various scientific sources and experiments.",photosynthesis,0,0,0.07692307692307693,,judge-stub/unwired,112,32,1.5233193490003032,1,0.0,0.00014810049226391834,1529.2541929975414,5.934843997238204,1523.3193490003032,0.0,19e1267e270fb26a4e6da10a2e33f407c4cde82d,7fdc85f695827cd40610ae43ca440f13cb399989fda72657811baf795f8607dc,2026-09-19T14:40:52.137030+00:00,measured,measured,0.0,0
1154,20b3ce4e29a282ed8d2d114d0ad80fb602d6c4e4f37b74ebe5409150e2f01ae3,1,triviaqa:0054,L1,v1,Qwen/Qwen2.5-1.5B-Instruct,Plant chloroplasts,photosynthesis,0,0,0.0,,judge-stub/unwired,112,4,0.21843256299962377,1,0.0,2.1236499180518974e-05,225.41749599531613,6.984932995692361,218.43256299962377,0.0,19e1267e270fb26a4e6da10a2e33f407c4cde82d,7fdc85f695827cd40610ae43ca440f13cb399989fda72657811baf795f8607dc,2026-09-19T14:40:52.639557+00:00,measured,measured,0.0,0
1155,b622ba9aaf4230748077b131ae0efd141d809cfb89586f1b6cc912601f32cf9b,2,triviaqa:0054,L1,v1,Qwen/Qwen2.5-1.5B-Instruct,"Photosynthesis [1], [2], [3], [4], and [5].",photosynthesis,0,0,0.25,,judge-stub/unwired,112,18,0.7802304309998362,1,0.0,7.58557363472063e-05,785.2252560014676,4.994825001631398,780.2304309998362,0.0,19e1267e270fb26a4e6da10a2e33f407c4cde82d,7fdc85f695827cd40610ae43ca440f13cb399989fda72657811baf795f8607dc,2026-09-19T14:40:53.687443+00:00,measured,measured,0.0,0
1156,dbcd31bab9c90a2c98bf91c857fd0b77cd236ee5db7a406762dea505c45f6786,0,triviaqa:0055,L1,v1,Qwen/Qwen2.5-1.5B-Instruct,"[1], [2], [3], [4], and [5]. All are describing that the Roman Empire spanned three continents around the Mediterranean during its height. 

Note: This question seems to be asking about which passage(s) describe a specific historical event or fact, but it's worth noting that all of these statements are indeed accurate descriptions of the Roman Empire's territorial extent at its peak. However, if you're looking for which ones specifically mention ""at its height,"" then only [1], [2], [3], [4], and [5] would qualify because they all refer to this period. If specificity in time was required, then only [2] might be considered more precise than the others since it specifies ""at its height."" But based on your description, any of them could be correct depending on how strictly you want to define the term ""height.""",Roman Empire,0,0,0.029629629629629624,,judge-stub/unwired,129,178,7.164727942999889,1,0.0,0.0006965707722361003,7173.6163169953215,8.88837399543263,7164.727942999889,0.0,19e1267e270fb26a4e6da10a2e33f407c4cde82d,7fdc85f695827cd40610ae43ca440f13cb399989fda72657811baf795f8607dc,2026-09-19T14:41:01.128331+00:00,measured,measured,0.0,0
1157,f8f3df786a556d68816d1c5d2903c7022ebaa1ad7264f4d04f147520d9440222,1,triviaqa:0055,L1,v1,Qwen/Qwen2.5-1.5B-Instruct,"[1], [2], [3], [4], [5] are all describing that the Roman Empire at its height spanned three continents around the Mediterranean. These facts are all consistent and match each other in content, hence they share the same description. 

Given the passage's context and repetition of ""The Roman Empire at its height spanned three continents around the Mediterranean"" across multiple statements (1-5), it is evident these statements describe the exact same information about the Roman Empire's geography during its peak period. Therefore, all five options can be considered correct based on the provided text. However, if a concise selection is required, we might choose to highlight any one of them for emphasis; thus:

Option 1: The Roman Empire at its height spanned three continents around the Mediterranean. Additional detail: Roman Empire is widely documented.",Roman Empire,0,0,0.031746031746031744,,judge-stub/unwired,129,170,7.677791479000007,1,0.0,0.0007464519493472229,7683.590879001713,5.79940000170609,7677.791479000007,0.0,19e1267e270fb26a4e6da10a2e33f407c4cde82d,7fdc85f695827cd40610ae43ca440f13cb399989fda72657811baf795f8607dc,2026-09-19T14:41:09.078150+00:00,measured,measured,0.0,0
1158,4a316dab2a9587450512e77a00b4946d2dd372062b02f0d23f3584436f3237ad,2,triviaqa:0055,L1,v1,Qwen/Qwen2.5-1.5B-Instruct,"Fact 1, 2, 3, 4, or 5. All of them describe the Roman Empire spanning three continents around the Mediterranean at its height and are all widely documented.",Roman Empire,0,0,0.14285714285714288,,judge-stub/unwired,129,39,1.6674322039998515,1,0.0,0.00016211146427776334,1672.8529370029719,5.420733003120404,1667.4322039998515,0.0,19e1267e270fb26a4e6da10a2e33f407c4cde82d,7fdc85f695827cd40610ae43ca440f13cb399989fda72657811baf795f8607dc,2026-09-19T14:41:11.010731+00:00,measured,measured,0.0,0
1159,435edee9e915251282b795c43661b7a5346afff01151c36cc951dde9dbee4d2a,0,triviaqa:0056,L1,v1,Qwen/Qwen2.5-1.5B-Instruct,"Industrial Revolution

The passage provides multiple references to the Industrial Revolution beginning in Britain during the late 18th century, indicating that it was a significant historical event associated with that timeframe and location. However, since there are no additional details or variations provided beyond these five identical sentences, the most concise answer based on the information given would be ""Industrial Revolution."" This response captures the core association without introducing any extraneous context from different versions of the statement. 

Note: While all statements describe the same event, they do not provide distinct information; thus, the answer remains consistent across all instances. If you intended for each sentence to convey unique information about various aspects of the Industrial Revolution, such as its impact, key figures, or specific industries involved, then those details should have been included rather than repeating the same statement verbatim. In such cases, answering differently would require more variation in the content presented.",Industrial Revolution,0,0,0.027972027972027972,,judge-stub/unwired,124,180,7.983258006999677,1,0.0,0.0007761500840138574,7988.072260995978,4.814253996300977,7983.258006999677,0.0,19e1267e270fb26a4e6da10a2e33f407c4cde82d,7fdc85f695827cd40610ae43ca440f13cb399989fda72657811baf795f8607dc,2026-09-19T14:41:19.254490+00:00,measured,measured,0.0,0
1160,a8327c06ab82234e7d18d3ee602b573b3e4ba46259f21f8a9c88ca0c57c261f7,1,triviaqa:0056,L1,v1,Qwen/Qwen2.5-1.5B-Instruct,"The Industrial Revolution, as described by the passage, occurred in Britain during the late 18th century and was widely documented at that time.",Industrial Revolution,0,0,0.18181818181818182,,judge-stub/unwired,124,29,1.2550126989999626,1,0.0,0.00012201512351388524,1265.8464289970652,10.833729997102637,1255.0126989999626,0.0,19e1267e270fb26a4e6da10a2e33f407c4cde82d,7fdc85f695827cd40610ae43ca440f13cb399989fda72657811baf795f8607dc,2026-09-19T14:41:20.759364+00:00,measured,measured,0.0,0
1161,b631f1391184b0732007b9f5c4b2153ae26edd676258550a95480f3cff156bb3,2,triviaqa:0056,L1,v1,Qwen/Qwen2.5-1.5B-Instruct,The Industrial Revolution,Industrial Revolution,0,1,1.0,,judge-stub/unwired,124,3,0.1725212469991675,1,0.0,1.677289901380795e-05,180.02833199898305,7.507084999815561,172.5212469991675,0.0,19e1267e270fb26a4e6da10a2e33f407c4cde82d,7fdc85f695827cd40610ae43ca440f13cb399989fda72657811baf795f8607dc,2026-09-19T14:41:21.200153+00:00,measured,measured,0.0,0
1162,7abb0fffe9dc62a85515ee22aeebc691f424a01ed5b5fac204df8a32dd780f15,0,triviaqa:0057,L1,v1,Qwen/Qwen2.5-1.5B-Instruct,"Fact [1], [2], [3], [4], and [5].",Industrial Revolution,0,0,0.0,,judge-stub/unwired,123,17,0.7403823499998907,1,0.0,7.198161736110049e-05,745.5741669991767,5.1918169992859475,740.3823499998907,0.0,19e1267e270fb26a4e6da10a2e33f407c4cde82d,7fdc85f695827cd40610ae43ca440f13cb399989fda72657811baf795f8607dc,2026-09-19T14:41:22.178792+00:00,measured,measured,0.0,0
1163,2a831388ecb889bdecc84b88a6e2a0ab3fc970d94f502e587923e6c4007422b4,1,triviaqa:0057,L1,v1,Qwen/Qwen2.5-1.5B-Instruct,Fact #1 to #5,Industrial Revolution,0,0,0.0,,judge-stub/unwired,123,6,0.2951710090001143,1,0.0,2.8697181430566663e-05,304.4686970042676,9.297688004153315,295.1710090001143,0.0,19e1267e270fb26a4e6da10a2e33f407c4cde82d,7fdc85f695827cd40610ae43ca440f13cb399989fda72657811baf795f8607dc,2026-09-19T14:41:22.724400+00:00,measured,measured,0.0,0
1164,82ae188a925ec0388198c87ad86836d95b4b1806d56295650d73be9ee0940f64,2,triviaqa:0057,L1,v1,Qwen/Qwen2.5-1.5B-Instruct,"Fact #1, #2, #3, #4, and #5 describe that the Industrial Revolution began in Britain in the late 18th century. 

This indicates they are all consistent with the provided passage.",Industrial Revolution,0,0,0.13793103448275862,,judge-stub/unwired,123,45,1.8803254109998306,1,0.0,0.00018280941495831684,1886.3731170031315,6.047706003300846,1880.3254109998306,0.0,19e1267e270fb26a4e6da10a2e33f407c4cde82d,7fdc85f695827cd40610ae43ca440f13cb399989fda72657811baf795f8607dc,2026-09-19T14:41:24.840179+00:00,measured,measured,0.0,0
1165,f65ca286c2bc440d35582b7145d2f6590786f66b9e07ae2c5ad9a9206df533b4,0,triviaqa:0058,L1,v1,Qwen/Qwen2.5-1.5B-Instruct,"DNA carries genetic instructions in a double-helix structure discovered in 1953. Additional detail: DNA is widely documented. 

This refers to passage [1], which repeats this exact information multiple times, emphasizing its widespread documentation. The other passages are identical or nearly so, differing only by their repetition number. Therefore, the correct answer is that it describes passage [1]. 

The phrase ""DNA carries genetic instructions"" and ""a double-helix structure discovered in 1953"" form the core of the factual statement repeated across all five passages. These two elements, along with the additional details provided about DNA's discovery and wide documentation, constitute the essence of what is being conveyed in these statements. Thus, when asked for the DNA fact described specifically in question format, option [1] accurately captures this description.",DNA,0,0,0.016666666666666666,,judge-stub/unwired,117,166,7.558385384999383,1,0.0,0.0007348430235416067,7569.515762002084,11.130377002700698,7558.385384999383,0.0,19e1267e270fb26a4e6da10a2e33f407c4cde82d,7fdc85f695827cd40610ae43ca440f13cb399989fda72657811baf795f8607dc,2026-09-19T14:41:32.660759+00:00,measured,measured,0.0,0
1166,4fbfa65499bcf81da9d5ecaa582c33bf71779e6bea2dc85ea192df71f730d8eb,1,triviaqa:0058,L1,v1,Qwen/Qwen2.5-1.5B-Instruct,DNA carries genetic instructions in a double-helix structure discovered in 1953.,DNA,0,0,0.16666666666666669,,judge-stub/unwired,117,18,0.7930648860001384,1,0.0,7.710353058334679e-05,798.5680169967964,5.503130996658001,793.0648860001384,0.0,19e1267e270fb26a4e6da10a2e33f407c4cde82d,7fdc85f695827cd40610ae43ca440f13cb399989fda72657811baf795f8607dc,2026-09-19T14:41:33.728568+00:00,measured,measured,0.0,0
1167,2ec2b263870dcf16c55eef0469c9f3bff2785c2778e7f21a54115657fa025a78,2,triviaqa:0058,L1,v1,Qwen/Qwen2.5-1.5B-Instruct,DNA carries genetic instructions in a double-helix structure discovered in 1953. Answer: DNA carries genetic instructions in a double-helix structure discovered in 1953.,DNA,0,0,0.08333333333333333,,judge-stub/unwired,117,38,1.6021811470000102,1,0.0,0.0001557676115138899,1607.1257239982515,4.944576998241246,1602.1811470000102,0.0,19e1267e270fb26a4e6da10a2e33f407c4cde82d,7fdc85f695827cd40610ae43ca440f13cb399989fda72657811baf795f8607dc,2026-09-19T14:41:35.651893+00:00,measured,measured,0.0,0
1168,b3009e9a3e133ddc44e1f2a76f17ad27ab680bbb4ea922a0db8dcddb69dcd733,0,triviaqa:0059,L1,v1,Qwen/Qwen2.5-1.5B-Instruct,Fact (1),Eiffel Tower,0,0,0.0,,judge-stub/unwired,135,4,0.20931269900029292,1,0.0,2.034984573613959e-05,218.5180699962075,9.205370995914564,209.31269900029292,0.0,19e1267e270fb26a4e6da10a2e33f407c4cde82d,7fdc85f695827cd40610ae43ca440f13cb399989fda72657811baf795f8607dc,2026-09-19T14:41:36.138445+00:00,measured,measured,0.0,0
1169,041caf8144260c7b4ea82ffbd23ed715e4d14d5aa67b5b8246efbda02231590b,1,triviaqa:0059,L1,v1,Qwen/Qwen2.5-1.5B-Instruct,"Fact 1

This is because it is the first occurrence of describing the completion date and purpose of the Eiffel Tower, which matches exactly with the given statement ""The Eiffel Tower in Paris was completed in 1889 for the World's Fair.""",Eiffel Tower,0,0,0.10526315789473684,,judge-stub/unwired,135,55,2.2550340210000286,1,0.0,0.0002192394187083361,2259.9287730045035,4.894752004474867,2255.0340210000286,0.0,19e1267e270fb26a4e6da10a2e33f407c4cde82d,7fdc85f695827cd40610ae43ca440f13cb399989fda72657811baf795f8607dc,2026-09-19T14:41:38.627798+00:00,measured,measured,0.0,0
1170,57be31332c535e40b77a19497cbb42e9d6685f478c36913aa3535791dedc7d40,2,triviaqa:0059,L1,v1,Qwen/Qwen2.5-1.5B-Instruct,"Fact #1, #2, #3, #4, and #5 describe that the Eiffel Tower in Paris was completed in 1889 for the World's Fair. 

This is because all of these facts provide additional information about the completion date and purpose of the Eiffel Tower, which matches the specific details given in the question. No other fact directly addresses this information. Therefore, we can conclude that all five facts align with the provided description. However, since questions often ask for a single answer, we might interpret ""which"" to mean one specific instance out of multiple possibilities or focus on clarity. Thus, if we were asked for the most concise way to express this, we could say:

The Eiffel Tower in Paris was completed in 1889 for the World's Fair according to Facts #1 through #5. 

Given the context of the question asking specifically for the number of matching facts, the correct response would be:

All five facts (1-5) are described as ""The Eiffel Tower in Paris was completed in 1889 for the World's Fair."" This is because each of them provides the same specific information about when and why the Eiffel Tower was constructed. 

However,",Eiffel Tower,0,0,0.0223463687150838,,judge-stub/unwired,135,256,10.868429366999408,1,0.0,0.0010566528551249424,10874.648499002433,6.219132003025152,10868.429366999408,0.0,19e1267e270fb26a4e6da10a2e33f407c4cde82d,7fdc85f695827cd40610ae43ca440f13cb399989fda72657811baf795f8607dc,2026-09-19T14:41:49.770274+00:00,measured,measured,0.0,0
1171,7b7923e67d3a2bcfcca46ec7c5615b81ff727c7e57b806d79326812cfb6e8178,0,triviaqa:0060,L1,v1,Qwen/Qwen2.5-1.5B-Instruct,"Fact 1

This question asks for a concise summary of which statement describes Marie Curie's achievements in winning Nobel Prizes. The passage provides five identical sentences, each stating that Marie Curie received two Nobel Prizes: one in Physics and one in Chemistry, both awarded in 1903 and 1911 respectively. Therefore, all five facts describe the same achievement by Marie Curie. Hence, there is no specific difference between any of these statements regarding her Nobel Prize-winning record. Thus, the correct concise answer to this multiple-choice format question is ""Fact 1"" since it refers to the first sentence provided in the list. However, due to repetition, we can also consider any other sentence from the set as equally valid answers given their identical content. Yet, the instruction specifically asks for a single answer, hence ""Fact 1"" remains the most appropriate choice among those listed.",Marie Curie,0,0,0.029197080291970802,,judge-stub/unwired,123,183,8.091130163999878,1,0.0,0.0007866376548333214,8100.925726997048,9.795562997169327,8091.130163999878,0.0,19e1267e270fb26a4e6da10a2e33f407c4cde82d,7fdc85f695827cd40610ae43ca440f13cb399989fda72657811baf795f8607dc,2026-09-19T14:41:58.131402+00:00,measured,measured,0.0,0
1172,3d261ac8c626375214c536b2e7401084de1c2a5a995883233712af340b56dde8,1,triviaqa:0060,L1,v1,Qwen/Qwen2.5-1.5B-Instruct,"Fact 1, 2, 3, 4, or 5. Any of these can be used as they all describe this same information about Marie Curie winning Nobel Prizes in both Physics and Chemistry in 1903 and 1911 respectively. The additional details provided are consistent across all facts but do not change the core information being described. Therefore, any one of these five statements could be considered correct for describing the given fact about Marie Curie's Nobel Prize wins.",Marie Curie,0,0,0.052631578947368425,,judge-stub/unwired,123,102,4.112208194000232,1,0.0,0.0003997980188611336,4118.370735998724,6.162541998492088,4112.208194000232,0.0,19e1267e270fb26a4e6da10a2e33f407c4cde82d,7fdc85f695827cd40610ae43ca440f13cb399989fda72657811baf795f8607dc,2026-09-19T14:42:02.526921+00:00,measured,measured,0.0,0
1173,95a548d53e70729cfc95d4a260a034edcbaa8bbef85d619c20faf96d168086c0,2,triviaqa:0060,L1,v1,Qwen/Qwen2.5-1.5B-Instruct,Fact 1,Marie Curie,0,0,0.0,,judge-stub/unwired,123,3,0.17073448799965263,1,0.0,1.659918633329956e-05,177.39949300630542,6.665005006652791,170.73448799965263,0.0,19e1267e270fb26a4e6da10a2e33f407c4cde82d,7fdc85f695827cd40610ae43ca440f13cb399989fda72657811baf795f8607dc,2026-09-19T14:42:02.952380+00:00,measured,measured,0.0,0
1174,49b3dd43f57f273e6c4169d144a529817aaf1b8fa543ce61195f09e347f43647,0,triviaqa:0061,L1,v1,Qwen/Qwen2.5-1.5B-Instruct,"Fact #1 and Fact #2 are described as ""The Renaissance was a period of cultural rebirth in Europe from the 14th to 17th century."" These facts provide additional details about the Renaissance, such as its duration (from the 14th to 17th centuries) and that it was culturally significant. [1][2]",Renaissance,0,0,0.04347826086956522,,judge-stub/unwired,147,74,3.3860298850004256,1,0.0,0.0003291973499305969,3395.971258006284,9.941373005858622,3386.0298850004256,0.0,19e1267e270fb26a4e6da10a2e33f407c4cde82d,7fdc85f695827cd40610ae43ca440f13cb399989fda72657811baf795f8607dc,2026-09-19T14:42:06.602606+00:00,measured,measured,0.0,0
1175,2a6123fae304657924742e6ffc6c8408c3cdc63cefa65c430223c1c8599caae8,1,triviaqa:0061,L1,v1,Qwen/Qwen2.5-1.5B-Instruct,"[1], [2], [3], [4], [5] are all descriptions of the Renaissance being a period of cultural rebirth in Europe from the 14th to 17th century, and thus can be considered correct based on the provided passage. However, only one specific description can be directly attributed to a single source without additional context or information. In this case, we would typically choose any one of these options for a direct match since they all describe the same event. 

If forced to pick one, I'd go with:

The Renaissance was a period of cultural rebirth in Europe from the 14th to 17th century.

This selection assumes that there's no explicit differentiation between the various statements about the Renaissance across different sources. If multiple distinct facts were meant to be distinguished, more specific details might be needed to make an accurate choice. But given the information provided, it seems most fitting to select the first option listed as it succinctly captures the essence of what the text describes regarding the Renaissance.",Renaissance,0,0,0.013071895424836602,,judge-stub/unwired,147,210,8.63636144800057,1,0.0,0.0008396462518889444,8641.953011000624,5.591563000052702,8636.36144800057,0.0,19e1267e270fb26a4e6da10a2e33f407c4cde82d,7fdc85f695827cd40610ae43ca440f13cb399989fda72657811baf795f8607dc,2026-09-19T14:42:15.521807+00:00,measured,measured,0.0,0
1176,85ccbb807bed84ef86f8b2b3e524578feb9c77c01400dfd5eac964ee4b7faf38,2,triviaqa:0061,L1,v1,Qwen/Qwen2.5-1.5B-Instruct,"Fact 1, 2, 3, 4, and 5 all describe the Renaissance as being a period of cultural rebirth in Europe from the 14th to 17th century. 

The specific description provided does not differentiate among these facts. Thus, they can be collectively referred to as ""Fact"" descriptions for this question. 

Therefore, the correct response would encompass all five options since they are all identical in their description. However, if you need to choose one specifically, any one of them could be selected as an example. For instance:

Answer: Facts 1, 2, 3, 4, or 5 describe the Renaissance as a period of cultural rebirth in Europe from the 14th to 17th century.",Renaissance,0,0,0.01941747572815534,,judge-stub/unwired,147,159,7.047452212999815,1,0.0,0.0006851689651527598,7057.72056400474,10.268351004924625,7047.452212999815,0.0,19e1267e270fb26a4e6da10a2e33f407c4cde82d,7fdc85f695827cd40610ae43ca440f13cb399989fda72657811baf795f8607dc,2026-09-19T14:42:22.939849+00:00,measured,measured,0.0,0
1177,b719782605a5f36793178de51b76ec03b0021615f88759715081b1f2264af2a3,0,triviaqa:0062,L1,v1,Qwen/Qwen2.5-1.5B-Instruct,All of them describe that neural networks learn representations through layered weighted connections.,neural networks,0,0,0.2666666666666667,,judge-stub/unwired,105,14,0.6110511039996709,1,0.0,5.940774622219022e-05,620.2310249982474,9.179920998576563,611.0511039996709,0.0,19e1267e270fb26a4e6da10a2e33f407c4cde82d,7fdc85f695827cd40610ae43ca440f13cb399989fda72657811baf795f8607dc,2026-09-19T14:42:23.823975+00:00,measured,measured,0.0,0
1178,da70f9578ada789cf7aacb07419c39fd0a4ed46980346df190714fadf31e7d14,1,triviaqa:0062,L1,v1,Qwen/Qwen2.5-1.5B-Instruct,All of these statements describe that neural networks learn representations through layered weighted connections.,neural networks,0,0,0.25,,judge-stub/unwired,105,15,0.6712529529995663,1,0.0,6.526070376384673e-05,677.5583979997464,6.305445000180043,671.2529529995663,0.0,19e1267e270fb26a4e6da10a2e33f407c4cde82d,7fdc85f695827cd40610ae43ca440f13cb399989fda72657811baf795f8607dc,2026-09-19T14:42:24.737755+00:00,measured,measured,0.0,0
1179,7cce4279002a7fefca7da6fcb008b40090fc0637a7f358176d1056e5cb3b2fd1,2,triviaqa:0062,L1,v1,Qwen/Qwen2.5-1.5B-Instruct,"All of these sentences describe that neural networks learn representations through layered weighted connections. 

The repetition in question 4 does not change this fact, and all other sentences are identical to each other and to sentence one. Therefore, it can be concluded that all five sentences convey the same information about how neural networks learn representations via layers and weights.",neural networks,0,0,0.06666666666666667,,judge-stub/unwired,105,67,2.741138288000002,1,0.0,0.0002664995557777779,2745.9311569964484,4.792868996446487,2741.138288000002,0.0,19e1267e270fb26a4e6da10a2e33f407c4cde82d,7fdc85f695827cd40610ae43ca440f13cb399989fda72657811baf795f8607dc,2026-09-19T14:42:27.764319+00:00,measured,measured,0.0,0
1180,6746a0c26e8f19f775978ae4493c77367bc132de7fe15d13833fbc78767ed397,0,triviaqa:0063,L1,v1,Qwen/Qwen2.5-1.5B-Instruct,"Fact 1, 2, 3, 4, or 5 describes that the Eiffel Tower in Paris was completed in 1889 for the World's Fair. 

The question asks which of the given facts states that the Eiffel Tower in Paris was completed in 1889 for the World's Fair, and all five facts (Fact 1 to Fact 5) describe this information about the Eiffel Tower being built for the World's Fair in 1889. Therefore, any one of these facts could be considered correct based on the provided passage. Since no additional context or criteria are specified to distinguish between them, we can choose any one of them as a valid answer among the options presented. However, if I must pick only one option from the choices given, then ""Fact 1"" would be an appropriate choice since it is listed first. Yet, without loss of generality, I'll use the phrase ""any one of the facts,"" acknowledging that they all provide identical information. Thus, my final concise answer remains:

Answer: Any one of the facts. 

This approach allows me to adhere to the requirement of providing a single, unambiguous response while acknowledging the full set of matching facts.",Eiffel Tower,0,0,0.0223463687150838,,judge-stub/unwired,135,255,10.93050873500033,1,0.0,0.001062688349236143,10936.403125997458,5.89439099712763,10930.50873500033,0.0,19e1267e270fb26a4e6da10a2e33f407c4cde82d,7fdc85f695827cd40610ae43ca440f13cb399989fda72657811baf795f8607dc,2026-09-19T14:42:39.072935+00:00,measured,measured,0.0,0
1181,eed04771111b0d2919028d598dd7dcbed67dec84cc7b1f9962bb5c4af6a09879,1,triviaqa:0063,L1,v1,Qwen/Qwen2.5-1.5B-Instruct,"Fact #1

Explanation: All facts provided are identical, so any one of them can be considered correct based on the given information. Since no additional details were specified to differentiate between them, we can select any one of these facts as the answer. For example, ""Fact #1"" would be a valid choice.",Eiffel Tower,0,0,0.0,,judge-stub/unwired,135,64,2.5826872319994436,1,0.0,0.0002510945919999459,2593.260634002945,10.573402003501542,2582.6872319994436,0.0,19e1267e270fb26a4e6da10a2e33f407c4cde82d,7fdc85f695827cd40610ae43ca440f13cb399989fda72657811baf795f8607dc,2026-09-19T14:42:41.921761+00:00,measured,measured,0.0,0
1182,1dfd22934cb8d56136fa4354673e13c166d2c956538d49a10463328f10df1e6b,2,triviaqa:0063,L1,v1,Qwen/Qwen2.5-1.5B-Instruct,Fact #1 - The Eiffel Tower in Paris was completed in 1889 for the World's Fair.,Eiffel Tower,0,0,0.25,,judge-stub/unwired,135,25,1.1357938080000167,1,0.0,0.00011042439800000162,1144.31656799934,8.52275999932317,1135.7938080000167,0.0,19e1267e270fb26a4e6da10a2e33f407c4cde82d,7fdc85f695827cd40610ae43ca440f13cb399989fda72657811baf795f8607dc,2026-09-19T14:42:43.338830+00:00,measured,measured,0.0,0
1183,a4a18057adb3395515c91cc955ab30e63b3f2cdafcadd399214a9cd5a3033d2f,0,triviaqa:0064,L1,v1,Qwen/Qwen2.5-1.5B-Instruct,"The Great Wall of China

This passage provides a clear and concise description that matches all five statements provided, associating it with the Great Wall of China. The question asks for the name of the Great Wall associated with this description, so the correct response is ""The Great Wall of China."" [5]",Great Wall of China,0,0,0.16666666666666669,,judge-stub/unwired,142,61,2.993751142000292,1,0.0,0.0002910591388055839,3006.219379000868,12.468237000575755,2993.751142000292,0.0,19e1267e270fb26a4e6da10a2e33f407c4cde82d,7fdc85f695827cd40610ae43ca440f13cb399989fda72657811baf795f8607dc,2026-09-19T14:42:46.595820+00:00,measured,measured,0.0,0
1184,d308140493d2ab216c95b24024d81aba0398172c7917d92506f4cb88a5fc44ce,1,triviaqa:0064,L1,v1,Qwen/Qwen2.5-1.5B-Instruct,"Great Wall of China

This passage describes the Great Wall of China, which spans approximately 21,000 kilometers from west to east in northern China and has been extensively documented. Each numbered sentence confirms that the Great Wall of China is described here. 

The question asks for a concise name corresponding to the detailed information provided about the Great Wall of China's length and location. Therefore, the appropriate response is ""Great Wall of China."" This term encompasses all details mentioned without repetition or omission.",Great Wall of China,0,0,0.09756097560975609,,judge-stub/unwired,142,100,3.960536171000058,1,0.0,0.00038505212773611675,3966.019542001959,5.483371001901105,3960.536171000058,0.0,19e1267e270fb26a4e6da10a2e33f407c4cde82d,7fdc85f695827cd40610ae43ca440f13cb399989fda72657811baf795f8607dc,2026-09-19T14:42:50.811140+00:00,measured,measured,0.0,0
1185,15716416947086f23a41f25e5ca9952b3009c577d30181f78d9cdbf25fb4b0cb,2,triviaqa:0064,L1,v1,Qwen/Qwen2.5-1.5B-Instruct,The Great Wall of China,Great Wall of China,0,1,1.0,,judge-stub/unwired,142,5,0.24481060399921262,1,0.0,2.3801030944367892e-05,251.89682700511185,7.086223005899228,244.81060399921262,0.0,19e1267e270fb26a4e6da10a2e33f407c4cde82d,7fdc85f695827cd40610ae43ca440f13cb399989fda72657811baf795f8607dc,2026-09-19T14:42:51.289953+00:00,measured,measured,0.0,0
1186,3b6b3bd44f4ae4daadf3d1cfb95581bf89306c357812757d9d134f55eb257e31,0,triviaqa:0065,L1,v1,Qwen/Qwen2.5-1.5B-Instruct,"[1], [2], [3], [4], [5]

These passages all describe the Pacific Ocean as being both the largest and the deepest ocean basin on Earth, which aligns with the provided fact statement. Each passage explicitly mentions this characteristic of the Pacific Ocean.",Pacific Ocean,0,0,0.10526315789473684,,judge-stub/unwired,129,55,2.2391724569997677,1,0.0,0.00021769732220831075,2245.039659998838,5.867202999070287,2239.1724569997677,0.0,19e1267e270fb26a4e6da10a2e33f407c4cde82d,7fdc85f695827cd40610ae43ca440f13cb399989fda72657811baf795f8607dc,2026-09-19T14:42:53.760503+00:00,measured,measured,0.0,0
1187,97d16e1727599fb6fd54eada09f3bbc1c51a542ecad4be229801b94877f95a99,1,triviaqa:0065,L1,v1,Qwen/Qwen2.5-1.5B-Instruct,"Fact 1, Fact 2, Fact 3, Fact 4, or Fact 5? All of them are correct as they all describe the Pacific Ocean as being the largest and deepest ocean basin on Earth. However, if you're looking for a single fact that directly states this description, then any of these facts would be appropriate to choose from. For simplicity, I'll use Fact 1 here:

Fact 1",Pacific Ocean,0,0,0.059701492537313446,,judge-stub/unwired,129,86,4.112288999000157,1,0.0,0.000399805874902793,4121.7609380037175,9.471939003560692,4112.288999000157,0.0,19e1267e270fb26a4e6da10a2e33f407c4cde82d,7fdc85f695827cd40610ae43ca440f13cb399989fda72657811baf795f8607dc,2026-09-19T14:42:58.180440+00:00,measured,measured,0.0,0
1188,4052a1b7b1f24500e6439c39c50c0e14a27e9280d9727e0a20c2b95c496e11a2,2,triviaqa:0065,L1,v1,Qwen/Qwen2.5-1.5B-Instruct,"[1], [2], [3], [4], [5]",Pacific Ocean,0,0,0.0,,judge-stub/unwired,129,15,0.654395470000054,1,0.0,6.362178180556081e-05,660.1429729971642,5.747502997110132,654.395470000054,0.0,19e1267e270fb26a4e6da10a2e33f407c4cde82d,7fdc85f695827cd40610ae43ca440f13cb399989fda72657811baf795f8607dc,2026-09-19T14:42:59.147696+00:00,measured,measured,0.0,0
1189,563cfef42e1751fd1b9732043d3c6e31783380eb35fcb38f592dfadf8993b8da,0,triviaqa:0066,L1,v1,Qwen/Qwen2.5-1.5B-Instruct,"Great Wall of China

The Great Wall of China spans over 21,000 kilometers in length and runs through northern China. This iconic structure is extensively documented and recognized worldwide for its historical significance and architectural prowess. [1], [2], [3], [4], and [5] all describe it as such. 

Explanation: These descriptions are consistent and provide a clear reference to the Great Wall of China by mentioning its length (over 21,000 km) and location (across northern China). They also indicate that it is well-documented, which is often noted when discussing major historical structures or natural wonders. Therefore, these references collectively confirm the identity of the subject being described. [1], [2], [3], [4], and [5] are essentially redundant due to their identical content but serve the same purpose. Each passage provides an accurate depiction of the Great Wall of China's dimensions and geographical extent. [1] mentions additional details like ""widely documented,"" but it does not change the core information about the wall's length and location. Hence, any one of these sentences could be considered correct without losing clarity or specificity. [1] stands out slightly because it uses ""additional"" before ""documented,"" emphasizing",Great Wall of China,0,0,0.0427807486631016,,judge-stub/unwired,142,256,10.46457913500035,1,0.0,0.0010173896381250338,10473.916446996554,9.337311996205244,10464.57913500035,0.0,19e1267e270fb26a4e6da10a2e33f407c4cde82d,7fdc85f695827cd40610ae43ca440f13cb399989fda72657811baf795f8607dc,2026-09-19T14:43:09.873968+00:00,measured,measured,0.0,0
1190,eb8a8242eaeb40f4825e6cce26d0220b83bc4fce4bb6346aae92a1aec436ba0d,1,triviaqa:0066,L1,v1,Qwen/Qwen2.5-1.5B-Instruct,"Great Wall of China

The passage provides multiple descriptions that all refer to the same great wall in China, emphasizing its extensive length and geographical location. Therefore, it's clear that ""Great Wall of China"" is the correct name associated with this description. [4] stands out as a direct repetition of these details without any additional information or context that would change the meaning. Thus, ""Great Wall of China"" is the concise response based on the given text. [1], [2], [3], [5] are essentially redundant since they all provide identical information about the Great Wall of China.",Great Wall of China,0,0,0.08602150537634408,,judge-stub/unwired,142,120,4.934199186000114,1,0.0,0.0004797138097500111,4940.823461003674,6.624275003559887,4934.199186000114,0.0,19e1267e270fb26a4e6da10a2e33f407c4cde82d,7fdc85f695827cd40610ae43ca440f13cb399989fda72657811baf795f8607dc,2026-09-19T14:43:15.096041+00:00,measured,measured,0.0,0
1191,7109c1a7e1fc789a647c73bc4a4e3d657eb760511623452aeb32d8426f045e17,2,triviaqa:0066,L1,v1,Qwen/Qwen2.5-1.5B-Instruct,The Great Wall of China,Great Wall of China,0,1,1.0,,judge-stub/unwired,142,5,0.26250180400074896,1,0.0,2.5521008722295037e-05,267.5093259995265,5.00752199877752,262.50180400074896,0.0,19e1267e270fb26a4e6da10a2e33f407c4cde82d,7fdc85f695827cd40610ae43ca440f13cb399989fda72657811baf795f8607dc,2026-09-19T14:43:15.608139+00:00,measured,measured,0.0,0
1192,b3b068301b293ffd379e83bf47d30ad0b22a71f9e0c948f7aff7ac4466020489,0,triviaqa:0067,L1,v1,Qwen/Qwen2.5-1.5B-Instruct,Neural networks are described in all five passages.,neural networks,0,0,0.4,,judge-stub/unwired,106,9,0.40248470999995334,1,0.0,3.913045791666213e-05,412.7942749973954,10.309564997442067,402.48470999995334,0.0,19e1267e270fb26a4e6da10a2e33f407c4cde82d,7fdc85f695827cd40610ae43ca440f13cb399989fda72657811baf795f8607dc,2026-09-19T14:43:16.263090+00:00,measured,measured,0.0,0
1193,65d24af27a68fd9aa54b052e20b55c22d448793562ea9754b4b6d567274de277,1,triviaqa:0067,L1,v1,Qwen/Qwen2.5-1.5B-Instruct,"Neural networks are a type of machine learning model that learns from data by adjusting weights in layers to minimize error, as described in the passage. These models have been extensively studied and used across various applications due to their ability to process complex information. The term ""neural"" refers to the biological inspiration behind these artificial intelligence systems, which attempt to mimic the structure and function of the human brain's neurons. [Source: Wikipedia article on neural network]

This question requires students to identify the key components of neural networks, such as the learning process, the use of layers, and the role of weighted connections. The correct response should accurately capture these elements while also providing context about the historical development and practical applications of neural networks.",neural networks,0,0,0.03418803418803419,,judge-stub/unwired,106,143,6.1980322130002605,1,0.0,0.0006025864651528031,6203.368104997935,5.33589199767448,6198.0322130002605,0.0,19e1267e270fb26a4e6da10a2e33f407c4cde82d,7fdc85f695827cd40610ae43ca440f13cb399989fda72657811baf795f8607dc,2026-09-19T14:43:22.708712+00:00,measured,measured,0.0,0
1194,cb1773023edca34a9bf4ed502a52ece9d25ed977c0f8735057b33b2e312a5a89,2,triviaqa:0067,L1,v1,Qwen/Qwen2.5-1.5B-Instruct,Neural networks are widely documented for learning representations through layered weighted connections.,neural networks,0,0,0.2857142857142857,,judge-stub/unwired,106,13,0.6828748860007181,1,0.0,6.639061391673648e-05,687.7713529993343,4.8964669986162335,682.8748860007181,0.0,19e1267e270fb26a4e6da10a2e33f407c4cde82d,7fdc85f695827cd40610ae43ca440f13cb399989fda72657811baf795f8607dc,2026-09-19T14:43:23.701374+00:00,measured,measured,0.0,0
1195,103ca15f03d8bacd180517c38e015bd0e36ae77238e30f763aa57b1499889eb3,0,triviaqa:0068,L1,v1,Qwen/Qwen2.5-1.5B-Instruct,The Roman Empire,Roman Empire,0,1,1.0,,judge-stub/unwired,130,3,0.16448170700004994,1,0.0,1.59912770694493e-05,174.265568998635,9.783861998585053,164.48170700004994,0.0,19e1267e270fb26a4e6da10a2e33f407c4cde82d,7fdc85f695827cd40610ae43ca440f13cb399989fda72657811baf795f8607dc,2026-09-19T14:43:24.128893+00:00,measured,measured,0.0,0
1196,d7409c9060087b6ce03a83ac3e9810a18c976ffd51d98c2f7a02482cf7e47f99,1,triviaqa:0068,L1,v1,Qwen/Qwen2.5-1.5B-Instruct,The Roman Empire,Roman Empire,0,1,1.0,,judge-stub/unwired,130,3,0.17399377699985052,1,0.0,1.6916061652763246e-05,186.55545900037396,12.561682000523433,173.99377699985052,0.0,19e1267e270fb26a4e6da10a2e33f407c4cde82d,7fdc85f695827cd40610ae43ca440f13cb399989fda72657811baf795f8607dc,2026-09-19T14:43:24.600789+00:00,measured,measured,0.0,0
1197,becfb8b29cf4e848f1ac03f3270f576e162dc44a100688dc6e5fe321aca7230a,2,triviaqa:0068,L1,v1,Qwen/Qwen2.5-1.5B-Instruct,The Roman Empire,Roman Empire,0,1,1.0,,judge-stub/unwired,130,3,0.18129531900012807,1,0.0,1.7625933791679118e-05,188.04678900596627,6.7514700058382004,181.29531900012807,0.0,19e1267e270fb26a4e6da10a2e33f407c4cde82d,7fdc85f695827cd40610ae43ca440f13cb399989fda72657811baf795f8607dc,2026-09-19T14:43:25.043401+00:00,measured,measured,0.0,0
1198,77a3e6317823d78fd6583f87ddc1fe18f372a9c9469222912a2ab30ddfd954ad,0,triviaqa:0069,L1,v1,Qwen/Qwen2.5-1.5B-Instruct,"The Eiffel Tower, which was completed in 1889 for the World's Fair and is widely documented. 

Note: In a real scenario, there would be multiple options given, but only one correct answer can be provided here due to the limited choices available. For more comprehensive information or additional details about the Eiffel Tower, you might want to consult historical records or reliable travel guides.",Eiffel Tower,0,0,0.06451612903225806,,judge-stub/unwired,136,82,3.3124139539995667,1,0.0,0.0003220402455277357,3319.014270002299,6.600316002732143,3312.4139539995667,0.0,19e1267e270fb26a4e6da10a2e33f407c4cde82d,7fdc85f695827cd40610ae43ca440f13cb399989fda72657811baf795f8607dc,2026-09-19T14:43:28.664031+00:00,measured,measured,0.0,0
1199,51838e74b947b20a2ddd03546cd2244c62229e27377f9d7d0a50d8c39b8c4de1,1,triviaqa:0069,L1,v1,Qwen/Qwen2.5-1.5B-Instruct,"The Eiffel Tower, as described, was completed in 1889 for the World's Fair and is widely documented. 

This question asks about a specific piece of information provided in the passage that matches the given description. In the context of the five identical sentences (1-5), all mention the same details about the Eiffel Tower being built for the World's Fair in 1889 and its wide documentation. Thus, any one of these sentences can be considered an answer to this particular query. For conciseness, I've chosen sentence [1], but all could equally serve as an answer.",Eiffel Tower,0,0,0.04545454545454545,,judge-stub/unwired,136,127,5.302304873000139,1,0.0,0.0005155018626527913,5312.580505004917,10.275632004777435,5302.304873000139,0.0,19e1267e270fb26a4e6da10a2e33f407c4cde82d,7fdc85f695827cd40610ae43ca440f13cb399989fda72657811baf795f8607dc,2026-09-19T14:43:34.315725+00:00,measured,measured,0.0,0
1200,28b97424a66356a99892aeebc83bb0d5d69b66d5fb6e7cefcf4d1ce23c2abbdf,2,triviaqa:0069,L1,v1,Qwen/Qwen2.5-1.5B-Instruct,"Eiffel Tower

This question asks to identify a specific landmark based on its completion date, location, and purpose (World's Fair). In all five passages provided, there is a clear mention of ""The Eiffel Tower"" being constructed in 1889 for the World's Fair in Paris. Therefore, the correct answer is ""Eiffel Tower."" This name is consistently used throughout the given text without any variation or additional context that would alter it. Thus, it serves as the unambiguous subject referred to by the description. 

Note: While all five statements are identical in content and provide no distinguishing information beyond the basic facts about the Eiffel Tower, they serve to emphasize that the tower was indeed built in 1889 for the World's Fair. If only one statement were provided instead, it could be interpreted ambiguously; however, here, all five confirm the same identity. The repetition ensures clarity regarding which historical structure is being discussed. [1-5] refer to the exact wording from each passage respectively. [6] refers to the title of an article discussing these points collectively but does not represent a separate piece of information about the Eiffel Tower itself. 

In conclusion, despite variations in capitalization and punctuation, the",Eiffel Tower,0,0,0.02197802197802198,,judge-stub/unwired,136,256,10.54847098999926,1,0.0,0.0010255457906943723,10553.653552999094,5.182562999834772,10548.47098999926,0.0,19e1267e270fb26a4e6da10a2e33f407c4cde82d,7fdc85f695827cd40610ae43ca440f13cb399989fda72657811baf795f8607dc,2026-09-19T14:43:45.174902+00:00,measured,measured,0.0,0
